ISO-10303-21;
HEADER;
FILE_DESCRIPTION (( 'STEP AP214' ),
    '1' );
FILE_NAME ('DQY8.STEP',
    '2024-01-16T12:26:45',
    ( '' ),
    ( '' ),
    'SwSTEP 2.0',
    'SolidWorks 2021',
    '' );
FILE_SCHEMA (( 'AUTOMOTIVE_DESIGN' ));
ENDSEC;

DATA;
#1 = PLANE ( 'NONE',  #1383 ) ;
#2 = FACE_OUTER_BOUND ( 'NONE', #1598, .T. ) ;
#3 = CARTESIAN_POINT ( 'NONE',  ( 2.389999999999997016, 0.05000000000000000278, 1.270000000000006013 ) ) ;
#4 = EDGE_CURVE ( 'NONE', #4119, #3995, #2296, .T. ) ;
#5 = EDGE_CURVE ( 'NONE', #335, #3021, #2009, .T. ) ;
#6 =( LENGTH_UNIT ( ) NAMED_UNIT ( * ) SI_UNIT ( .MILLI., .METRE. ) );
#7 = VECTOR ( 'NONE', #510, 1000.000000000000000 ) ;
#8 = ORIENTED_EDGE ( 'NONE', *, *, #1812, .T. ) ;
#9 = VERTEX_POINT ( 'NONE', #3210 ) ;
#10 = ORIENTED_EDGE ( 'NONE', *, *, #3411, .T. ) ;
#11 = LINE ( 'NONE', #1558, #2948 ) ;
#12 = DIRECTION ( 'NONE',  ( -1.000000000000000000, 0.000000000000000000, -3.491481338843133355E-15 ) ) ;
#13 = EDGE_LOOP ( 'NONE', ( #755, #1072, #1872, #3434 ) ) ;
#14 = VECTOR ( 'NONE', #2640, 1000.000000000000000 ) ;
#15 = CARTESIAN_POINT ( 'NONE',  ( -1.812552768751589094E-15, 0.05000000000000000971, 0.4299999999999993827 ) ) ;
#16 = VECTOR ( 'NONE', #2611, 1000.000000000000000 ) ;
#17 = VECTOR ( 'NONE', #1873, 1000.000000000000000 ) ;
#18 = ORIENTED_EDGE ( 'NONE', *, *, #2528, .F. ) ;
#19 = VECTOR ( 'NONE', #1502, 1000.000000000000000 ) ;
#20 = ADVANCED_FACE ( 'NONE', ( #1386 ), #3926, .T. ) ;
#21 = ORIENTED_EDGE ( 'NONE', *, *, #3464, .F. ) ;
#22 = CARTESIAN_POINT ( 'NONE',  ( 1.000000000000000000, 0.000000000000000000, -2.159499999999999531 ) ) ;
#23 = LINE ( 'NONE', #2574, #1048 ) ;
#24 = AXIS2_PLACEMENT_3D ( 'NONE', #1082, #2045, #1629 ) ;
#25 = DIRECTION ( 'NONE',  ( -1.322197771323783418E-15, 0.000000000000000000, -1.000000000000000000 ) ) ;
#26 = ORIENTED_EDGE ( 'NONE', *, *, #3110, .T. ) ;
#27 = CARTESIAN_POINT ( 'NONE',  ( -2.362567907003926493, 1.500000000000000000, -2.134330276301198648 ) ) ;
#28 = CARTESIAN_POINT ( 'NONE',  ( -1.250000000000000000, 0.000000000000000000, 2.499999999999989786 ) ) ;
#29 = CIRCLE ( 'NONE', #2903, 0.3084292306793632310 ) ;
#30 = FILL_AREA_STYLE ('',( #689 ) ) ;
#31 = VERTEX_POINT ( 'NONE', #2028 ) ;
#32 = VECTOR ( 'NONE', #1899, 1000.000000000000000 ) ;
#33 = ORIENTED_EDGE ( 'NONE', *, *, #1957, .F. ) ;
#34 = EDGE_CURVE ( 'NONE', #690, #2914, #3291, .T. ) ;
#35 = EDGE_CURVE ( 'NONE', #2281, #1701, #1405, .T. ) ;
#36 = ORIENTED_EDGE ( 'NONE', *, *, #3654, .F. ) ;
#37 = AXIS2_PLACEMENT_3D ( 'NONE', #680, #4143, #1662 ) ;
#38 = DIRECTION ( 'NONE',  ( -1.000000000000000000, 0.000000000000000000, -3.491481338843133750E-15 ) ) ;
#39 = VERTEX_POINT ( 'NONE', #1825 ) ;
#40 = DIRECTION ( 'NONE',  ( 0.000000000000000000, -1.000000000000000000, 0.000000000000000000 ) ) ;
#41 = DIRECTION ( 'NONE',  ( -3.318008991245452646E-15, 0.000000000000000000, 1.000000000000000000 ) ) ;
#42 = ORIENTED_EDGE ( 'NONE', *, *, #1458, .T. ) ;
#43 = CARTESIAN_POINT ( 'NONE',  ( -2.362567907003926493, 1.500000000000000000, -1.825901045621835195 ) ) ;
#44 = LINE ( 'NONE', #2910, #2761 ) ;
#45 = CARTESIAN_POINT ( 'NONE',  ( -2.390000000000015223, 0.9349829930005185696, 2.109999999999991438 ) ) ;
#46 = DIRECTION ( 'NONE',  ( -2.433723121784104254E-15, 0.000000000000000000, 1.000000000000000000 ) ) ;
#47 = CARTESIAN_POINT ( 'NONE',  ( -1.249999999999999778, 0.000000000000000000, 2.159499999999999087 ) ) ;
#48 = CARTESIAN_POINT ( 'NONE',  ( -2.390000000000007230, 0.05000000000000000278, 1.699999999999991518 ) ) ;
#49 = CARTESIAN_POINT ( 'NONE',  ( -3.000000000000007994, 2.001361568396206159E-17, 0.8399999999999891998 ) ) ;
#50 = ADVANCED_FACE ( 'NONE', ( #457 ), #3051, .T. ) ;
#51 = ORIENTED_EDGE ( 'NONE', *, *, #662, .T. ) ;
#52 = ORIENTED_EDGE ( 'NONE', *, *, #945, .T. ) ;
#53 = DIRECTION ( 'NONE',  ( -0.000000000000000000, -1.000000000000000000, -0.000000000000000000 ) ) ;
#54 = EDGE_CURVE ( 'NONE', #1634, #1739, #3067, .T. ) ;
#55 = EDGE_CURVE ( 'NONE', #2530, #1761, #2456, .T. ) ;
#56 = ORIENTED_EDGE ( 'NONE', *, *, #494, .T. ) ;
#57 = LINE ( 'NONE', #3700, #619 ) ;
#58 = LINE ( 'NONE', #378, #1573 ) ;
#59 = FACE_OUTER_BOUND ( 'NONE', #2140, .T. ) ;
#60 = EDGE_CURVE ( 'NONE', #1390, #715, #2132, .T. ) ;
#61 = EDGE_CURVE ( 'NONE', #1950, #637, #2113, .T. ) ;
#62 = CARTESIAN_POINT ( 'NONE',  ( -2.390000000000003233, 0.2000000000000000111, 0.8399999999999915312 ) ) ;
#63 = ORIENTED_EDGE ( 'NONE', *, *, #711, .T. ) ;
#64 = CARTESIAN_POINT ( 'NONE',  ( 2.390000000000002345, 0.2000000000000000111, -0.8399999999999924194 ) ) ;
#65 = DIRECTION ( 'NONE',  ( -1.000000000000000000, 0.000000000000000000, -2.780529094590343750E-15 ) ) ;
#66 = CARTESIAN_POINT ( 'NONE',  ( -1.278000000000000469, 0.000000000000000000, -2.159499999999999975 ) ) ;
#67 = FACE_OUTER_BOUND ( 'NONE', #2377, .T. ) ;
#68 = LINE ( 'NONE', #3583, #1029 ) ;
#69 = CARTESIAN_POINT ( 'NONE',  ( -2.362567907003926493, 1.600000000000000089, -1.825901045621835195 ) ) ;
#70 = PRODUCT_CONTEXT ( 'NONE', #229, 'mechanical' ) ;
#71 = ORIENTED_EDGE ( 'NONE', *, *, #3403, .T. ) ;
#72 = ORIENTED_EDGE ( 'NONE', *, *, #683, .T. ) ;
#73 = ORIENTED_EDGE ( 'NONE', *, *, #1016, .F. ) ;
#74 = EDGE_CURVE ( 'NONE', #2095, #2458, #1491, .T. ) ;
#75 = CARTESIAN_POINT ( 'NONE',  ( 2.390000000000006342, 0.1999999999999999833, -1.699999999999992850 ) ) ;
#76 = ORIENTED_EDGE ( 'NONE', *, *, #993, .F. ) ;
#77 = VECTOR ( 'NONE', #2393, 1000.000000000000000 ) ;
#78 = CARTESIAN_POINT ( 'NONE',  ( -2.362567907003926493, 1.600000000000000089, -2.134330276301198648 ) ) ;
#79 = VECTOR ( 'NONE', #1668, 1000.000000000000000 ) ;
#80 = ORIENTED_EDGE ( 'NONE', *, *, #3662, .T. ) ;
#81 = CARTESIAN_POINT ( 'NONE',  ( -1.577999999999999625, 0.1999999999999996503, 2.159500000000000419 ) ) ;
#82 = VECTOR ( 'NONE', #3603, 1000.000000000000000 ) ;
#83 = ADVANCED_FACE ( 'NONE', ( #2677 ), #777, .F. ) ;
#84 = VECTOR ( 'NONE', #3178, 1000.000000000000000 ) ;
#85 = EDGE_CURVE ( 'NONE', #3438, #694, #2752, .T. ) ;
#86 = FACE_OUTER_BOUND ( 'NONE', #3288, .T. ) ;
#87 = PLANE ( 'NONE',  #2115 ) ;
#88 = AXIS2_PLACEMENT_3D ( 'NONE', #615, #2507, #4124 ) ;
#89 = FACE_OUTER_BOUND ( 'NONE', #3904, .T. ) ;
#90 = ORIENTED_EDGE ( 'NONE', *, *, #956, .T. ) ;
#91 = DIRECTION ( 'NONE',  ( 2.433723121784104254E-15, 0.000000000000000000, -1.000000000000000000 ) ) ;
#92 = FACE_OUTER_BOUND ( 'NONE', #919, .T. ) ;
#93 = LINE ( 'NONE', #3331, #3504 ) ;
#94 = ORIENTED_EDGE ( 'NONE', *, *, #5, .T. ) ;
#95 = VECTOR ( 'NONE', #2446, 1000.000000000000000 ) ;
#96 = ORIENTED_EDGE ( 'NONE', *, *, #662, .F. ) ;
#97 = CARTESIAN_POINT ( 'NONE',  ( 2.999999999999993339, 0.9349829930005185696, 0.4300000000000098188 ) ) ;
#98 = DIRECTION ( 'NONE',  ( -2.433723121784104649E-15, 0.000000000000000000, 1.000000000000000000 ) ) ;
#99 = VECTOR ( 'NONE', #1121, 1000.000000000000000 ) ;
#100 = ORIENTED_EDGE ( 'NONE', *, *, #60, .F. ) ;
#101 = DIRECTION ( 'NONE',  ( 3.846957460969528355E-15, 0.000000000000000000, -1.000000000000000000 ) ) ;
#102 = VERTEX_POINT ( 'NONE', #1424 ) ;
#103 = VECTOR ( 'NONE', #4109, 1000.000000000000000 ) ;
#104 = SURFACE_STYLE_USAGE ( .BOTH. , #2968 ) ;
#105 = FILL_AREA_STYLE ('',( #2339 ) ) ;
#106 = ORIENTED_EDGE ( 'NONE', *, *, #2734, .T. ) ;
#107 =( GEOMETRIC_REPRESENTATION_CONTEXT ( 3 ) GLOBAL_UNCERTAINTY_ASSIGNED_CONTEXT ( ( #2536 ) ) GLOBAL_UNIT_ASSIGNED_CONTEXT ( ( #2763, #2825, #4099 ) ) REPRESENTATION_CONTEXT ( 'NONE', 'WORKASPACE' ) );
#108 = DIRECTION ( 'NONE',  ( 0.000000000000000000, 1.000000000000000000, 0.000000000000000000 ) ) ;
#109 = PLANE ( 'NONE',  #1031 ) ;
#110 = DIRECTION ( 'NONE',  ( 0.000000000000000000, -1.000000000000000000, -0.000000000000000000 ) ) ;
#111 = EDGE_CURVE ( 'NONE', #465, #1771, #2413, .T. ) ;
#112 = DIRECTION ( 'NONE',  ( -3.491481338843133355E-15, 0.000000000000000000, 1.000000000000000000 ) ) ;
#113 = ADVANCED_FACE ( 'NONE', ( #1107 ), #843, .F. ) ;
#114 = ORIENTED_EDGE ( 'NONE', *, *, #395, .F. ) ;
#115 = LINE ( 'NONE', #47, #16 ) ;
#116 = DIRECTION ( 'NONE',  ( 6.368294698887134525E-16, 0.000000000000000000, -1.000000000000000000 ) ) ;
#117 = CARTESIAN_POINT ( 'NONE',  ( 7.367025624959014851E-15, 0.05000000000000000278, -2.110000000000000764 ) ) ;
#118 = EDGE_LOOP ( 'NONE', ( #3466, #632, #1091, #1300 ) ) ;
#119 = DIRECTION ( 'NONE',  ( -0.000000000000000000, -1.000000000000000000, 0.000000000000000000 ) ) ;
#120 = LINE ( 'NONE', #3292, #1697 ) ;
#121 = ORIENTED_EDGE ( 'NONE', *, *, #4068, .F. ) ;
#122 = ORIENTED_EDGE ( 'NONE', *, *, #1219, .F. ) ;
#123 = FACE_OUTER_BOUND ( 'NONE', #2455, .T. ) ;
#124 = DIRECTION ( 'NONE',  ( 1.000000000000000000, 0.000000000000000000, 3.491481338843133355E-15 ) ) ;
#125 = EDGE_LOOP ( 'NONE', ( #1043, #1930, #2379, #2289 ) ) ;
#126 = LINE ( 'NONE', #2019, #1846 ) ;
#127 = EDGE_CURVE ( 'NONE', #1439, #3480, #2069, .T. ) ;
#128 = CARTESIAN_POINT ( 'NONE',  ( -7.902451200980275079E-15, 0.05000000000000000971, 1.699999999999997957 ) ) ;
#129 = DIRECTION ( 'NONE',  ( -1.000000000000000000, 0.000000000000000000, -3.846957460969528355E-15 ) ) ;
#130 = ORIENTED_EDGE ( 'NONE', *, *, #1459, .T. ) ;
#131 = DIRECTION ( 'NONE',  ( -3.491481338843133355E-15, 0.000000000000000000, 1.000000000000000000 ) ) ;
#132 = CARTESIAN_POINT ( 'NONE',  ( 0.000000000000000000, 0.05000000000000000278, 0.000000000000000000 ) ) ;
#133 = CARTESIAN_POINT ( 'NONE',  ( 1.000000000000000000, 0.2000000000000000111, -2.499999999999989342 ) ) ;
#134 = DIRECTION ( 'NONE',  ( 1.000000000000000000, -0.000000000000000000, 2.433723121784104254E-15 ) ) ;
#135 = DIRECTION ( 'NONE',  ( 2.433723121784104254E-15, 0.000000000000000000, -1.000000000000000000 ) ) ;
#136 = ADVANCED_FACE ( 'NONE', ( #4007 ), #1805, .F. ) ;
#137 = ADVANCED_FACE ( 'NONE', ( #2780 ), #2051, .T. ) ;
#138 = DIRECTION ( 'NONE',  ( 1.000000000000000000, 0.000000000000000000, 3.491481338843133355E-15 ) ) ;
#139 = ORIENTED_EDGE ( 'NONE', *, *, #1729, .T. ) ;
#140 = ORIENTED_EDGE ( 'NONE', *, *, #2856, .T. ) ;
#141 = DIRECTION ( 'NONE',  ( 1.000000000000000000, 0.000000000000000000, 2.780529094590343356E-15 ) ) ;
#142 = CARTESIAN_POINT ( 'NONE',  ( 1.000000000000000000, 6.112726612993349740, 2.159499999999999531 ) ) ;
#143 = ORIENTED_EDGE ( 'NONE', *, *, #3303, .F. ) ;
#144 = VECTOR ( 'NONE', #3026, 1000.000000000000000 ) ;
#145 = CARTESIAN_POINT ( 'NONE',  ( -2.390000000000003233, 0.2000000000000000111, 0.8399999999999915312 ) ) ;
#146 = VECTOR ( 'NONE', #1426, 1000.000000000000000 ) ;
#147 = LINE ( 'NONE', #3599, #2180 ) ;
#148 = DIRECTION ( 'NONE',  ( 2.433723121784104254E-15, 0.000000000000000000, -1.000000000000000000 ) ) ;
#149 = CLOSED_SHELL ( 'NONE', ( #3435, #2381, #1939, #2681, #576, #3897 ) ) ;
#150 = ORIENTED_EDGE ( 'NONE', *, *, #639, .T. ) ;
#151 = DIRECTION ( 'NONE',  ( 1.000000000000000000, 0.000000000000000000, 3.846957460969528355E-15 ) ) ;
#152 = DIRECTION ( 'NONE',  ( 1.000000000000000000, 0.000000000000000000, 3.491481338843133355E-15 ) ) ;
#153 = VECTOR ( 'NONE', #864, 1000.000000000000000 ) ;
#154 = CARTESIAN_POINT ( 'NONE',  ( 2.999999999999999112, 0.1999999999999999833, -0.4299999999999905009 ) ) ;
#155 = ORIENTED_EDGE ( 'NONE', *, *, #3578, .T. ) ;
#156 = ORIENTED_EDGE ( 'NONE', *, *, #111, .T. ) ;
#157 = VECTOR ( 'NONE', #3535, 1000.000000000000000 ) ;
#158 = CARTESIAN_POINT ( 'NONE',  ( -1.278000000000000469, 0.2000000000000000111, -2.159499999999999975 ) ) ;
#159 = PLANE ( 'NONE',  #2541 ) ;
#160 = AXIS2_PLACEMENT_3D ( 'NONE', #132, #108, #2364 ) ;
#161 = ORIENTED_EDGE ( 'NONE', *, *, #1241, .T. ) ;
#162 = EDGE_CURVE ( 'NONE', #2008, #465, #505, .T. ) ;
#163 = VECTOR ( 'NONE', #3649, 1000.000000000000000 ) ;
#164 = ADVANCED_FACE ( 'NONE', ( #3334 ), #478, .F. ) ;
#165 = CARTESIAN_POINT ( 'NONE',  ( -2.389999999999998792, 0.000000000000000000, -0.4300000000000084865 ) ) ;
#166 = VERTEX_POINT ( 'NONE', #158 ) ;
#167 = FACE_OUTER_BOUND ( 'NONE', #3653, .T. ) ;
#168 = VECTOR ( 'NONE', #3798, 1000.000000000000000 ) ;
#169 = CARTESIAN_POINT ( 'NONE',  ( 1.249999999999999778, 0.2000000000000000111, 2.159499999999999087 ) ) ;
#170 = ORIENTED_EDGE ( 'NONE', *, *, #1089, .F. ) ;
#171 = VECTOR ( 'NONE', #4125, 1000.000000000000000 ) ;
#172 = FACE_OUTER_BOUND ( 'NONE', #4137, .T. ) ;
#173 = PLANE ( 'NONE',  #581 ) ;
#174 = STYLED_ITEM ( 'NONE', ( #876 ), #2705 ) ;
#175 = VERTEX_POINT ( 'NONE', #1128 ) ;
#176 = CARTESIAN_POINT ( 'NONE',  ( -2.999999999999998668, 0.2000000000000000111, -0.4300000000000108735 ) ) ;
#177 = ORIENTED_EDGE ( 'NONE', *, *, #723, .T. ) ;
#178 = CARTESIAN_POINT ( 'NONE',  ( 2.389999999999992575, 0.2000000000000000111, 2.110000000000007425 ) ) ;
#179 = LINE ( 'NONE', #2699, #1971 ) ;
#180 = DIRECTION ( 'NONE',  ( 0.000000000000000000, -1.000000000000000000, 0.000000000000000000 ) ) ;
#181 = LINE ( 'NONE', #2432, #1522 ) ;
#182 = ORIENTED_EDGE ( 'NONE', *, *, #111, .F. ) ;
#183 = DIRECTION ( 'NONE',  ( -2.780529094590343356E-15, 0.000000000000000000, 1.000000000000000000 ) ) ;
#184 = EDGE_CURVE ( 'NONE', #2200, #2462, #1472, .T. ) ;
#185 = DIRECTION ( 'NONE',  ( 2.433723121784104649E-15, 0.000000000000000000, -1.000000000000000000 ) ) ;
#186 = ORIENTED_EDGE ( 'NONE', *, *, #2182, .F. ) ;
#187 = CARTESIAN_POINT ( 'NONE',  ( -1.250000000000000000, 6.112726612993349740, 2.499999999999989786 ) ) ;
#188 = ORIENTED_EDGE ( 'NONE', *, *, #3586, .F. ) ;
#189 =( NAMED_UNIT ( * ) SI_UNIT ( $, .STERADIAN. ) SOLID_ANGLE_UNIT ( ) );
#190 = EDGE_CURVE ( 'NONE', #1122, #3139, #1278, .T. ) ;
#191 = EDGE_CURVE ( 'NONE', #2676, #753, #3112, .T. ) ;
#192 = CARTESIAN_POINT ( 'NONE',  ( -2.999999999999993339, 0.000000000000000000, -2.110000000000010090 ) ) ;
#193 = CARTESIAN_POINT ( 'NONE',  ( 1.000000000000000000, 0.05000000000000000278, 0.000000000000000000 ) ) ;
#194 = ORIENTED_EDGE ( 'NONE', *, *, #1169, .T. ) ;
#195 = LINE ( 'NONE', #1768, #1510 ) ;
#196 = ADVANCED_FACE ( 'NONE', ( #4133 ), #904, .F. ) ;
#197 = ADVANCED_FACE ( 'NONE', ( #2 ), #1234, .F. ) ;
#198 = LINE ( 'NONE', #2098, #2049 ) ;
#199 = PLANE ( 'NONE',  #2972 ) ;
#200 = ORIENTED_EDGE ( 'NONE', *, *, #778, .F. ) ;
#201 = CARTESIAN_POINT ( 'NONE',  ( -3.000000000000007994, 0.9349829930005185696, 0.8399999999999891998 ) ) ;
#202 = CARTESIAN_POINT ( 'NONE',  ( 2.389999999999992575, 0.2000000000000000111, 2.110000000000007425 ) ) ;
#203 = DIRECTION ( 'NONE',  ( -1.000000000000000000, 0.000000000000000000, -2.433723121784104649E-15 ) ) ;
#204 = ORIENTED_EDGE ( 'NONE', *, *, #3143, .T. ) ;
#205 = CARTESIAN_POINT ( 'NONE',  ( 1.250000000000000000, 6.112726612993349740, -2.499999999999989786 ) ) ;
#206 = LINE ( 'NONE', #2153, #3886 ) ;
#207 = ORIENTED_EDGE ( 'NONE', *, *, #732, .F. ) ;
#208 = EDGE_CURVE ( 'NONE', #3929, #1088, #328, .T. ) ;
#209 = ORIENTED_EDGE ( 'NONE', *, *, #2682, .T. ) ;
#210 = FACE_OUTER_BOUND ( 'NONE', #3183, .T. ) ;
#211 = CARTESIAN_POINT ( 'NONE',  ( -7.229539906917709370E-15, 0.05000000000000000971, 2.110000000000000764 ) ) ;
#212 = SURFACE_STYLE_FILL_AREA ( #272 ) ;
#213 = EDGE_LOOP ( 'NONE', ( #2037, #1848, #1313, #485 ) ) ;
#214 = DIRECTION ( 'NONE',  ( 0.000000000000000000, -1.000000000000000000, 0.000000000000000000 ) ) ;
#215 = FACE_OUTER_BOUND ( 'NONE', #2504, .T. ) ;
#216 = FACE_OUTER_BOUND ( 'NONE', #2545, .T. ) ;
#217 = VECTOR ( 'NONE', #1793, 1000.000000000000000 ) ;
#218 = EDGE_LOOP ( 'NONE', ( #3467, #2924 ) ) ;
#219 = DIRECTION ( 'NONE',  ( 1.000000000000000000, -0.000000000000000000, 2.433723121784104254E-15 ) ) ;
#220 = ADVANCED_FACE ( 'NONE', ( #1611 ), #1212, .F. ) ;
#221 = EDGE_CURVE ( 'NONE', #2830, #2274, #3461, .T. ) ;
#222 = ORIENTED_EDGE ( 'NONE', *, *, #2437, .T. ) ;
#223 = DIRECTION ( 'NONE',  ( 1.000000000000000000, 0.000000000000000000, 3.491481338843133355E-15 ) ) ;
#224 = FACE_OUTER_BOUND ( 'NONE', #2196, .T. ) ;
#225 = DIRECTION ( 'NONE',  ( -3.318008991245452646E-15, 0.000000000000000000, 1.000000000000000000 ) ) ;
#226 = CARTESIAN_POINT ( 'NONE',  ( -2.362567907003926493, 1.500000000000000000, -1.825901045621835195 ) ) ;
#227 = AXIS2_PLACEMENT_3D ( 'NONE', #169, #3093, #1217 ) ;
#228 = LINE ( 'NONE', #1537, #144 ) ;
#229 = APPLICATION_CONTEXT ( 'automotive_design' ) ;
#230 = ORIENTED_EDGE ( 'NONE', *, *, #536, .F. ) ;
#231 = AXIS2_PLACEMENT_3D ( 'NONE', #1394, #1096, #765 ) ;
#232 = DIRECTION ( 'NONE',  ( 0.000000000000000000, 0.000000000000000000, 1.000000000000000000 ) ) ;
#233 = ORIENTED_EDGE ( 'NONE', *, *, #1059, .F. ) ;
#234 = MECHANICAL_DESIGN_GEOMETRIC_PRESENTATION_REPRESENTATION (  '', ( #3699 ), #641 ) ;
#235 = PLANE ( 'NONE',  #227 ) ;
#236 =( GEOMETRIC_REPRESENTATION_CONTEXT ( 3 ) GLOBAL_UNCERTAINTY_ASSIGNED_CONTEXT ( ( #3176 ) ) GLOBAL_UNIT_ASSIGNED_CONTEXT ( ( #2125, #636, #1913 ) ) REPRESENTATION_CONTEXT ( 'NONE', 'WORKASPACE' ) );
#237 = ORIENTED_EDGE ( 'NONE', *, *, #3226, .T. ) ;
#238 = FACE_OUTER_BOUND ( 'NONE', #3628, .T. ) ;
#239 = VECTOR ( 'NONE', #3380, 1000.000000000000000 ) ;
#240 = CARTESIAN_POINT ( 'NONE',  ( 2.389999999999992575, 0.2000000000000000111, 0.8400000000000074074 ) ) ;
#241 = CARTESIAN_POINT ( 'NONE',  ( 3.000000000000002220, 0.04999999999999999584, -0.8399999999999903100 ) ) ;
#242 = VECTOR ( 'NONE', #3876, 1000.000000000000000 ) ;
#243 = EDGE_LOOP ( 'NONE', ( #1075, #3400, #207, #3406 ) ) ;
#244 = CARTESIAN_POINT ( 'NONE',  ( -2.390000000000015223, 3.002042352594308776E-17, 2.109999999999991438 ) ) ;
#245 = CARTESIAN_POINT ( 'NONE',  ( -2.390000000000015223, 0.2000000000000000111, 2.109999999999991438 ) ) ;
#246 = EDGE_CURVE ( 'NONE', #315, #3201, #1594, .T. ) ;
#247 = EDGE_CURVE ( 'NONE', #3494, #1774, #2471, .T. ) ;
#248 = CARTESIAN_POINT ( 'NONE',  ( -2.390000000000002345, 0.2000000000000000111, 0.4299999999999916112 ) ) ;
#249 = COLOUR_RGB ( '',0.7921568627450980005, 0.8196078431372548767, 0.9333333333333333481 ) ;
#250 = LINE ( 'NONE', #2838, #2089 ) ;
#251 = CARTESIAN_POINT ( 'NONE',  ( -2.389999999999998792, 0.2000000000000000944, -0.4300000000000084865 ) ) ;
#252 = ORIENTED_EDGE ( 'NONE', *, *, #588, .F. ) ;
#253 = ORIENTED_EDGE ( 'NONE', *, *, #2244, .T. ) ;
#254 = ORIENTED_EDGE ( 'NONE', *, *, #622, .T. ) ;
#255 = DIRECTION ( 'NONE',  ( 0.000000000000000000, 1.000000000000000000, 0.000000000000000000 ) ) ;
#256 = ORIENTED_EDGE ( 'NONE', *, *, #3403, .F. ) ;
#257 = CARTESIAN_POINT ( 'NONE',  ( -2.390000000000015223, 3.002042352594308776E-17, 2.109999999999991438 ) ) ;
#258 = CARTESIAN_POINT ( 'NONE',  ( -1.000000000000000000, 6.112726612993349740, 2.159499999999999531 ) ) ;
#259 = EDGE_CURVE ( 'NONE', #480, #1411, #250, .T. ) ;
#260 = ORIENTED_EDGE ( 'NONE', *, *, #2813, .T. ) ;
#261 = CARTESIAN_POINT ( 'NONE',  ( -1.250000000000000000, 0.000000000000000000, -2.499999999999989786 ) ) ;
#262 = PLANE ( 'NONE',  #3507 ) ;
#263 = CARTESIAN_POINT ( 'NONE',  ( -1.577999999999999625, 0.000000000000000000, 2.159500000000000419 ) ) ;
#264 = CARTESIAN_POINT ( 'NONE',  ( -3.000000000000000888, 0.1999999999999999833, -0.4300000000000108735 ) ) ;
#265 = FILL_AREA_STYLE_COLOUR ( '', #3685 ) ;
#266 = EDGE_LOOP ( 'NONE', ( #2634, #513, #1006, #1925 ) ) ;
#267 = ORIENTED_EDGE ( 'NONE', *, *, #2605, .F. ) ;
#268 = ADVANCED_FACE ( 'NONE', ( #1850 ), #2531, .F. ) ;
#269 = EDGE_CURVE ( 'NONE', #863, #3208, #1926, .T. ) ;
#270 = VERTEX_POINT ( 'NONE', #4113 ) ;
#271 = DIRECTION ( 'NONE',  ( -1.000000000000000000, 0.000000000000000000, -1.734723475976807292E-15 ) ) ;
#272 = FILL_AREA_STYLE ('',( #1245 ) ) ;
#273 = ORIENTED_EDGE ( 'NONE', *, *, #939, .F. ) ;
#274 = DIRECTION ( 'NONE',  ( -1.000000000000000000, 0.000000000000000000, 2.891205793294680200E-15 ) ) ;
#275 = CARTESIAN_POINT ( 'NONE',  ( 2.999999999999997780, 0.2000000000000000111, 0.4300000000000098188 ) ) ;
#276 = VERTEX_POINT ( 'NONE', #567 ) ;
#277 = ORIENTED_EDGE ( 'NONE', *, *, #2162, .F. ) ;
#278 = CARTESIAN_POINT ( 'NONE',  ( -2.362567907003926493, 1.600000000000000089, -1.825901045621835195 ) ) ;
#279 = DIRECTION ( 'NONE',  ( 1.000000000000000000, 0.000000000000000000, -0.000000000000000000 ) ) ;
#280 = EDGE_CURVE ( 'NONE', #2758, #3582, #3420, .T. ) ;
#281 = DIRECTION ( 'NONE',  ( -1.000000000000000000, 0.000000000000000000, -2.433723121784104254E-15 ) ) ;
#282 = AXIS2_PLACEMENT_3D ( 'NONE', #1968, #2781, #3742 ) ;
#283 = CARTESIAN_POINT ( 'NONE',  ( 1.250000000000000000, 0.1999999999999996503, -2.499999999999989786 ) ) ;
#284 = CIRCLE ( 'NONE', #3691, 0.3084292306793632310 ) ;
#285 = ORIENTED_EDGE ( 'NONE', *, *, #759, .T. ) ;
#286 = ORIENTED_EDGE ( 'NONE', *, *, #1143, .F. ) ;
#287 = VECTOR ( 'NONE', #2147, 1000.000000000000000 ) ;
#288 = ORIENTED_EDGE ( 'NONE', *, *, #1914, .F. ) ;
#289 = CARTESIAN_POINT ( 'NONE',  ( -1.000000000000000000, 0.2000000000000000111, -2.159499999999999531 ) ) ;
#290 = VECTOR ( 'NONE', #3214, 1000.000000000000000 ) ;
#291 = EDGE_CURVE ( 'NONE', #495, #2095, #589, .T. ) ;
#292 = EDGE_CURVE ( 'NONE', #1810, #3179, #3759, .T. ) ;
#293 = ORIENTED_EDGE ( 'NONE', *, *, #1143, .T. ) ;
#294 = CARTESIAN_POINT ( 'NONE',  ( -2.390000000000007230, 0.2000000000000000111, 0.4299999999999916112 ) ) ;
#295 = DIRECTION ( 'NONE',  ( 0.000000000000000000, -1.000000000000000000, 0.000000000000000000 ) ) ;
#296 = DIRECTION ( 'NONE',  ( 2.008246672814085661E-16, 0.000000000000000000, -1.000000000000000000 ) ) ;
#297 = VECTOR ( 'NONE', #3889, 1000.000000000000000 ) ;
#298 = ORIENTED_EDGE ( 'NONE', *, *, #3578, .F. ) ;
#299 = MECHANICAL_DESIGN_GEOMETRIC_PRESENTATION_REPRESENTATION (  '', ( #3436 ), #3775 ) ;
#300 = ORIENTED_EDGE ( 'NONE', *, *, #3023, .F. ) ;
#301 = LINE ( 'NONE', #261, #834 ) ;
#302 = DIRECTION ( 'NONE',  ( -2.008246672814085661E-16, -0.000000000000000000, 1.000000000000000000 ) ) ;
#303 = AXIS2_PLACEMENT_3D ( 'NONE', #1803, #203, #1533 ) ;
#304 = CARTESIAN_POINT ( 'NONE',  ( 1.250000000000000000, 0.000000000000000000, 2.499999999999989786 ) ) ;
#305 = ORIENTED_EDGE ( 'NONE', *, *, #946, .T. ) ;
#306 = VECTOR ( 'NONE', #3064, 1000.000000000000000 ) ;
#307 = CARTESIAN_POINT ( 'NONE',  ( -2.113437816226393418E-14, 0.2000000000000000389, 3.810000000000000053 ) ) ;
#308 = CARTESIAN_POINT ( 'NONE',  ( 1.000000000000000000, 0.2000000000000000111, 2.499999999999989342 ) ) ;
#309 = DIRECTION ( 'NONE',  ( 2.433723121784104254E-15, 0.000000000000000000, -1.000000000000000000 ) ) ;
#310 = VERTEX_POINT ( 'NONE', #1869 ) ;
#311 = VERTEX_POINT ( 'NONE', #264 ) ;
#312 = EDGE_LOOP ( 'NONE', ( #114, #399, #3080, #1493, #2154, #1271, #2725, #3419 ) ) ;
#313 = EDGE_CURVE ( 'NONE', #3115, #3454, #284, .T. ) ;
#314 = DIRECTION ( 'NONE',  ( 2.008246672814085661E-16, 0.000000000000000000, -1.000000000000000000 ) ) ;
#315 = VERTEX_POINT ( 'NONE', #283 ) ;
#316 = PLANE ( 'NONE',  #1580 ) ;
#317 = EDGE_CURVE ( 'NONE', #310, #3454, #1572, .T. ) ;
#318 = CARTESIAN_POINT ( 'NONE',  ( 2.390000000000006342, 0.000000000000000000, -1.699999999999992850 ) ) ;
#319 = DIRECTION ( 'NONE',  ( 2.433723121784102677E-15, 0.000000000000000000, -1.000000000000000000 ) ) ;
#320 = ORIENTED_EDGE ( 'NONE', *, *, #536, .T. ) ;
#321 = VERTEX_POINT ( 'NONE', #3878 ) ;
#322 = EDGE_CURVE ( 'NONE', #3705, #3155, #3222, .T. ) ;
#323 = EDGE_CURVE ( 'NONE', #1507, #2345, #670, .T. ) ;
#324 = DIRECTION ( 'NONE',  ( 6.368294698887134525E-16, 0.000000000000000000, 1.000000000000000000 ) ) ;
#325 = DIRECTION ( 'NONE',  ( -0.000000000000000000, 1.000000000000000000, -0.000000000000000000 ) ) ;
#326 = DIRECTION ( 'NONE',  ( 0.000000000000000000, 1.000000000000000000, 0.000000000000000000 ) ) ;
#327 = ORIENTED_EDGE ( 'NONE', *, *, #3411, .F. ) ;
#328 = LINE ( 'NONE', #4073, #1760 ) ;
#329 = DIRECTION ( 'NONE',  ( -1.000000000000000000, 0.000000000000000000, -3.491481338843133355E-15 ) ) ;
#330 = VERTEX_POINT ( 'NONE', #708 ) ;
#331 = ORIENTED_EDGE ( 'NONE', *, *, #663, .T. ) ;
#332 = VERTEX_POINT ( 'NONE', #3899 ) ;
#333 = CARTESIAN_POINT ( 'NONE',  ( 1.250000000000000000, 6.112726612993349740, 2.499999999999989786 ) ) ;
#334 = EDGE_CURVE ( 'NONE', #175, #1518, #3560, .T. ) ;
#335 = VERTEX_POINT ( 'NONE', #3919 ) ;
#336 = CARTESIAN_POINT ( 'NONE',  ( -1.408958544150929156E-14, 0.2000000000000000389, 2.540000000000000036 ) ) ;
#337 = EDGE_LOOP ( 'NONE', ( #482, #1541, #3961, #36, #3333, #100, #2057, #1157, #722, #1964, #572, #748, #3774, #1804, #907, #1521, #1855, #3791, #349, #1821, #1053, #1830, #1895, #1198 ) ) ;
#338 = VERTEX_POINT ( 'NONE', #1062 ) ;
#339 = LINE ( 'NONE', #2873, #4031 ) ;
#340 = DIRECTION ( 'NONE',  ( 0.000000000000000000, -1.000000000000000000, 0.000000000000000000 ) ) ;
#341 = EDGE_CURVE ( 'NONE', #3646, #2676, #2551, .T. ) ;
#342 = CARTESIAN_POINT ( 'NONE',  ( -3.000000000000007994, 2.001361568396206159E-17, 0.8399999999999891998 ) ) ;
#343 = EDGE_CURVE ( 'NONE', #276, #1795, #386, .T. ) ;
#344 = CARTESIAN_POINT ( 'NONE',  ( -2.389999999999998792, 1.939223964876290340, -0.4300000000000084865 ) ) ;
#345 = LINE ( 'NONE', #1003, #1514 ) ;
#346 = VECTOR ( 'NONE', #3317, 1000.000000000000000 ) ;
#347 = APPLICATION_PROTOCOL_DEFINITION ( 'draft international standard', 'automotive_design', 1998, #1166 ) ;
#348 = ORIENTED_EDGE ( 'NONE', *, *, #969, .F. ) ;
#349 = ORIENTED_EDGE ( 'NONE', *, *, #450, .F. ) ;
#350 = PRESENTATION_LAYER_ASSIGNMENT (  '', '', ( #3546 ) ) ;
#351 = DIRECTION ( 'NONE',  ( -1.000000000000000000, 0.000000000000000000, -3.491481338843133750E-15 ) ) ;
#352 = ORIENTED_EDGE ( 'NONE', *, *, #555, .T. ) ;
#353 = AXIS2_PLACEMENT_3D ( 'NONE', #1783, #183, #1754 ) ;
#354 = DIRECTION ( 'NONE',  ( 0.000000000000000000, -1.000000000000000000, 0.000000000000000000 ) ) ;
#355 = AXIS2_PLACEMENT_3D ( 'NONE', #1961, #1338, #525 ) ;
#356 = FACE_OUTER_BOUND ( 'NONE', #1202, .T. ) ;
#357 = ORIENTED_EDGE ( 'NONE', *, *, #2877, .F. ) ;
#358 = VECTOR ( 'NONE', #3893, 1000.000000000000000 ) ;
#359 = DIRECTION ( 'NONE',  ( 3.846957460969528355E-15, 0.000000000000000000, -1.000000000000000000 ) ) ;
#360 = LINE ( 'NONE', #2609, #2567 ) ;
#361 = VECTOR ( 'NONE', #1134, 1000.000000000000000 ) ;
#362 = PLANE ( 'NONE',  #2111 ) ;
#363 = CARTESIAN_POINT ( 'NONE',  ( -2.390000000000001013, 0.1999999999999999833, -0.4300000000000084865 ) ) ;
#364 = ADVANCED_FACE ( 'NONE', ( #987 ), #429, .T. ) ;
#365 = DIRECTION ( 'NONE',  ( 1.000000000000000000, 0.000000000000000000, 3.491481338843133355E-15 ) ) ;
#366 = AXIS2_PLACEMENT_3D ( 'NONE', #3896, #2976, #1354 ) ;
#367 = EDGE_CURVE ( 'NONE', #2352, #1404, #68, .T. ) ;
#368 = DIRECTION ( 'NONE',  ( 3.404745165044293001E-15, 0.000000000000000000, -1.000000000000000000 ) ) ;
#369 = CARTESIAN_POINT ( 'NONE',  ( 2.999999999999984901, 0.9349829930005185696, 2.110000000000009646 ) ) ;
#370 = EDGE_LOOP ( 'NONE', ( #3674, #4140, #372, #626 ) ) ;
#371 = VECTOR ( 'NONE', #2767, 1000.000000000000000 ) ;
#372 = ORIENTED_EDGE ( 'NONE', *, *, #1630, .T. ) ;
#373 = ORIENTED_EDGE ( 'NONE', *, *, #2721, .F. ) ;
#374 = VECTOR ( 'NONE', #2555, 1000.000000000000000 ) ;
#375 = CARTESIAN_POINT ( 'NONE',  ( 6.539827683648196153E-15, 0.05000000000000000278, -1.699999999999999512 ) ) ;
#376 = ORIENTED_EDGE ( 'NONE', *, *, #1116, .T. ) ;
#377 = DIRECTION ( 'NONE',  ( -1.000000000000000000, 0.000000000000000000, -3.846957460969528355E-15 ) ) ;
#378 = CARTESIAN_POINT ( 'NONE',  ( -1.000000000000000000, 6.112726612993349740, 2.499999999999989342 ) ) ;
#379 = DIRECTION ( 'NONE',  ( -0.000000000000000000, -1.000000000000000000, -0.000000000000000000 ) ) ;
#380 = CARTESIAN_POINT ( 'NONE',  ( 1.578000000000000513, 0.000000000000000000, -2.159499999999999531 ) ) ;
#381 = CARTESIAN_POINT ( 'NONE',  ( -3.000000000000007994, 0.05000000000000000971, 1.699999999999989742 ) ) ;
#382 = DIRECTION ( 'NONE',  ( -1.000000000000000000, 0.000000000000000000, -3.491481338843133355E-15 ) ) ;
#383 = DIRECTION ( 'NONE',  ( 0.000000000000000000, -1.000000000000000000, 0.000000000000000000 ) ) ;
#384 = EDGE_CURVE ( 'NONE', #1946, #657, #2576, .T. ) ;
#385 = ORIENTED_EDGE ( 'NONE', *, *, #3459, .F. ) ;
#386 = LINE ( 'NONE', #2313, #1696 ) ;
#387 = FACE_OUTER_BOUND ( 'NONE', #1054, .T. ) ;
#388 =( NAMED_UNIT ( * ) PLANE_ANGLE_UNIT ( ) SI_UNIT ( $, .RADIAN. ) );
#389 = CARTESIAN_POINT ( 'NONE',  ( 2.390000000000006342, 0.2000000000000000111, -1.699999999999992850 ) ) ;
#390 = ORIENTED_EDGE ( 'NONE', *, *, #2162, .T. ) ;
#391 = ORIENTED_EDGE ( 'NONE', *, *, #2800, .T. ) ;
#392 = ORIENTED_EDGE ( 'NONE', *, *, #34, .F. ) ;
#393 = CARTESIAN_POINT ( 'NONE',  ( -2.390000000000008118, 0.05000000000000000278, 2.109999999999991438 ) ) ;
#394 = EDGE_LOOP ( 'NONE', ( #3483, #1127, #930, #1600 ) ) ;
#395 = EDGE_CURVE ( 'NONE', #175, #311, #3262, .T. ) ;
#396 = ADVANCED_FACE ( 'NONE', ( #404 ), #2980, .F. ) ;
#397 = FACE_OUTER_BOUND ( 'NONE', #218, .T. ) ;
#398 = DIRECTION ( 'NONE',  ( 2.433723121784104254E-15, 0.000000000000000000, -1.000000000000000000 ) ) ;
#399 = ORIENTED_EDGE ( 'NONE', *, *, #2508, .T. ) ;
#400 = LINE ( 'NONE', #2646, #2493 ) ;
#401 = LINE ( 'NONE', #2607, #974 ) ;
#402 = DIRECTION ( 'NONE',  ( -2.433723121784104254E-15, 0.000000000000000000, 1.000000000000000000 ) ) ;
#403 = CARTESIAN_POINT ( 'NONE',  ( -2.389999999999998792, 0.2000000000000000111, -0.4300000000000084865 ) ) ;
#404 = FACE_OUTER_BOUND ( 'NONE', #1227, .T. ) ;
#405 = DIRECTION ( 'NONE',  ( 2.433723121784104254E-15, 0.000000000000000000, -1.000000000000000000 ) ) ;
#406 = DIRECTION ( 'NONE',  ( 2.433723121784104254E-15, 0.000000000000000000, -1.000000000000000000 ) ) ;
#407 = CARTESIAN_POINT ( 'NONE',  ( 1.000000000000000000, 0.2000000000000000111, -2.159499999999999531 ) ) ;
#408 = ORIENTED_EDGE ( 'NONE', *, *, #3303, .T. ) ;
#409 = ORIENTED_EDGE ( 'NONE', *, *, #313, .F. ) ;
#410 = VECTOR ( 'NONE', #737, 1000.000000000000000 ) ;
#411 = DIRECTION ( 'NONE',  ( 0.000000000000000000, -1.000000000000000000, 0.000000000000000000 ) ) ;
#412 = ORIENTED_EDGE ( 'NONE', *, *, #3760, .T. ) ;
#413 = VECTOR ( 'NONE', #2754, 1000.000000000000000 ) ;
#414 = ORIENTED_EDGE ( 'NONE', *, *, #292, .F. ) ;
#415 = CARTESIAN_POINT ( 'NONE',  ( -1.249999999999999778, 0.2000000000000000111, 2.159499999999999087 ) ) ;
#416 = EDGE_CURVE ( 'NONE', #1610, #3082, #1688, .T. ) ;
#417 = EDGE_CURVE ( 'NONE', #501, #2208, #2328, .T. ) ;
#418 = AXIS2_PLACEMENT_3D ( 'NONE', #307, #1534, #2816 ) ;
#419 =( NAMED_UNIT ( * ) SI_UNIT ( $, .STERADIAN. ) SOLID_ANGLE_UNIT ( ) );
#420 = EDGE_LOOP ( 'NONE', ( #4011, #3447, #3740, #1672 ) ) ;
#421 = LINE ( 'NONE', #2282, #297 ) ;
#422 = VECTOR ( 'NONE', #2893, 1000.000000000000000 ) ;
#423 = VECTOR ( 'NONE', #2866, 1000.000000000000000 ) ;
#424 = CARTESIAN_POINT ( 'NONE',  ( 1.577999999999999625, 0.2000000000000000111, 2.159500000000000419 ) ) ;
#425 = DIRECTION ( 'NONE',  ( -1.000000000000000000, 0.000000000000000000, -3.097720492815651494E-14 ) ) ;
#426 = VECTOR ( 'NONE', #1484, 1000.000000000000000 ) ;
#427 = CARTESIAN_POINT ( 'NONE',  ( -1.578000000000000291, 6.112726612993349740, -1.859500000000000153 ) ) ;
#428 = ORIENTED_EDGE ( 'NONE', *, *, #1756, .T. ) ;
#429 = PLANE ( 'NONE',  #568 ) ;
#430 = CARTESIAN_POINT ( 'NONE',  ( 1.249999999999999778, 6.112726612993349740, -2.159499999999999087 ) ) ;
#431 = PLANE ( 'NONE',  #3634 ) ;
#432 = VECTOR ( 'NONE', #486, 1000.000000000000000 ) ;
#433 = ORIENTED_EDGE ( 'NONE', *, *, #2102, .T. ) ;
#434 = VECTOR ( 'NONE', #3528, 1000.000000000000000 ) ;
#435 = CARTESIAN_POINT ( 'NONE',  ( 3.000000000000007105, 0.2000000000000000111, -2.109999999999990550 ) ) ;
#436 = CARTESIAN_POINT ( 'NONE',  ( -1.000000000000000000, 0.000000000000000000, 2.159499999999999531 ) ) ;
#437 = VECTOR ( 'NONE', #46, 1000.000000000000000 ) ;
#438 = ORIENTED_EDGE ( 'NONE', *, *, #2824, .T. ) ;
#439 = EDGE_CURVE ( 'NONE', #102, #3804, #1628, .T. ) ;
#440 = ORIENTED_EDGE ( 'NONE', *, *, #1008, .F. ) ;
#441 = AXIS2_PLACEMENT_3D ( 'NONE', #558, #1564, #3373 ) ;
#442 = SURFACE_STYLE_USAGE ( .BOTH. , #2361 ) ;
#443 = LINE ( 'NONE', #1724, #1051 ) ;
#444 = EDGE_LOOP ( 'NONE', ( #3868, #950, #1214, #2642 ) ) ;
#445 = CARTESIAN_POINT ( 'NONE',  ( -1.000000000000000000, 0.2000000000000000111, 2.159499999999999531 ) ) ;
#446 = CARTESIAN_POINT ( 'NONE',  ( -1.577999999999999625, 0.04999999999999999584, 2.159500000000000419 ) ) ;
#447 = FACE_OUTER_BOUND ( 'NONE', #1758, .T. ) ;
#448 = PLANE ( 'NONE',  #2695 ) ;
#449 = EDGE_CURVE ( 'NONE', #2517, #9, #687, .T. ) ;
#450 = EDGE_CURVE ( 'NONE', #4117, #1411, #3282, .T. ) ;
#451 = ORIENTED_EDGE ( 'NONE', *, *, #1528, .T. ) ;
#452 = DIRECTION ( 'NONE',  ( 0.000000000000000000, -1.000000000000000000, 0.000000000000000000 ) ) ;
#453 = DIRECTION ( 'NONE',  ( 0.000000000000000000, 1.000000000000000000, 0.000000000000000000 ) ) ;
#454 = DIRECTION ( 'NONE',  ( 0.000000000000000000, 1.000000000000000000, 0.000000000000000000 ) ) ;
#455 = CARTESIAN_POINT ( 'NONE',  ( -2.390000000000008118, 0.2000000000000000111, 2.109999999999991438 ) ) ;
#456 = ORIENTED_EDGE ( 'NONE', *, *, #3890, .F. ) ;
#457 = FACE_OUTER_BOUND ( 'NONE', #3928, .T. ) ;
#458 = DIRECTION ( 'NONE',  ( 1.000000000000000000, 0.000000000000000000, 3.491481338843133355E-15 ) ) ;
#459 = ORIENTED_EDGE ( 'NONE', *, *, #2774, .T. ) ;
#460 = LINE ( 'NONE', #3966, #3627 ) ;
#461 = ORIENTED_EDGE ( 'NONE', *, *, #3453, .F. ) ;
#462 = PLANE ( 'NONE',  #1242 ) ;
#463 = EDGE_CURVE ( 'NONE', #1556, #3155, #115, .T. ) ;
#464 = SURFACE_STYLE_USAGE ( .BOTH. , #3009 ) ;
#465 = VERTEX_POINT ( 'NONE', #2915 ) ;
#466 = CARTESIAN_POINT ( 'NONE',  ( -2.390000000000001013, 0.9349829930005185696, -0.4300000000000084865 ) ) ;
#467 = CARTESIAN_POINT ( 'NONE',  ( 0.000000000000000000, 0.2000000000000000111, 0.000000000000000000 ) ) ;
#468 = ORIENTED_EDGE ( 'NONE', *, *, #1587, .T. ) ;
#469 = CARTESIAN_POINT ( 'NONE',  ( -1.000000000000000000, 0.1999999999999996503, -2.159499999999999531 ) ) ;
#470 = EDGE_LOOP ( 'NONE', ( #2360, #200, #599, #2964 ) ) ;
#471 = LINE ( 'NONE', #201, #3892 ) ;
#472 = FACE_OUTER_BOUND ( 'NONE', #1007, .T. ) ;
#473 = CARTESIAN_POINT ( 'NONE',  ( -2.839999999999998970, 0.000000000000000000, -0.8400000000000091838 ) ) ;
#474 = ADVANCED_FACE ( 'NONE', ( #1320 ), #2255, .T. ) ;
#475 = EDGE_CURVE ( 'NONE', #1152, #990, #3017, .T. ) ;
#476 = DIRECTION ( 'NONE',  ( 0.000000000000000000, 0.000000000000000000, 1.000000000000000000 ) ) ;
#477 = VERTEX_POINT ( 'NONE', #1801 ) ;
#478 = PLANE ( 'NONE',  #353 ) ;
#479 = PLANE ( 'NONE',  #2476 ) ;
#480 = VERTEX_POINT ( 'NONE', #178 ) ;
#481 = LINE ( 'NONE', #3724, #7 ) ;
#482 = ORIENTED_EDGE ( 'NONE', *, *, #2460, .T. ) ;
#483 = LINE ( 'NONE', #784, #1639 ) ;
#484 = SURFACE_SIDE_STYLE ('',( #2665 ) ) ;
#485 = ORIENTED_EDGE ( 'NONE', *, *, #280, .F. ) ;
#486 = DIRECTION ( 'NONE',  ( -1.000000000000000000, 0.000000000000000000, -3.491481338843133355E-15 ) ) ;
#487 = EDGE_CURVE ( 'NONE', #321, #1538, #2652, .T. ) ;
#488 = LINE ( 'NONE', #424, #1098 ) ;
#489 = CLOSED_SHELL ( 'NONE', ( #3534, #1553, #50, #3612, #1423, #844, #1806, #3921, #3636, #2926, #20, #1294, #862, #1985, #1877, #3463, #2597, #2233, #2484, #2533, #2288, #3851, #3799 ) ) ;
#490 = CARTESIAN_POINT ( 'NONE',  ( -1.249999999999999778, 6.112726612993349740, -2.159499999999999087 ) ) ;
#491 = CARTESIAN_POINT ( 'NONE',  ( -2.390000000000002345, 0.2000000000000000111, 0.4299999999999916112 ) ) ;
#492 = CARTESIAN_POINT ( 'NONE',  ( -3.000000000000007994, 0.2000000000000000111, 2.109999999999989218 ) ) ;
#493 = AXIS2_PLACEMENT_3D ( 'NONE', #278, #3755, #1255 ) ;
#494 = EDGE_CURVE ( 'NONE', #4100, #1556, #2065, .T. ) ;
#495 = VERTEX_POINT ( 'NONE', #2347 ) ;
#496 = DIRECTION ( 'NONE',  ( 0.000000000000000000, 0.000000000000000000, 1.000000000000000000 ) ) ;
#497 = CARTESIAN_POINT ( 'NONE',  ( 2.390000000000001457, 0.2000000000000000111, -0.4299999999999926659 ) ) ;
#498 = DIRECTION ( 'NONE',  ( -0.7071067811865472397, 0.000000000000000000, 0.7071067811865479058 ) ) ;
#499 = VECTOR ( 'NONE', #2522, 1000.000000000000000 ) ;
#500 = CARTESIAN_POINT ( 'NONE',  ( 3.000000000000006217, 0.2000000000000000111, -1.699999999999990630 ) ) ;
#501 = VERTEX_POINT ( 'NONE', #3982 ) ;
#502 = AXIS2_PLACEMENT_3D ( 'NONE', #2407, #453, #3666 ) ;
#503 = EDGE_CURVE ( 'NONE', #1066, #936, #3083, .T. ) ;
#504 = EDGE_CURVE ( 'NONE', #3321, #1263, #1398, .T. ) ;
#505 = LINE ( 'NONE', #3651, #2164 ) ;
#506 = DIRECTION ( 'NONE',  ( -3.966593313971360706E-15, 0.000000000000000000, 1.000000000000000000 ) ) ;
#507 = VECTOR ( 'NONE', #1683, 1000.000000000000000 ) ;
#508 = ORIENTED_EDGE ( 'NONE', *, *, #54, .F. ) ;
#509 = VECTOR ( 'NONE', #3692, 1000.000000000000000 ) ;
#510 = DIRECTION ( 'NONE',  ( 1.000000000000000000, -0.000000000000000000, -1.734723475976807094E-15 ) ) ;
#511 = ADVANCED_FACE ( 'NONE', ( #3957 ), #1123, .F. ) ;
#512 = ADVANCED_FACE ( 'NONE', ( #814 ), #1733, .F. ) ;
#513 = ORIENTED_EDGE ( 'NONE', *, *, #3852, .F. ) ;
#514 = LINE ( 'NONE', #3462, #771 ) ;
#515 = AXIS2_PLACEMENT_3D ( 'NONE', #3757, #3187, #2549 ) ;
#516 = DIRECTION ( 'NONE',  ( 1.000000000000000000, -0.000000000000000000, 2.433723121784104254E-15 ) ) ;
#517 = DIRECTION ( 'NONE',  ( 1.000000000000000000, 0.000000000000000000, 3.491481338843133355E-15 ) ) ;
#518 = ORIENTED_EDGE ( 'NONE', *, *, #1142, .T. ) ;
#519 = DIRECTION ( 'NONE',  ( -0.000000000000000000, -1.000000000000000000, -0.000000000000000000 ) ) ;
#520 = AXIS2_PLACEMENT_3D ( 'NONE', #2859, #3517, #960 ) ;
#521 = DIRECTION ( 'NONE',  ( 1.000000000000000000, 0.000000000000000000, 3.846957460969528355E-15 ) ) ;
#522 = LINE ( 'NONE', #1485, #371 ) ;
#523 = CARTESIAN_POINT ( 'NONE',  ( 2.390000000000006342, 0.9349829930005185696, -1.699999999999992850 ) ) ;
#524 = EDGE_LOOP ( 'NONE', ( #841, #2595, #1133, #177 ) ) ;
#525 = DIRECTION ( 'NONE',  ( 1.000000000000000000, 0.000000000000000000, 3.491481338843133355E-15 ) ) ;
#526 = CARTESIAN_POINT ( 'NONE',  ( -2.639750710062407003E-15, 0.05000000000000000971, 0.8400000000000006350 ) ) ;
#527 = DIRECTION ( 'NONE',  ( -1.000000000000000000, 0.000000000000000000, -2.780529094590343750E-15 ) ) ;
#528 = ORIENTED_EDGE ( 'NONE', *, *, #1675, .F. ) ;
#529 = DIRECTION ( 'NONE',  ( 1.000000000000000000, 0.000000000000000000, 2.433723121784102677E-15 ) ) ;
#530 = CARTESIAN_POINT ( 'NONE',  ( 1.000000000000000000, 6.112726612993349740, 2.499999999999989342 ) ) ;
#531 = VERTEX_POINT ( 'NONE', #1467 ) ;
#532 = DIRECTION ( 'NONE',  ( -0.000000000000000000, -1.000000000000000000, -0.000000000000000000 ) ) ;
#533 = VERTEX_POINT ( 'NONE', #3063 ) ;
#534 = DIRECTION ( 'NONE',  ( -0.000000000000000000, -1.000000000000000000, 0.000000000000000000 ) ) ;
#535 = CARTESIAN_POINT ( 'NONE',  ( -2.389999999999993463, 0.04999999999999999584, -2.110000000000008757 ) ) ;
#536 = EDGE_CURVE ( 'NONE', #2525, #3004, #471, .T. ) ;
#537 = EDGE_CURVE ( 'NONE', #3646, #1507, #2370, .T. ) ;
#538 = APPLICATION_PROTOCOL_DEFINITION ( 'draft international standard', 'automotive_design', 1998, #229 ) ;
#539 = EDGE_LOOP ( 'NONE', ( #1928, #2473, #1552, #170 ) ) ;
#540 = LINE ( 'NONE', #258, #2831 ) ;
#541 = VERTEX_POINT ( 'NONE', #2726 ) ;
#542 = CARTESIAN_POINT ( 'NONE',  ( 1.000000000000000000, 0.000000000000000000, 2.499999999999989342 ) ) ;
#543 = DIRECTION ( 'NONE',  ( -6.368294698887134525E-16, 0.000000000000000000, -1.000000000000000000 ) ) ;
#544 = LINE ( 'NONE', #3417, #1244 ) ;
#545 = ORIENTED_EDGE ( 'NONE', *, *, #2977, .T. ) ;
#546 = DIRECTION ( 'NONE',  ( 3.318008991245452646E-15, 0.000000000000000000, -1.000000000000000000 ) ) ;
#547 = EDGE_CURVE ( 'NONE', #1404, #3730, #3647, .T. ) ;
#548 = DIRECTION ( 'NONE',  ( 3.846957460969528355E-15, 0.000000000000000000, -1.000000000000000000 ) ) ;
#549 = ORIENTED_EDGE ( 'NONE', *, *, #35, .T. ) ;
#550 = CARTESIAN_POINT ( 'NONE',  ( 2.389999999999985913, 3.002042352594308776E-17, 1.700000000000007505 ) ) ;
#551 = VERTEX_POINT ( 'NONE', #3686 ) ;
#552 = FACE_OUTER_BOUND ( 'NONE', #2863, .T. ) ;
#553 = PLANE ( 'NONE',  #3382 ) ;
#554 = ORIENTED_EDGE ( 'NONE', *, *, #2161, .T. ) ;
#555 = EDGE_CURVE ( 'NONE', #1263, #3776, #1822, .T. ) ;
#556 = EDGE_CURVE ( 'NONE', #3995, #2591, #836, .T. ) ;
#557 = CARTESIAN_POINT ( 'NONE',  ( -2.999999999999993339, 0.9349829930005185696, -2.110000000000010090 ) ) ;
#558 = CARTESIAN_POINT ( 'NONE',  ( 0.000000000000000000, 0.000000000000000000, 0.000000000000000000 ) ) ;
#559 = AXIS2_PLACEMENT_3D ( 'NONE', #734, #411, #2030 ) ;
#560 = CARTESIAN_POINT ( 'NONE',  ( 1.249999999999999778, 0.1999999999999996503, 2.159499999999999087 ) ) ;
#561 = ORIENTED_EDGE ( 'NONE', *, *, #291, .T. ) ;
#562 = CARTESIAN_POINT ( 'NONE',  ( 0.000000000000000000, 0.2000000000000000111, 0.000000000000000000 ) ) ;
#563 = FACE_OUTER_BOUND ( 'NONE', #2841, .T. ) ;
#564 = VECTOR ( 'NONE', #2731, 1000.000000000000000 ) ;
#565 = CARTESIAN_POINT ( 'NONE',  ( -1.249999999999999778, 0.000000000000000000, -2.159499999999999087 ) ) ;
#566 = VERTEX_POINT ( 'NONE', #770 ) ;
#567 = CARTESIAN_POINT ( 'NONE',  ( -1.000000000000000000, 0.2000000000000005107, 2.499999999999996891 ) ) ;
#568 = AXIS2_PLACEMENT_3D ( 'NONE', #1044, #3520, #2592 ) ;
#569 = DIRECTION ( 'NONE',  ( 3.491481338843133355E-15, 0.000000000000000000, -1.000000000000000000 ) ) ;
#570 = ORIENTED_EDGE ( 'NONE', *, *, #2138, .T. ) ;
#571 = VECTOR ( 'NONE', #1187, 1000.000000000000000 ) ;
#572 = ORIENTED_EDGE ( 'NONE', *, *, #2631, .F. ) ;
#573 = AXIS2_PLACEMENT_3D ( 'NONE', #815, #1751, #152 ) ;
#574 = DIRECTION ( 'NONE',  ( -0.000000000000000000, -1.000000000000000000, 0.000000000000000000 ) ) ;
#575 = VECTOR ( 'NONE', #3683, 1000.000000000000000 ) ;
#576 = ADVANCED_FACE ( 'NONE', ( #3624 ), #2999, .F. ) ;
#577 = DIRECTION ( 'NONE',  ( -0.000000000000000000, -0.000000000000000000, 1.000000000000000000 ) ) ;
#578 = DIRECTION ( 'NONE',  ( 0.000000000000000000, 0.000000000000000000, -1.000000000000000000 ) ) ;
#579 = VECTOR ( 'NONE', #2982, 1000.000000000000000 ) ;
#580 = CARTESIAN_POINT ( 'NONE',  ( 1.000000000000000000, 0.2000000000000000111, 2.159499999999999531 ) ) ;
#581 = AXIS2_PLACEMENT_3D ( 'NONE', #2649, #766, #2367 ) ;
#582 = ORIENTED_EDGE ( 'NONE', *, *, #3690, .F. ) ;
#583 = LINE ( 'NONE', #1898, #287 ) ;
#584 = AXIS2_PLACEMENT_3D ( 'NONE', #1974, #379, #996 ) ;
#585 = FACE_OUTER_BOUND ( 'NONE', #2666, .T. ) ;
#586 = EDGE_CURVE ( 'NONE', #2783, #1390, #1165, .T. ) ;
#587 = CARTESIAN_POINT ( 'NONE',  ( 2.389999999999992575, 0.9349829930005185696, 0.8400000000000074074 ) ) ;
#588 = EDGE_CURVE ( 'NONE', #477, #2176, #2672, .T. ) ;
#589 = LINE ( 'NONE', #2234, #1025 ) ;
#590 = VERTEX_POINT ( 'NONE', #3329 ) ;
#591 = ORIENTED_EDGE ( 'NONE', *, *, #871, .F. ) ;
#592 = ORIENTED_EDGE ( 'NONE', *, *, #2544, .F. ) ;
#593 = LINE ( 'NONE', #2503, #1365 ) ;
#594 = LINE ( 'NONE', #1858, #2506 ) ;
#595 = ORIENTED_EDGE ( 'NONE', *, *, #3922, .T. ) ;
#596 = DIRECTION ( 'NONE',  ( -1.000000000000000000, 0.000000000000000000, -3.491481338843133750E-15 ) ) ;
#597 = DIRECTION ( 'NONE',  ( 0.000000000000000000, 0.000000000000000000, -1.000000000000000000 ) ) ;
#598 = EDGE_CURVE ( 'NONE', #4056, #2500, #2127, .T. ) ;
#599 = ORIENTED_EDGE ( 'NONE', *, *, #1089, .T. ) ;
#600 = ORIENTED_EDGE ( 'NONE', *, *, #2499, .F. ) ;
#601 = DIRECTION ( 'NONE',  ( 1.000000000000000000, 0.000000000000000000, 1.734723475976807094E-15 ) ) ;
#602 = CARTESIAN_POINT ( 'NONE',  ( -4.589789196855301578E-15, 0.2000000000000000111, 1.270000000000000018 ) ) ;
#603 = DIRECTION ( 'NONE',  ( -0.000000000000000000, -1.000000000000000000, 0.000000000000000000 ) ) ;
#604 = CARTESIAN_POINT ( 'NONE',  ( 1.250000000000000000, 6.112726612993349740, -2.499999999999989786 ) ) ;
#605 = EDGE_CURVE ( 'NONE', #2517, #495, #2191, .T. ) ;
#606 =( NAMED_UNIT ( * ) SI_UNIT ( $, .STERADIAN. ) SOLID_ANGLE_UNIT ( ) );
#607 = ADVANCED_FACE ( 'NONE', ( #1193 ), #1922, .T. ) ;
#608 = DIRECTION ( 'NONE',  ( 1.000000000000000000, -0.000000000000000000, 2.433723121784104254E-15 ) ) ;
#609 = ORIENTED_EDGE ( 'NONE', *, *, #1069, .T. ) ;
#610 = ORIENTED_EDGE ( 'NONE', *, *, #2409, .T. ) ;
#611 = ORIENTED_EDGE ( 'NONE', *, *, #3959, .F. ) ;
#612 = CARTESIAN_POINT ( 'NONE',  ( 2.390000000000007230, 0.000000000000000000, -2.109999999999992326 ) ) ;
#613 = DIRECTION ( 'NONE',  ( 0.000000000000000000, 0.000000000000000000, 1.000000000000000000 ) ) ;
#614 = ORIENTED_EDGE ( 'NONE', *, *, #3870, .T. ) ;
#615 = CARTESIAN_POINT ( 'NONE',  ( -1.578000000000000291, 0.2000000000000000111, -1.859500000000000153 ) ) ;
#616 = ORIENTED_EDGE ( 'NONE', *, *, #3713, .T. ) ;
#617 = ORIENTED_EDGE ( 'NONE', *, *, #2213, .F. ) ;
#618 = CARTESIAN_POINT ( 'NONE',  ( 2.999999999999984901, 0.2000000000000000111, 2.110000000000009646 ) ) ;
#619 = VECTOR ( 'NONE', #232, 1000.000000000000000 ) ;
#620 = LINE ( 'NONE', #3858, #32 ) ;
#621 = CARTESIAN_POINT ( 'NONE',  ( 0.000000000000000000, 0.05000000000000000278, 0.000000000000000000 ) ) ;
#622 = EDGE_CURVE ( 'NONE', #2281, #3505, #883, .T. ) ;
#623 = CARTESIAN_POINT ( 'NONE',  ( -1.577999999999999625, 0.2000000000000000111, 2.159500000000000419 ) ) ;
#624 = CLOSED_SHELL ( 'NONE', ( #3591, #2472, #712, #1473, #3158, #220 ) ) ;
#625 = SURFACE_STYLE_USAGE ( .BOTH. , #3207 ) ;
#626 = ORIENTED_EDGE ( 'NONE', *, *, #2851, .T. ) ;
#627 = EDGE_CURVE ( 'NONE', #1261, #1761, #1209, .T. ) ;
#628 = ADVANCED_FACE ( 'NONE', ( #3140 ), #3456, .T. ) ;
#629 = ORIENTED_EDGE ( 'NONE', *, *, #3797, .F. ) ;
#630 = AXIS2_PLACEMENT_3D ( 'NONE', #2772, #2452, #3736 ) ;
#631 = AXIS2_PLACEMENT_3D ( 'NONE', #2202, #2847, #314 ) ;
#632 = ORIENTED_EDGE ( 'NONE', *, *, #2715, .F. ) ;
#633 = UNCERTAINTY_MEASURE_WITH_UNIT (LENGTH_MEASURE( 1.000000000000000082E-05 ), #2099, 'distance_accuracy_value', 'NONE');
#634 = CARTESIAN_POINT ( 'NONE',  ( 1.250000000000000000, 0.04999999999999969746, 2.499999999999989786 ) ) ;
#635 = VECTOR ( 'NONE', #354, 1000.000000000000000 ) ;
#636 =( NAMED_UNIT ( * ) PLANE_ANGLE_UNIT ( ) SI_UNIT ( $, .RADIAN. ) );
#637 = VERTEX_POINT ( 'NONE', #618 ) ;
#638 = EDGE_CURVE ( 'NONE', #3201, #2294, #583, .T. ) ;
#639 = EDGE_CURVE ( 'NONE', #3950, #3162, #647, .T. ) ;
#640 = FACE_OUTER_BOUND ( 'NONE', #4129, .T. ) ;
#641 =( GEOMETRIC_REPRESENTATION_CONTEXT ( 3 ) GLOBAL_UNCERTAINTY_ASSIGNED_CONTEXT ( ( #3427 ) ) GLOBAL_UNIT_ASSIGNED_CONTEXT ( ( #1074, #1456, #189 ) ) REPRESENTATION_CONTEXT ( 'NONE', 'WORKASPACE' ) );
#642 = DIRECTION ( 'NONE',  ( 0.000000000000000000, 1.000000000000000000, 0.000000000000000000 ) ) ;
#643 = CYLINDRICAL_SURFACE ( 'NONE', #3853, 0.3084292306793632310 ) ;
#644 = VECTOR ( 'NONE', #596, 1000.000000000000000 ) ;
#645 = ORIENTED_EDGE ( 'NONE', *, *, #811, .F. ) ;
#646 = ORIENTED_EDGE ( 'NONE', *, *, #2856, .F. ) ;
#647 = LINE ( 'NONE', #4052, #2829 ) ;
#648 = FACE_OUTER_BOUND ( 'NONE', #4065, .T. ) ;
#649 = AXIS2_PLACEMENT_3D ( 'NONE', #2769, #1772, #3413 ) ;
#650 = DIRECTION ( 'NONE',  ( -1.000000000000000000, 0.000000000000000000, -1.734723475976807094E-15 ) ) ;
#651 = VERTEX_POINT ( 'NONE', #3777 ) ;
#652 = VECTOR ( 'NONE', #1707, 1000.000000000000000 ) ;
#653 = CARTESIAN_POINT ( 'NONE',  ( -3.000000000000007105, 0.2000000000000000111, 1.699999999999989742 ) ) ;
#654 = CARTESIAN_POINT ( 'NONE',  ( 1.000000000000000000, 0.2000000000000000111, -2.499999999999989342 ) ) ;
#655 = LINE ( 'NONE', #3541, #4044 ) ;
#656 = ORIENTED_EDGE ( 'NONE', *, *, #439, .F. ) ;
#657 = VERTEX_POINT ( 'NONE', #1568 ) ;
#658 = CARTESIAN_POINT ( 'NONE',  ( 2.389999999999985913, 3.002042352594308776E-17, 1.700000000000007505 ) ) ;
#659 = ORIENTED_EDGE ( 'NONE', *, *, #450, .T. ) ;
#660 = DIRECTION ( 'NONE',  ( 2.008246672814085661E-16, 0.000000000000000000, -1.000000000000000000 ) ) ;
#661 = CARTESIAN_POINT ( 'NONE',  ( -3.000000000000003553, 0.2000000000000005107, 0.8399999999999915312 ) ) ;
#662 = EDGE_CURVE ( 'NONE', #2116, #3389, #2526, .T. ) ;
#663 = EDGE_CURVE ( 'NONE', #3582, #1149, #301, .T. ) ;
#664 = CARTESIAN_POINT ( 'NONE',  ( 1.000000000000000000, 0.04999999999999969746, -2.499999999999989342 ) ) ;
#665 = ORIENTED_EDGE ( 'NONE', *, *, #494, .F. ) ;
#666 = ORIENTED_EDGE ( 'NONE', *, *, #475, .T. ) ;
#667 = DIRECTION ( 'NONE',  ( -0.000000000000000000, -1.000000000000000000, 0.000000000000000000 ) ) ;
#668 = PLANE ( 'NONE',  #1718 ) ;
#669 = PLANE ( 'NONE',  #1853 ) ;
#670 = LINE ( 'NONE', #1943, #2417 ) ;
#671 = DIRECTION ( 'NONE',  ( -1.000000000000000000, 0.000000000000000000, -3.491481338843133355E-15 ) ) ;
#672 =( NAMED_UNIT ( * ) SI_UNIT ( $, .STERADIAN. ) SOLID_ANGLE_UNIT ( ) );
#673 = EDGE_CURVE ( 'NONE', #1597, #690, #4070, .T. ) ;
#674 = ORIENTED_EDGE ( 'NONE', *, *, #1115, .T. ) ;
#675 = VERTEX_POINT ( 'NONE', #937 ) ;
#676 = UNCERTAINTY_MEASURE_WITH_UNIT (LENGTH_MEASURE( 1.000000000000000082E-05 ), #3614, 'distance_accuracy_value', 'NONE');
#677 = LINE ( 'NONE', #1026, #2346 ) ;
#678 = ORIENTED_EDGE ( 'NONE', *, *, #416, .T. ) ;
#679 = CARTESIAN_POINT ( 'NONE',  ( 2.389999999999992575, 0.2000000000000000111, 0.8400000000000074074 ) ) ;
#680 = CARTESIAN_POINT ( 'NONE',  ( 2.389999999999992575, 0.9349829930005185696, 0.8400000000000074074 ) ) ;
#681 = VERTEX_POINT ( 'NONE', #4086 ) ;
#682 = EDGE_CURVE ( 'NONE', #2310, #775, #900, .T. ) ;
#683 = EDGE_CURVE ( 'NONE', #2617, #335, #1229, .T. ) ;
#684 = DIRECTION ( 'NONE',  ( 1.000000000000000000, -0.000000000000000000, -0.000000000000000000 ) ) ;
#685 = DIRECTION ( 'NONE',  ( 1.000000000000000000, 0.000000000000000000, 2.780529094590343356E-15 ) ) ;
#686 = LINE ( 'NONE', #1958, #437 ) ;
#687 = LINE ( 'NONE', #2024, #1840 ) ;
#688 = DIRECTION ( 'NONE',  ( 3.491481338843133355E-15, 0.000000000000000000, -1.000000000000000000 ) ) ;
#689 = FILL_AREA_STYLE_COLOUR ( '', #2242 ) ;
#690 = VERTEX_POINT ( 'NONE', #2511 ) ;
#691 = VERTEX_POINT ( 'NONE', #2209 ) ;
#692 = VECTOR ( 'NONE', #2494, 1000.000000000000000 ) ;
#693 = PLANE ( 'NONE',  #282 ) ;
#694 = VERTEX_POINT ( 'NONE', #2858 ) ;
#695 = AXIS2_PLACEMENT_3D ( 'NONE', #226, #1515, #2375 ) ;
#696 = LINE ( 'NONE', #2247, #635 ) ;
#697 = VECTOR ( 'NONE', #3439, 1000.000000000000000 ) ;
#698 = ADVANCED_FACE ( 'NONE', ( #1531 ), #1844, .T. ) ;
#699 = CARTESIAN_POINT ( 'NONE',  ( -2.362567907003926493, 1.500000000000000000, -1.825901045621835195 ) ) ;
#700 = ORIENTED_EDGE ( 'NONE', *, *, #673, .F. ) ;
#701 = VECTOR ( 'NONE', #1972, 1000.000000000000000 ) ;
#702 = LINE ( 'NONE', #2307, #2230 ) ;
#703 = LINE ( 'NONE', #3894, #1316 ) ;
#704 = VECTOR ( 'NONE', #2604, 1000.000000000000000 ) ;
#705 = CARTESIAN_POINT ( 'NONE',  ( -2.362567907003926493, 1.500000000000000000, -1.825901045621835195 ) ) ;
#706 = VECTOR ( 'NONE', #368, 1000.000000000000000 ) ;
#707 = EDGE_LOOP ( 'NONE', ( #3132, #1722, #33, #994 ) ) ;
#708 = CARTESIAN_POINT ( 'NONE',  ( -2.999999999999992895, 1.600000000000000755, -2.500000000000010214 ) ) ;
#709 = DIRECTION ( 'NONE',  ( 0.000000000000000000, -0.000000000000000000, 1.000000000000000000 ) ) ;
#710 = VECTOR ( 'NONE', #3348, 1000.000000000000000 ) ;
#711 = EDGE_CURVE ( 'NONE', #1711, #753, #3165, .T. ) ;
#712 = ADVANCED_FACE ( 'NONE', ( #2228 ), #3495, .F. ) ;
#713 = CARTESIAN_POINT ( 'NONE',  ( 0.000000000000000000, 0.000000000000000000, 0.000000000000000000 ) ) ;
#714 = VECTOR ( 'NONE', #3661, 1000.000000000000000 ) ;
#715 = VERTEX_POINT ( 'NONE', #3105 ) ;
#716 = ORIENTED_EDGE ( 'NONE', *, *, #2350, .F. ) ;
#717 = MECHANICAL_DESIGN_GEOMETRIC_PRESENTATION_REPRESENTATION (  '', ( #174 ), #3049 ) ;
#718 = CARTESIAN_POINT ( 'NONE',  ( -1.578000000000000291, 0.1999999999999996503, -1.859500000000000153 ) ) ;
#719 = VERTEX_POINT ( 'NONE', #244 ) ;
#720 = DIRECTION ( 'NONE',  ( -0.000000000000000000, -1.000000000000000000, 0.000000000000000000 ) ) ;
#721 = PLANE ( 'NONE',  #2571 ) ;
#722 = ORIENTED_EDGE ( 'NONE', *, *, #1993, .F. ) ;
#723 = EDGE_CURVE ( 'NONE', #3328, #3364, #2889, .T. ) ;
#724 = LINE ( 'NONE', #2001, #1238 ) ;
#725 = DIRECTION ( 'NONE',  ( 3.097720492815651494E-14, 0.000000000000000000, -1.000000000000000000 ) ) ;
#726 = DIRECTION ( 'NONE',  ( 1.000000000000000000, 0.000000000000000000, 3.491481338843133355E-15 ) ) ;
#727 = DIRECTION ( 'NONE',  ( -2.433723121784104254E-15, 0.000000000000000000, 1.000000000000000000 ) ) ;
#728 = DIRECTION ( 'NONE',  ( -1.000000000000000000, 0.000000000000000000, 1.734723475976807292E-15 ) ) ;
#729 = LINE ( 'NONE', #2317, #2302 ) ;
#730 = ORIENTED_EDGE ( 'NONE', *, *, #888, .F. ) ;
#731 = EDGE_CURVE ( 'NONE', #2591, #3021, #339, .T. ) ;
#732 = EDGE_CURVE ( 'NONE', #2872, #949, #702, .T. ) ;
#733 = DIRECTION ( 'NONE',  ( -2.433723121784104254E-15, 0.000000000000000000, 1.000000000000000000 ) ) ;
#734 = CARTESIAN_POINT ( 'NONE',  ( -2.113437816226393418E-14, 0.2000000000000000389, 3.810000000000000053 ) ) ;
#735 = ORIENTED_EDGE ( 'NONE', *, *, #3959, .T. ) ;
#736 = ORIENTED_EDGE ( 'NONE', *, *, #2404, .T. ) ;
#737 = DIRECTION ( 'NONE',  ( 1.000000000000000000, 0.000000000000000000, 3.097720492815651494E-14 ) ) ;
#738 = CARTESIAN_POINT ( 'NONE',  ( 1.250000000000000000, 0.2000000000000000111, -2.499999999999989786 ) ) ;
#739 = FACE_OUTER_BOUND ( 'NONE', #3092, .T. ) ;
#740 = CARTESIAN_POINT ( 'NONE',  ( 2.389999999999997904, 0.2000000000000000111, 0.4300000000000076539 ) ) ;
#741 = CARTESIAN_POINT ( 'NONE',  ( -7.044792720754645778E-15, 1.000680784198103080E-17, 1.270000000000000018 ) ) ;
#742 = VERTEX_POINT ( 'NONE', #3259 ) ;
#743 = CARTESIAN_POINT ( 'NONE',  ( -2.389999999999993463, 0.2000000000000000111, -2.110000000000008757 ) ) ;
#744 = LINE ( 'NONE', #3585, #2619 ) ;
#745 = DIRECTION ( 'NONE',  ( 1.618614838246585705E-16, -0.000000000000000000, 1.000000000000000000 ) ) ;
#746 = EDGE_CURVE ( 'NONE', #1538, #2442, #44, .T. ) ;
#747 = CARTESIAN_POINT ( 'NONE',  ( 2.389999999999997016, 0.2000000000000000111, 0.8400000000000074074 ) ) ;
#748 = ORIENTED_EDGE ( 'NONE', *, *, #3770, .F. ) ;
#749 = VERTEX_POINT ( 'NONE', #3577 ) ;
#750 = ORIENTED_EDGE ( 'NONE', *, *, #1482, .T. ) ;
#751 = VECTOR ( 'NONE', #2463, 1000.000000000000000 ) ;
#752 = DIRECTION ( 'NONE',  ( 0.000000000000000000, -1.000000000000000000, 0.000000000000000000 ) ) ;
#753 = VERTEX_POINT ( 'NONE', #381 ) ;
#754 = VECTOR ( 'NONE', #3722, 1000.000000000000000 ) ;
#755 = ORIENTED_EDGE ( 'NONE', *, *, #3459, .T. ) ;
#756 = DIRECTION ( 'NONE',  ( -2.780529094590343356E-15, 0.000000000000000000, 1.000000000000000000 ) ) ;
#757 = VECTOR ( 'NONE', #3694, 1000.000000000000000 ) ;
#758 = EDGE_CURVE ( 'NONE', #2758, #3833, #401, .T. ) ;
#759 = EDGE_CURVE ( 'NONE', #1033, #3139, #1645, .T. ) ;
#760 = DIRECTION ( 'NONE',  ( -2.433723121784104254E-15, 0.000000000000000000, 1.000000000000000000 ) ) ;
#761 = ORIENTED_EDGE ( 'NONE', *, *, #682, .T. ) ;
#762 = FACE_OUTER_BOUND ( 'NONE', #3655, .T. ) ;
#763 = AXIS2_PLACEMENT_3D ( 'NONE', #1775, #2080, #3044 ) ;
#764 = VECTOR ( 'NONE', #351, 1000.000000000000000 ) ;
#765 = DIRECTION ( 'NONE',  ( -1.000000000000000000, 0.000000000000000000, -3.846957460969528355E-15 ) ) ;
#766 = DIRECTION ( 'NONE',  ( -2.780529094590343356E-15, 0.000000000000000000, 1.000000000000000000 ) ) ;
#767 = VECTOR ( 'NONE', #2123, 1000.000000000000000 ) ;
#768 = CARTESIAN_POINT ( 'NONE',  ( 2.389999999999992575, 0.2000000000000000111, 0.8400000000000074074 ) ) ;
#769 = ORIENTED_EDGE ( 'NONE', *, *, #2708, .F. ) ;
#770 = CARTESIAN_POINT ( 'NONE',  ( 2.999999999999992450, 0.2000000000000000111, 2.110000000000009646 ) ) ;
#771 = VECTOR ( 'NONE', #1944, 1000.000000000000000 ) ;
#772 = FACE_OUTER_BOUND ( 'NONE', #1999, .T. ) ;
#773 = DIRECTION ( 'NONE',  ( 3.404745165044293001E-15, 0.000000000000000000, -1.000000000000000000 ) ) ;
#774 = AXIS2_PLACEMENT_3D ( 'NONE', #523, #2917, #406 ) ;
#775 = VERTEX_POINT ( 'NONE', #1684 ) ;
#776 = VECTOR ( 'NONE', #2529, 1000.000000000000000 ) ;
#777 = PLANE ( 'NONE',  #2227 ) ;
#778 = EDGE_CURVE ( 'NONE', #2064, #1692, #2547, .T. ) ;
#779 = DIRECTION ( 'NONE',  ( -2.433723121784104254E-15, 0.000000000000000000, 1.000000000000000000 ) ) ;
#780 = AXIS2_PLACEMENT_3D ( 'NONE', #602, #1194, #3756 ) ;
#781 = ORIENTED_EDGE ( 'NONE', *, *, #74, .T. ) ;
#782 = ORIENTED_EDGE ( 'NONE', *, *, #1169, .F. ) ;
#783 =( GEOMETRIC_REPRESENTATION_CONTEXT ( 3 ) GLOBAL_UNCERTAINTY_ASSIGNED_CONTEXT ( ( #676 ) ) GLOBAL_UNIT_ASSIGNED_CONTEXT ( ( #3614, #3678, #419 ) ) REPRESENTATION_CONTEXT ( 'NONE', 'WORKASPACE' ) );
#784 = CARTESIAN_POINT ( 'NONE',  ( -2.999999999999993783, 0.000000000000000000, -1.700000000000011058 ) ) ;
#785 = DIRECTION ( 'NONE',  ( 0.000000000000000000, -1.000000000000000000, 0.000000000000000000 ) ) ;
#786 = LINE ( 'NONE', #142, #1387 ) ;
#787 = ORIENTED_EDGE ( 'NONE', *, *, #1679, .T. ) ;
#788 = EDGE_CURVE ( 'NONE', #2617, #4119, #2950, .T. ) ;
#789 = ADVANCED_FACE ( 'NONE', ( #86 ), #3598, .F. ) ;
#790 = CARTESIAN_POINT ( 'NONE',  ( -1.250000000000000000, 0.2000000000000000111, 2.499999999999989786 ) ) ;
#791 = FACE_OUTER_BOUND ( 'NONE', #3062, .T. ) ;
#792 = ORIENTED_EDGE ( 'NONE', *, *, #812, .T. ) ;
#793 = DIRECTION ( 'NONE',  ( -0.000000000000000000, -1.000000000000000000, 0.000000000000000000 ) ) ;
#794 = LINE ( 'NONE', #3330, #1442 ) ;
#795 = CARTESIAN_POINT ( 'NONE',  ( 2.390000000000002345, 0.2000000000000000111, -0.8399999999999924194 ) ) ;
#796 = LINE ( 'NONE', #3668, #1046 ) ;
#797 = ORIENTED_EDGE ( 'NONE', *, *, #1401, .F. ) ;
#798 = DIRECTION ( 'NONE',  ( -2.433723121784104649E-15, 0.000000000000000000, 1.000000000000000000 ) ) ;
#799 = LINE ( 'NONE', #1517, #77 ) ;
#800 = ADVANCED_FACE ( 'NONE', ( #3875 ), #3834, .F. ) ;
#801 = ORIENTED_EDGE ( 'NONE', *, *, #1090, .F. ) ;
#802 = LINE ( 'NONE', #165, #1842 ) ;
#803 = ORIENTED_EDGE ( 'NONE', *, *, #2036, .T. ) ;
#804 = DIRECTION ( 'NONE',  ( -2.433723121784102677E-15, 0.000000000000000000, 1.000000000000000000 ) ) ;
#805 = EDGE_CURVE ( 'NONE', #3833, #3950, #3857, .T. ) ;
#806 = ORIENTED_EDGE ( 'NONE', *, *, #3533, .F. ) ;
#807 = LINE ( 'NONE', #3706, #847 ) ;
#808 = PLANE ( 'NONE',  #231 ) ;
#809 = FACE_OUTER_BOUND ( 'NONE', #3947, .T. ) ;
#810 = FILL_AREA_STYLE ('',( #3978 ) ) ;
#811 = EDGE_CURVE ( 'NONE', #1555, #1152, #1664, .T. ) ;
#812 = EDGE_CURVE ( 'NONE', #1122, #3267, #3553, .T. ) ;
#813 = ORIENTED_EDGE ( 'NONE', *, *, #1949, .T. ) ;
#814 = FACE_OUTER_BOUND ( 'NONE', #3542, .T. ) ;
#815 = CARTESIAN_POINT ( 'NONE',  ( -2.999999999999992895, 11.01024967590665504, -2.500000000000010214 ) ) ;
#816 = DIRECTION ( 'NONE',  ( -1.000000000000000000, 0.000000000000000000, -3.491481338843133355E-15 ) ) ;
#817 = EDGE_CURVE ( 'NONE', #2865, #1610, #1036, .T. ) ;
#818 = DIRECTION ( 'NONE',  ( 1.000000000000000000, 0.000000000000000000, 3.491481338843133355E-15 ) ) ;
#819 = EDGE_CURVE ( 'NONE', #1965, #1287, #724, .T. ) ;
#820 = EDGE_LOOP ( 'NONE', ( #3054, #801, #1800, #2844 ) ) ;
#821 = DIRECTION ( 'NONE',  ( -2.433723121784104254E-15, 0.000000000000000000, 1.000000000000000000 ) ) ;
#822 = LINE ( 'NONE', #3335, #2821 ) ;
#823 = EDGE_LOOP ( 'NONE', ( #3430, #891, #595, #3383 ) ) ;
#824 = FACE_OUTER_BOUND ( 'NONE', #3602, .T. ) ;
#825 = ORIENTED_EDGE ( 'NONE', *, *, #1347, .T. ) ;
#826 = DIRECTION ( 'NONE',  ( 1.000000000000000000, 0.000000000000000000, 0.000000000000000000 ) ) ;
#827 = CARTESIAN_POINT ( 'NONE',  ( 3.000000000000002220, 0.2000000000000000111, -0.8399999999999903100 ) ) ;
#828 = LINE ( 'NONE', #1681, #1319 ) ;
#829 = ORIENTED_EDGE ( 'NONE', *, *, #3510, .T. ) ;
#830 = STYLED_ITEM ( 'NONE', ( #966 ), #2637 ) ;
#831 = DIRECTION ( 'NONE',  ( -0.000000000000000000, -1.000000000000000000, -0.000000000000000000 ) ) ;
#832 = DIRECTION ( 'NONE',  ( 6.368294698887133538E-16, 0.000000000000000000, 1.000000000000000000 ) ) ;
#833 = SURFACE_STYLE_USAGE ( .BOTH. , #2937 ) ;
#834 = VECTOR ( 'NONE', #601, 1000.000000000000000 ) ;
#835 = ORIENTED_EDGE ( 'NONE', *, *, #417, .F. ) ;
#836 = LINE ( 'NONE', #3397, #3828 ) ;
#837 = FACE_OUTER_BOUND ( 'NONE', #1440, .T. ) ;
#838 = CARTESIAN_POINT ( 'NONE',  ( 2.390000000000006342, 0.2000000000000000111, -1.699999999999992850 ) ) ;
#839 = VECTOR ( 'NONE', #3470, 1000.000000000000000 ) ;
#840 = CARTESIAN_POINT ( 'NONE',  ( 2.389999999999993463, 0.2000000000000000111, 1.700000000000007505 ) ) ;
#841 = ORIENTED_EDGE ( 'NONE', *, *, #1210, .T. ) ;
#842 = AXIS2_PLACEMENT_3D ( 'NONE', #1382, #1356, #405 ) ;
#843 = PLANE ( 'NONE',  #3425 ) ;
#844 = ADVANCED_FACE ( 'NONE', ( #739 ), #3185, .T. ) ;
#845 = EDGE_CURVE ( 'NONE', #2336, #775, #3516, .T. ) ;
#846 = DIRECTION ( 'NONE',  ( 1.000000000000000000, 0.000000000000000000, -6.368294698887134525E-16 ) ) ;
#847 = VECTOR ( 'NONE', #3393, 1000.000000000000000 ) ;
#848 = ORIENTED_EDGE ( 'NONE', *, *, #758, .F. ) ;
#849 = PRESENTATION_LAYER_ASSIGNMENT (  '', '', ( #978 ) ) ;
#850 = LINE ( 'NONE', #873, #2156 ) ;
#851 = ORIENTED_EDGE ( 'NONE', *, *, #2315, .T. ) ;
#852 = PRODUCT_DEFINITION_CONTEXT ( 'detailed design', #1166, 'design' ) ;
#853 = LINE ( 'NONE', #964, #3293 ) ;
#854 = AXIS2_PLACEMENT_3D ( 'NONE', #2149, #2068, #476 ) ;
#855 = PLANE ( 'NONE',  #2550 ) ;
#856 = CARTESIAN_POINT ( 'NONE',  ( -2.389999999999998792, 1.939223964876290340, -2.110000000000010090 ) ) ;
#857 = ORIENTED_EDGE ( 'NONE', *, *, #2721, .T. ) ;
#858 = AXIS2_PLACEMENT_3D ( 'NONE', #1865, #2469, #901 ) ;
#859 = LINE ( 'NONE', #580, #767 ) ;
#860 = LINE ( 'NONE', #1529, #1981 ) ;
#861 = AXIS2_PLACEMENT_3D ( 'NONE', #2399, #3657, #124 ) ;
#862 = ADVANCED_FACE ( 'NONE', ( #3202 ), #2572, .T. ) ;
#863 = VERTEX_POINT ( 'NONE', #446 ) ;
#864 = DIRECTION ( 'NONE',  ( -1.000000000000000000, 0.000000000000000000, -3.966593313971360706E-15 ) ) ;
#865 = CARTESIAN_POINT ( 'NONE',  ( 1.000000000000000000, 0.05000000000000000278, 0.000000000000000000 ) ) ;
#866 = PLANE ( 'NONE',  #2246 ) ;
#867 = ORIENTED_EDGE ( 'NONE', *, *, #2257, .T. ) ;
#868 = DIRECTION ( 'NONE',  ( -1.000000000000000000, 0.000000000000000000, 1.734723475976807292E-15 ) ) ;
#869 = DIRECTION ( 'NONE',  ( 0.000000000000000000, -1.000000000000000000, 0.000000000000000000 ) ) ;
#870 = ORIENTED_EDGE ( 'NONE', *, *, #3797, .T. ) ;
#871 = EDGE_CURVE ( 'NONE', #2501, #2352, #2668, .T. ) ;
#872 = ADVANCED_FACE ( 'NONE', ( #172 ), #109, .F. ) ;
#873 = CARTESIAN_POINT ( 'NONE',  ( -1.577999999999999625, 0.2000000000000000111, 2.159500000000000419 ) ) ;
#874 = ORIENTED_EDGE ( 'NONE', *, *, #1841, .F. ) ;
#875 = LINE ( 'NONE', #1763, #3086 ) ;
#876 = PRESENTATION_STYLE_ASSIGNMENT (( #4041 ) ) ;
#877 = EDGE_LOOP ( 'NONE', ( #143, #3503, #2900, #1370 ) ) ;
#878 = DIRECTION ( 'NONE',  ( 1.734723475976807292E-15, 0.000000000000000000, -1.000000000000000000 ) ) ;
#879 = PLANE ( 'NONE',  #2894 ) ;
#880 = DIRECTION ( 'NONE',  ( -1.000000000000000000, 0.000000000000000000, -3.491481338843133750E-15 ) ) ;
#881 = DIRECTION ( 'NONE',  ( -2.433723121784102677E-15, 0.000000000000000000, 1.000000000000000000 ) ) ;
#882 = VERTEX_POINT ( 'NONE', #2383 ) ;
#883 = LINE ( 'NONE', #1508, #3489 ) ;
#884 = DIRECTION ( 'NONE',  ( 1.000000000000000000, 0.000000000000000000, 1.734723475976807292E-15 ) ) ;
#885 = FACE_OUTER_BOUND ( 'NONE', #3294, .T. ) ;
#886 = ORIENTED_EDGE ( 'NONE', *, *, #2925, .T. ) ;
#887 = DIRECTION ( 'NONE',  ( 0.000000000000000000, -1.000000000000000000, 0.000000000000000000 ) ) ;
#888 = EDGE_CURVE ( 'NONE', #719, #936, #126, .T. ) ;
#889 = DIRECTION ( 'NONE',  ( 1.000000000000000000, 0.000000000000000000, 3.966593313971360706E-15 ) ) ;
#890 = ORIENTED_EDGE ( 'NONE', *, *, #313, .T. ) ;
#891 = ORIENTED_EDGE ( 'NONE', *, *, #292, .T. ) ;
#892 = LINE ( 'NONE', #1457, #1506 ) ;
#893 = ORIENTED_EDGE ( 'NONE', *, *, #1015, .F. ) ;
#894 = PLANE ( 'NONE',  #2240 ) ;
#895 = CARTESIAN_POINT ( 'NONE',  ( -2.362567907003926493, 1.600000000000000089, -2.134330276301198648 ) ) ;
#896 = EDGE_CURVE ( 'NONE', #1658, #3236, #3952, .T. ) ;
#897 = VECTOR ( 'NONE', #1203, 1000.000000000000000 ) ;
#898 = ORIENTED_EDGE ( 'NONE', *, *, #504, .F. ) ;
#899 =( GEOMETRIC_REPRESENTATION_CONTEXT ( 3 ) GLOBAL_UNCERTAINTY_ASSIGNED_CONTEXT ( ( #1557 ) ) GLOBAL_UNIT_ASSIGNED_CONTEXT ( ( #4135, #4115, #1575 ) ) REPRESENTATION_CONTEXT ( 'NONE', 'WORKASPACE' ) );
#900 = LINE ( 'NONE', #4108, #2292 ) ;
#901 = DIRECTION ( 'NONE',  ( -1.000000000000000000, 0.000000000000000000, 1.322197771323783418E-15 ) ) ;
#902 = CLOSED_SHELL ( 'NONE', ( #1773, #1888, #3748, #2867, #789, #2403 ) ) ;
#903 = FACE_OUTER_BOUND ( 'NONE', #1698, .T. ) ;
#904 = PLANE ( 'NONE',  #3156 ) ;
#905 = VECTOR ( 'NONE', #2104, 1000.000000000000000 ) ;
#906 = CARTESIAN_POINT ( 'NONE',  ( 1.345729079178028479E-15, 0.05000000000000000278, -0.4300000000000009370 ) ) ;
#907 = ORIENTED_EDGE ( 'NONE', *, *, #2332, .F. ) ;
#908 = VECTOR ( 'NONE', #3219, 1000.000000000000000 ) ;
#909 = VERTEX_POINT ( 'NONE', #3039 ) ;
#910 = ORIENTED_EDGE ( 'NONE', *, *, #3482, .T. ) ;
#911 = AXIS2_PLACEMENT_3D ( 'NONE', #1114, #1092, #3656 ) ;
#912 = DIRECTION ( 'NONE',  ( -3.318008991245452646E-15, 0.000000000000000000, 1.000000000000000000 ) ) ;
#913 = VECTOR ( 'NONE', #3287, 1000.000000000000000 ) ;
#914 = VERTEX_POINT ( 'NONE', #2076 ) ;
#915 = PLANE ( 'NONE',  #2429 ) ;
#916 = VECTOR ( 'NONE', #383, 1000.000000000000000 ) ;
#917 = CARTESIAN_POINT ( 'NONE',  ( 1.250000000000000000, 0.1999999999999996503, 2.499999999999989786 ) ) ;
#918 = DIRECTION ( 'NONE',  ( -1.000000000000000000, 0.000000000000000000, -0.000000000000000000 ) ) ;
#919 = EDGE_LOOP ( 'NONE', ( #2079, #293, #1216, #1643 ) ) ;
#920 = VECTOR ( 'NONE', #1646, 1000.000000000000000 ) ;
#921 = EDGE_CURVE ( 'NONE', #338, #691, #1462, .T. ) ;
#922 = ORIENTED_EDGE ( 'NONE', *, *, #463, .T. ) ;
#923 = DIRECTION ( 'NONE',  ( -2.433723121784104254E-15, 0.000000000000000000, 1.000000000000000000 ) ) ;
#924 = CARTESIAN_POINT ( 'NONE',  ( 1.249999999999999778, 0.1999999999999996503, -2.159499999999999087 ) ) ;
#925 = CARTESIAN_POINT ( 'NONE',  ( 2.389999999999993463, 0.9349829930005185696, 0.4300000000000076539 ) ) ;
#926 = VERTEX_POINT ( 'NONE', #3277 ) ;
#927 = CARTESIAN_POINT ( 'NONE',  ( 0.000000000000000000, 0.05000000000000000278, 0.000000000000000000 ) ) ;
#928 = DIRECTION ( 'NONE',  ( 2.433723121784104254E-15, 0.000000000000000000, -1.000000000000000000 ) ) ;
#929 = ORIENTED_EDGE ( 'NONE', *, *, #2332, .T. ) ;
#930 = ORIENTED_EDGE ( 'NONE', *, *, #55, .T. ) ;
#931 = CARTESIAN_POINT ( 'NONE',  ( 1.249999999999999778, 6.112726612993349740, 2.159499999999999087 ) ) ;
#932 = VERTEX_POINT ( 'NONE', #3660 ) ;
#933 = CARTESIAN_POINT ( 'NONE',  ( -2.389999999999998348, 0.05000000000000000278, -5.816598261064006328E-15 ) ) ;
#934 = EDGE_CURVE ( 'NONE', #1233, #2064, #3011, .T. ) ;
#935 = ORIENTED_EDGE ( 'NONE', *, *, #3943, .T. ) ;
#936 = VERTEX_POINT ( 'NONE', #3618 ) ;
#937 = CARTESIAN_POINT ( 'NONE',  ( 1.249999999999999778, 0.000000000000000000, 2.159499999999999087 ) ) ;
#938 = CARTESIAN_POINT ( 'NONE',  ( -1.408958544150929156E-14, 2.001361568396206159E-17, 2.540000000000000036 ) ) ;
#939 = EDGE_CURVE ( 'NONE', #276, #541, #1797, .T. ) ;
#940 = ADVANCED_FACE ( 'NONE', ( #3060 ), #808, .F. ) ;
#941 = DIRECTION ( 'NONE',  ( -3.491481338843133355E-15, 0.000000000000000000, 1.000000000000000000 ) ) ;
#942 = ORIENTED_EDGE ( 'NONE', *, *, #3327, .T. ) ;
#943 = DIRECTION ( 'NONE',  ( 0.000000000000000000, 0.000000000000000000, 1.000000000000000000 ) ) ;
#944 = DIRECTION ( 'NONE',  ( -1.000000000000000000, 0.000000000000000000, -3.966593313971360706E-15 ) ) ;
#945 = EDGE_CURVE ( 'NONE', #1965, #590, #2366, .T. ) ;
#946 = EDGE_CURVE ( 'NONE', #477, #742, #488, .T. ) ;
#947 = PLANE ( 'NONE',  #2608 ) ;
#948 = ORIENTED_EDGE ( 'NONE', *, *, #1817, .T. ) ;
#949 = VERTEX_POINT ( 'NONE', #4016 ) ;
#950 = ORIENTED_EDGE ( 'NONE', *, *, #3150, .T. ) ;
#951 = FACE_OUTER_BOUND ( 'NONE', #2615, .T. ) ;
#952 = ORIENTED_EDGE ( 'NONE', *, *, #2437, .F. ) ;
#953 = LINE ( 'NONE', #1917, #701 ) ;
#954 = LINE ( 'NONE', #2225, #2502 ) ;
#955 = ORIENTED_EDGE ( 'NONE', *, *, #3769, .F. ) ;
#956 = EDGE_CURVE ( 'NONE', #1392, #2517, #3709, .T. ) ;
#957 = ORIENTED_EDGE ( 'NONE', *, *, #1588, .T. ) ;
#958 = DIRECTION ( 'NONE',  ( 1.000000000000000000, -0.000000000000000000, -2.891205793294679805E-15 ) ) ;
#959 = AXIS2_PLACEMENT_3D ( 'NONE', #2088, #3673, #4036 ) ;
#960 = DIRECTION ( 'NONE',  ( -1.000000000000000000, 0.000000000000000000, -3.097720492815652125E-14 ) ) ;
#961 = LINE ( 'NONE', #2814, #3441 ) ;
#962 = VECTOR ( 'NONE', #3052, 1000.000000000000000 ) ;
#963 = CARTESIAN_POINT ( 'NONE',  ( -3.000000000000015099, 0.2000000000000000111, 2.109999999999989218 ) ) ;
#964 = CARTESIAN_POINT ( 'NONE',  ( -2.389999999999993907, 0.2000000000000000111, -1.700000000000008615 ) ) ;
#965 = AXIS2_PLACEMENT_3D ( 'NONE', #623, #3783, #1903 ) ;
#966 = PRESENTATION_STYLE_ASSIGNMENT (( #625 ) ) ;
#967 = VERTEX_POINT ( 'NONE', #2647 ) ;
#968 = ORIENTED_EDGE ( 'NONE', *, *, #3526, .F. ) ;
#969 = EDGE_CURVE ( 'NONE', #1164, #2310, #195, .T. ) ;
#970 = AXIS2_PLACEMENT_3D ( 'NONE', #333, #1635, #1911 ) ;
#971 = ADVANCED_FACE ( 'NONE', ( #1076 ), #2342, .T. ) ;
#972 = ORIENTED_EDGE ( 'NONE', *, *, #1788, .T. ) ;
#973 = LINE ( 'NONE', #2883, #3616 ) ;
#974 = VECTOR ( 'NONE', #998, 1000.000000000000000 ) ;
#975 = ORIENTED_EDGE ( 'NONE', *, *, #939, .T. ) ;
#976 = VECTOR ( 'NONE', #3072, 1000.000000000000000 ) ;
#977 = LINE ( 'NONE', #318, #2616 ) ;
#978 = STYLED_ITEM ( 'NONE', ( #1653 ), #2679 ) ;
#979 = DIRECTION ( 'NONE',  ( 6.368294698887134525E-16, 0.000000000000000000, 1.000000000000000000 ) ) ;
#980 = EDGE_LOOP ( 'NONE', ( #972, #2134, #2119, #2643 ) ) ;
#981 = EDGE_LOOP ( 'NONE', ( #1417, #204, #1545, #3069 ) ) ;
#982 = CARTESIAN_POINT ( 'NONE',  ( 1.000000000000000000, 0.1999999999999996503, -2.159499999999999531 ) ) ;
#983 = FACE_OUTER_BOUND ( 'NONE', #1660, .T. ) ;
#984 = AXIS2_PLACEMENT_3D ( 'NONE', #2194, #281, #3442 ) ;
#985 = CARTESIAN_POINT ( 'NONE',  ( -2.389999999999998792, 0.2000000000000000944, -2.110000000000010090 ) ) ;
#986 = VECTOR ( 'NONE', #543, 1000.000000000000000 ) ;
#987 = FACE_OUTER_BOUND ( 'NONE', #1073, .T. ) ;
#988 = LINE ( 'NONE', #1155, #3632 ) ;
#989 = VERTEX_POINT ( 'NONE', #3643 ) ;
#990 = VERTEX_POINT ( 'NONE', #2097 ) ;
#991 = CARTESIAN_POINT ( 'NONE',  ( 2.389999999999985025, 0.2000000000000000111, 2.110000000000007425 ) ) ;
#992 = ADVANCED_FACE ( 'NONE', ( #3304 ), #1414, .F. ) ;
#993 = EDGE_CURVE ( 'NONE', #2150, #926, #3976, .T. ) ;
#994 = ORIENTED_EDGE ( 'NONE', *, *, #2895, .F. ) ;
#995 = LINE ( 'NONE', #3297, #3163 ) ;
#996 = DIRECTION ( 'NONE',  ( 0.000000000000000000, 0.000000000000000000, -1.000000000000000000 ) ) ;
#997 = ORIENTED_EDGE ( 'NONE', *, *, #2138, .F. ) ;
#998 = DIRECTION ( 'NONE',  ( 6.368294698887134525E-16, 0.000000000000000000, 1.000000000000000000 ) ) ;
#999 = PLANE ( 'NONE',  #520 ) ;
#1000 = DIRECTION ( 'NONE',  ( -2.433723121784104254E-15, 0.000000000000000000, 1.000000000000000000 ) ) ;
#1001 = VERTEX_POINT ( 'NONE', #2828 ) ;
#1002 = CARTESIAN_POINT ( 'NONE',  ( 2.999999999999992450, 0.9349829930005185696, 0.8400000000000096279 ) ) ;
#1003 = CARTESIAN_POINT ( 'NONE',  ( 2.999999999999991118, 0.05000000000000000278, 2.500000000000011102 ) ) ;
#1004 = SURFACE_STYLE_USAGE ( .BOTH. , #2402 ) ;
#1005 = ORIENTED_EDGE ( 'NONE', *, *, #449, .F. ) ;
#1006 = ORIENTED_EDGE ( 'NONE', *, *, #2425, .T. ) ;
#1007 = EDGE_LOOP ( 'NONE', ( #1389, #298, #2189, #3030, #52, #440, #1583, #561, #781, #1945, #2467, #1350 ) ) ;
#1008 = EDGE_CURVE ( 'NONE', #330, #590, #1268, .T. ) ;
#1009 = PLANE ( 'NONE',  #631 ) ;
#1010 = ORIENTED_EDGE ( 'NONE', *, *, #3638, .F. ) ;
#1011 = DIRECTION ( 'NONE',  ( 1.000000000000000000, 0.000000000000000000, 2.433723121784104254E-15 ) ) ;
#1012 = CARTESIAN_POINT ( 'NONE',  ( 1.249999999999999778, 0.04999999999999999584, -2.159499999999999087 ) ) ;
#1013 = ORIENTED_EDGE ( 'NONE', *, *, #2559, .T. ) ;
#1014 = CARTESIAN_POINT ( 'NONE',  ( 2.999999999999997780, 0.2000000000000000111, 0.4300000000000098188 ) ) ;
#1015 = EDGE_CURVE ( 'NONE', #1486, #2116, #1527, .T. ) ;
#1016 = EDGE_CURVE ( 'NONE', #2131, #2442, #540, .T. ) ;
#1017 = CARTESIAN_POINT ( 'NONE',  ( -1.278000000000000469, 0.1999999999999996503, -2.159499999999999975 ) ) ;
#1018 = LINE ( 'NONE', #45, #3111 ) ;
#1019 = LINE ( 'NONE', #768, #2498 ) ;
#1020 = ORIENTED_EDGE ( 'NONE', *, *, #487, .F. ) ;
#1021 = DIRECTION ( 'NONE',  ( 0.000000000000000000, -1.000000000000000000, 0.000000000000000000 ) ) ;
#1022 = CARTESIAN_POINT ( 'NONE',  ( -2.999999999999993783, 0.05000000000000000278, -2.110000000000010090 ) ) ;
#1023 = VERTEX_POINT ( 'NONE', #917 ) ;
#1024 = ORIENTED_EDGE ( 'NONE', *, *, #3269, .F. ) ;
#1025 = VECTOR ( 'NONE', #3127, 1000.000000000000000 ) ;
#1026 = CARTESIAN_POINT ( 'NONE',  ( 2.389999999999997016, 0.2000000000000000111, 0.8400000000000074074 ) ) ;
#1027 = EDGE_CURVE ( 'NONE', #1177, #2617, #2853, .T. ) ;
#1028 = ORIENTED_EDGE ( 'NONE', *, *, #1513, .F. ) ;
#1029 = VECTOR ( 'NONE', #2005, 1000.000000000000000 ) ;
#1030 = CARTESIAN_POINT ( 'NONE',  ( 3.000000000000001332, 0.2000000000000000111, -0.4299999999999905009 ) ) ;
#1031 = AXIS2_PLACEMENT_3D ( 'NONE', #1727, #2995, #2973 ) ;
#1032 = DIRECTION ( 'NONE',  ( -1.000000000000000000, 0.000000000000000000, -2.780529094590343750E-15 ) ) ;
#1033 = VERTEX_POINT ( 'NONE', #1836 ) ;
#1034 = LINE ( 'NONE', #2305, #507 ) ;
#1035 = VECTOR ( 'NONE', #3322, 1000.000000000000000 ) ;
#1036 = LINE ( 'NONE', #1375, #157 ) ;
#1037 = DIRECTION ( 'NONE',  ( 6.368294698887134525E-16, 0.000000000000000000, -1.000000000000000000 ) ) ;
#1038 = AXIS2_PLACEMENT_3D ( 'NONE', #3370, #214, #3974 ) ;
#1039 = ADVANCED_FACE ( 'NONE', ( #1876 ), #3136, .F. ) ;
#1040 = CARTESIAN_POINT ( 'NONE',  ( -3.000000000000014211, 0.2000000000000000111, 1.699999999999989742 ) ) ;
#1041 = VECTOR ( 'NONE', #3985, 1000.000000000000000 ) ;
#1042 = EDGE_CURVE ( 'NONE', #1634, #2462, #859, .T. ) ;
#1043 = ORIENTED_EDGE ( 'NONE', *, *, #1027, .F. ) ;
#1044 = CARTESIAN_POINT ( 'NONE',  ( -2.389999999999997904, 0.2000000000000000111, -0.8400000000000085176 ) ) ;
#1045 = DIRECTION ( 'NONE',  ( 0.000000000000000000, 1.000000000000000000, 0.000000000000000000 ) ) ;
#1046 = VECTOR ( 'NONE', #1171, 1000.000000000000000 ) ;
#1047 =( NAMED_UNIT ( * ) SI_UNIT ( $, .STERADIAN. ) SOLID_ANGLE_UNIT ( ) );
#1048 = VECTOR ( 'NONE', #1037, 1000.000000000000000 ) ;
#1049 = ORIENTED_EDGE ( 'NONE', *, *, #221, .T. ) ;
#1050 = EDGE_LOOP ( 'NONE', ( #2260, #1144, #2510, #2535, #3212, #3043, #2353, #1221, #2620, #3313, #3846, #1448, #2959, #4145, #2788, #2871, #609, #3252, #3593, #433 ) ) ;
#1051 = VECTOR ( 'NONE', #2624, 1000.000000000000000 ) ;
#1052 = FACE_OUTER_BOUND ( 'NONE', #420, .T. ) ;
#1053 = ORIENTED_EDGE ( 'NONE', *, *, #2404, .F. ) ;
#1054 = EDGE_LOOP ( 'NONE', ( #390, #3138 ) ) ;
#1055 = FILL_AREA_STYLE_COLOUR ( '', #2237 ) ;
#1056 = PLANE ( 'NONE',  #861 ) ;
#1057 = CARTESIAN_POINT ( 'NONE',  ( -2.390000000000003233, 0.05000000000000000278, 0.8399999999999915312 ) ) ;
#1058 = DIRECTION ( 'NONE',  ( -0.000000000000000000, -1.000000000000000000, 0.000000000000000000 ) ) ;
#1059 = EDGE_CURVE ( 'NONE', #3004, #1771, #3451, .T. ) ;
#1060 = DIRECTION ( 'NONE',  ( 0.000000000000000000, 0.000000000000000000, -1.000000000000000000 ) ) ;
#1061 = CARTESIAN_POINT ( 'NONE',  ( 1.250000000000000000, 0.000000000000000000, -2.499999999999989786 ) ) ;
#1062 = CARTESIAN_POINT ( 'NONE',  ( -3.000000000000007994, 0.05000000000000000278, 2.109999999999989218 ) ) ;
#1063 = DIRECTION ( 'NONE',  ( 1.000000000000000000, -0.000000000000000000, 0.000000000000000000 ) ) ;
#1064 = ADVANCED_FACE ( 'NONE', ( #215 ), #1250, .F. ) ;
#1065 = LINE ( 'NONE', #3940, #239 ) ;
#1066 = VERTEX_POINT ( 'NONE', #1207 ) ;
#1067 = CARTESIAN_POINT ( 'NONE',  ( -1.577999999999999625, 6.112726612993349740, 2.159500000000000419 ) ) ;
#1068 = PRODUCT ( 'DQY8', 'DQY8', '', ( #70 ) ) ;
#1069 = EDGE_CURVE ( 'NONE', #1717, #3745, #3771, .T. ) ;
#1070 = EDGE_CURVE ( 'NONE', #1001, #989, #3409, .T. ) ;
#1071 = CARTESIAN_POINT ( 'NONE',  ( -6.402341965606890672E-15, 0.05000000000000000971, 1.699999999999999289 ) ) ;
#1072 = ORIENTED_EDGE ( 'NONE', *, *, #3725, .F. ) ;
#1073 = EDGE_LOOP ( 'NONE', ( #1153, #1834, #666, #803 ) ) ;
#1074 =( LENGTH_UNIT ( ) NAMED_UNIT ( * ) SI_UNIT ( .MILLI., .METRE. ) );
#1075 = ORIENTED_EDGE ( 'NONE', *, *, #127, .F. ) ;
#1076 = FACE_OUTER_BOUND ( 'NONE', #3511, .T. ) ;
#1077 = CARTESIAN_POINT ( 'NONE',  ( 2.999999999999997780, 0.05000000000000000278, 0.4300000000000098188 ) ) ;
#1078 = CARTESIAN_POINT ( 'NONE',  ( -1.000000000000000000, 0.2000000000000000111, 2.159499999999999531 ) ) ;
#1079 = EDGE_CURVE ( 'NONE', #3422, #1263, #2187, .T. ) ;
#1080 = ORIENTED_EDGE ( 'NONE', *, *, #3663, .T. ) ;
#1081 = DIRECTION ( 'NONE',  ( 0.000000000000000000, 1.000000000000000000, 0.000000000000000000 ) ) ;
#1082 = CARTESIAN_POINT ( 'NONE',  ( 1.577999999999999625, 0.2000000000000000111, 2.159500000000000419 ) ) ;
#1083 = CARTESIAN_POINT ( 'NONE',  ( 2.389999999999997904, 0.05000000000000000278, 0.4300000000000076539 ) ) ;
#1084 = ORIENTED_EDGE ( 'NONE', *, *, #2436, .T. ) ;
#1085 = ORIENTED_EDGE ( 'NONE', *, *, #4091, .T. ) ;
#1086 = VECTOR ( 'NONE', #3824, 1000.000000000000000 ) ;
#1087 = LINE ( 'NONE', #1738, #3490 ) ;
#1088 = VERTEX_POINT ( 'NONE', #1563 ) ;
#1089 = EDGE_CURVE ( 'NONE', #2064, #2657, #4103, .T. ) ;
#1090 = EDGE_CURVE ( 'NONE', #2778, #2345, #1894, .T. ) ;
#1091 = ORIENTED_EDGE ( 'NONE', *, *, #2852, .F. ) ;
#1092 = DIRECTION ( 'NONE',  ( 3.966593313971360706E-15, 0.000000000000000000, 1.000000000000000000 ) ) ;
#1093 = CLOSED_SHELL ( 'NONE', ( #3839, #3215, #3108, #1275, #992, #4046, #2875, #4127, #3997, #940 ) ) ;
#1094 = PRESENTATION_STYLE_ASSIGNMENT (( #464 ) ) ;
#1095 = DIRECTION ( 'NONE',  ( 1.618614838246585458E-16, 0.000000000000000000, 1.000000000000000000 ) ) ;
#1096 = DIRECTION ( 'NONE',  ( 3.846957460969528355E-15, 0.000000000000000000, -1.000000000000000000 ) ) ;
#1097 = PLANE ( 'NONE',  #3379 ) ;
#1098 = VECTOR ( 'NONE', #831, 1000.000000000000000 ) ;
#1099 = ORIENTED_EDGE ( 'NONE', *, *, #3611, .T. ) ;
#1100 = DIRECTION ( 'NONE',  ( -1.000000000000000000, 0.000000000000000000, 0.000000000000000000 ) ) ;
#1101 = VECTOR ( 'NONE', #1468, 1000.000000000000000 ) ;
#1102 = CARTESIAN_POINT ( 'NONE',  ( 2.389999999999985913, 0.2000000000000000111, 1.700000000000007505 ) ) ;
#1103 = LINE ( 'NONE', #1444, #2565 ) ;
#1104 = LINE ( 'NONE', #2373, #2495 ) ;
#1105 = VERTEX_POINT ( 'NONE', #2766 ) ;
#1106 = VECTOR ( 'NONE', #1924, 1000.000000000000000 ) ;
#1107 = FACE_OUTER_BOUND ( 'NONE', #1736, .T. ) ;
#1108 = FACE_OUTER_BOUND ( 'NONE', #2014, .T. ) ;
#1109 = VECTOR ( 'NONE', #3061, 1000.000000000000000 ) ;
#1110 = ORIENTED_EDGE ( 'NONE', *, *, #3996, .T. ) ;
#1111 = DIRECTION ( 'NONE',  ( -6.368294698887134525E-16, 0.000000000000000000, 1.000000000000000000 ) ) ;
#1112 = ORIENTED_EDGE ( 'NONE', *, *, #2606, .F. ) ;
#1113 = AXIS2_PLACEMENT_3D ( 'NONE', #62, #3640, #760 ) ;
#1114 = CARTESIAN_POINT ( 'NONE',  ( -1.577999999999999625, 6.112726612993349740, 2.159500000000000419 ) ) ;
#1115 = EDGE_CURVE ( 'NONE', #1878, #2464, #4045, .T. ) ;
#1116 = EDGE_CURVE ( 'NONE', #1205, #3369, #1223, .T. ) ;
#1117 = ORIENTED_EDGE ( 'NONE', *, *, #1328, .T. ) ;
#1118 = DIRECTION ( 'NONE',  ( -0.000000000000000000, -1.000000000000000000, 0.000000000000000000 ) ) ;
#1119 = PLANE ( 'NONE',  #2250 ) ;
#1120 = LINE ( 'NONE', #49, #575 ) ;
#1121 = DIRECTION ( 'NONE',  ( 0.000000000000000000, -1.000000000000000000, 0.000000000000000000 ) ) ;
#1122 = VERTEX_POINT ( 'NONE', #2447 ) ;
#1123 = PLANE ( 'NONE',  #4095 ) ;
#1124 = LINE ( 'NONE', #1777, #3433 ) ;
#1125 = CARTESIAN_POINT ( 'NONE',  ( -1.577999999999999625, 0.1999999999999996503, 2.159500000000000419 ) ) ;
#1126 = DIRECTION ( 'NONE',  ( 0.000000000000000000, 0.000000000000000000, -1.000000000000000000 ) ) ;
#1127 = ORIENTED_EDGE ( 'NONE', *, *, #2852, .T. ) ;
#1128 = CARTESIAN_POINT ( 'NONE',  ( -2.389999999999998792, 0.2000000000000000944, -0.4300000000000084865 ) ) ;
#1129 = CARTESIAN_POINT ( 'NONE',  ( -7.044792720754645778E-15, 0.2000000000000000111, 1.270000000000000018 ) ) ;
#1130 = ORIENTED_EDGE ( 'NONE', *, *, #3110, .F. ) ;
#1131 = ADVANCED_FACE ( 'NONE', ( #3732 ), #879, .F. ) ;
#1132 = CARTESIAN_POINT ( 'NONE',  ( -1.250000000000000000, 0.04999999999999969746, -2.499999999999989786 ) ) ;
#1133 = ORIENTED_EDGE ( 'NONE', *, *, #3898, .T. ) ;
#1134 = DIRECTION ( 'NONE',  ( -2.008246672814085661E-16, -0.000000000000000000, 1.000000000000000000 ) ) ;
#1135 = DIRECTION ( 'NONE',  ( 0.000000000000000000, 0.000000000000000000, 1.000000000000000000 ) ) ;
#1136 = DIRECTION ( 'NONE',  ( -2.433723121784104254E-15, 0.000000000000000000, 1.000000000000000000 ) ) ;
#1137 = ORIENTED_EDGE ( 'NONE', *, *, #598, .T. ) ;
#1138 = DIRECTION ( 'NONE',  ( -1.000000000000000000, 0.000000000000000000, -3.491481338843133355E-15 ) ) ;
#1139 = CARTESIAN_POINT ( 'NONE',  ( -3.000000000000003109, 0.2000000000000000111, 0.8399999999999891998 ) ) ;
#1140 = PLANE ( 'NONE',  #774 ) ;
#1141 = ORIENTED_EDGE ( 'NONE', *, *, #3912, .T. ) ;
#1142 = EDGE_CURVE ( 'NONE', #1560, #2090, #2808, .T. ) ;
#1143 = EDGE_CURVE ( 'NONE', #3505, #2294, #696, .T. ) ;
#1144 = ORIENTED_EDGE ( 'NONE', *, *, #2659, .T. ) ;
#1145 = CARTESIAN_POINT ( 'NONE',  ( -2.839999999999998970, 0.9349829930005185696, -1.700000000000010392 ) ) ;
#1146 = DIRECTION ( 'NONE',  ( 2.008246672814085661E-16, 0.000000000000000000, -1.000000000000000000 ) ) ;
#1147 = FACE_OUTER_BOUND ( 'NONE', #3986, .T. ) ;
#1148 = LINE ( 'NONE', #248, #1710 ) ;
#1149 = VERTEX_POINT ( 'NONE', #2906 ) ;
#1150 = DIRECTION ( 'NONE',  ( -1.000000000000000000, 0.000000000000000000, -3.491481338843133355E-15 ) ) ;
#1151 = DIRECTION ( 'NONE',  ( -0.000000000000000000, -1.000000000000000000, 0.000000000000000000 ) ) ;
#1152 = VERTEX_POINT ( 'NONE', #2223 ) ;
#1153 = ORIENTED_EDGE ( 'NONE', *, *, #3327, .F. ) ;
#1154 = VECTOR ( 'NONE', #3849, 1000.000000000000000 ) ;
#1155 = CARTESIAN_POINT ( 'NONE',  ( 2.390000000000007230, 0.2000000000000000111, -2.109999999999992326 ) ) ;
#1156 = LINE ( 'NONE', #211, #751 ) ;
#1157 = ORIENTED_EDGE ( 'NONE', *, *, #2659, .F. ) ;
#1158 = CARTESIAN_POINT ( 'NONE',  ( -2.390000000000001013, 1.000680784198103080E-17, -0.4300000000000084865 ) ) ;
#1159 = DIRECTION ( 'NONE',  ( 2.433723121784104649E-15, 0.000000000000000000, -1.000000000000000000 ) ) ;
#1160 = VECTOR ( 'NONE', #943, 1000.000000000000000 ) ;
#1161 = DIRECTION ( 'NONE',  ( 1.000000000000000000, 0.000000000000000000, 3.491481338843133355E-15 ) ) ;
#1162 = VECTOR ( 'NONE', #151, 1000.000000000000000 ) ;
#1163 = VECTOR ( 'NONE', #2735, 1000.000000000000000 ) ;
#1164 = VERTEX_POINT ( 'NONE', #3869 ) ;
#1165 = LINE ( 'NONE', #1418, #2420 ) ;
#1166 = APPLICATION_CONTEXT ( 'automotive_design' ) ;
#1167 = DIRECTION ( 'NONE',  ( 0.000000000000000000, -1.000000000000000000, 0.000000000000000000 ) ) ;
#1168 = VECTOR ( 'NONE', #2482, 1000.000000000000000 ) ;
#1169 = EDGE_CURVE ( 'NONE', #102, #2150, #1935, .T. ) ;
#1170 = EDGE_CURVE ( 'NONE', #1555, #3480, #1601, .T. ) ;
#1171 = DIRECTION ( 'NONE',  ( 0.000000000000000000, 0.000000000000000000, -1.000000000000000000 ) ) ;
#1172 = ORIENTED_EDGE ( 'NONE', *, *, #555, .F. ) ;
#1173 = STYLED_ITEM ( 'NONE', ( #1391 ), #1330 ) ;
#1174 = CARTESIAN_POINT ( 'NONE',  ( 2.999999999999984901, 0.2000000000000000111, 2.110000000000009646 ) ) ;
#1175 = PLANE ( 'NONE',  #1357 ) ;
#1176 = VECTOR ( 'NONE', #519, 1000.000000000000000 ) ;
#1177 = VERTEX_POINT ( 'NONE', #679 ) ;
#1178 = VECTOR ( 'NONE', #3065, 1000.000000000000000 ) ;
#1179 = ORIENTED_EDGE ( 'NONE', *, *, #896, .T. ) ;
#1180 = LINE ( 'NONE', #654, #976 ) ;
#1181 = AXIS2_PLACEMENT_3D ( 'NONE', #3917, #2952, #1000 ) ;
#1182 = LINE ( 'NONE', #827, #3213 ) ;
#1183 = PLANE ( 'NONE',  #1455 ) ;
#1184 = ORIENTED_EDGE ( 'NONE', *, *, #2582, .F. ) ;
#1185 = CARTESIAN_POINT ( 'NONE',  ( -3.000000000000000888, 1.000680784198103080E-17, -0.4300000000000108735 ) ) ;
#1186 = VECTOR ( 'NONE', #402, 1000.000000000000000 ) ;
#1187 = DIRECTION ( 'NONE',  ( -0.000000000000000000, -1.000000000000000000, -0.000000000000000000 ) ) ;
#1188 = LINE ( 'NONE', #2790, #4112 ) ;
#1189 = ORIENTED_EDGE ( 'NONE', *, *, #4077, .F. ) ;
#1190 = LINE ( 'NONE', #176, #3042 ) ;
#1191 = EDGE_CURVE ( 'NONE', #3630, #3172, #58, .T. ) ;
#1192 = ORIENTED_EDGE ( 'NONE', *, *, #2631, .T. ) ;
#1193 = FACE_OUTER_BOUND ( 'NONE', #2267, .T. ) ;
#1194 = DIRECTION ( 'NONE',  ( 0.000000000000000000, 1.000000000000000000, 0.000000000000000000 ) ) ;
#1195 = CARTESIAN_POINT ( 'NONE',  ( -3.000000000000009326, 0.05000000000000000278, 2.499999999999990230 ) ) ;
#1196 = CARTESIAN_POINT ( 'NONE',  ( 1.000000000000000000, 0.2000000000000000111, 2.159499999999999531 ) ) ;
#1197 = CARTESIAN_POINT ( 'NONE',  ( -1.249999999999999778, 0.2000000000000000111, 2.159499999999999087 ) ) ;
#1198 = ORIENTED_EDGE ( 'NONE', *, *, #3970, .T. ) ;
#1199 = EDGE_LOOP ( 'NONE', ( #1753, #277, #376, #1466 ) ) ;
#1200 = ADVANCED_FACE ( 'NONE', ( #2943 ), #1640, .F. ) ;
#1201 = EDGE_CURVE ( 'NONE', #2221, #3321, #3809, .T. ) ;
#1202 = EDGE_LOOP ( 'NONE', ( #3623, #1919, #3193, #3808 ) ) ;
#1203 = DIRECTION ( 'NONE',  ( 2.433723121784104254E-15, 0.000000000000000000, -1.000000000000000000 ) ) ;
#1204 = CARTESIAN_POINT ( 'NONE',  ( -1.000000000000000000, 0.2000000000000000111, 2.499999999999989342 ) ) ;
#1205 = VERTEX_POINT ( 'NONE', #78 ) ;
#1206 = CARTESIAN_POINT ( 'NONE',  ( 5.935518276033329859E-15, 0.05000000000000000278, -1.700000000000001066 ) ) ;
#1207 = CARTESIAN_POINT ( 'NONE',  ( -2.390000000000014335, 0.2000000000000000111, 1.699999999999991518 ) ) ;
#1208 = ORIENTED_EDGE ( 'NONE', *, *, #2013, .T. ) ;
#1209 = LINE ( 'NONE', #1864, #2093 ) ;
#1210 = EDGE_CURVE ( 'NONE', #3364, #3745, #3513, .T. ) ;
#1211 = DIRECTION ( 'NONE',  ( 6.368294698887133538E-16, 0.000000000000000000, 1.000000000000000000 ) ) ;
#1212 = PLANE ( 'NONE',  #418 ) ;
#1213 = FILL_AREA_STYLE_COLOUR ( '', #3619 ) ;
#1214 = ORIENTED_EDGE ( 'NONE', *, *, #2978, .T. ) ;
#1215 = ORIENTED_EDGE ( 'NONE', *, *, #888, .T. ) ;
#1216 = ORIENTED_EDGE ( 'NONE', *, *, #638, .F. ) ;
#1217 = DIRECTION ( 'NONE',  ( -6.368294698887134525E-16, 0.000000000000000000, -1.000000000000000000 ) ) ;
#1218 = ADVANCED_FACE ( 'NONE', ( #397 ), #1661, .F. ) ;
#1219 = EDGE_CURVE ( 'NONE', #3787, #914, #953, .T. ) ;
#1220 = LINE ( 'NONE', #3844, #3240 ) ;
#1221 = ORIENTED_EDGE ( 'NONE', *, *, #605, .F. ) ;
#1222 = FACE_OUTER_BOUND ( 'NONE', #823, .T. ) ;
#1223 = LINE ( 'NONE', #895, #571 ) ;
#1224 = CARTESIAN_POINT ( 'NONE',  ( 0.000000000000000000, 0.2000000000000000111, 0.000000000000000000 ) ) ;
#1225 = MECHANICAL_DESIGN_GEOMETRIC_PRESENTATION_REPRESENTATION (  '', ( #3546 ), #899 ) ;
#1226 = EDGE_LOOP ( 'NONE', ( #1280, #2603, #1080, #890 ) ) ;
#1227 = EDGE_LOOP ( 'NONE', ( #3946, #4063, #3610, #2418 ) ) ;
#1228 = CLOSED_SHELL ( 'NONE', ( #136, #268, #1446, #1544, #1671, #3022, #113, #3891, #1631, #2583, #1366, #2945, #2944, #3590, #607, #971, #2193, #2152, #1657, #2913, #3273, #1549, #872, #3726, #2633, #137, #2062, #3387, #2791, #4019, #3481, #1931, #3199, #2129, #2363, #2776, #4027, #698, #474, #3181, #364, #3002, #2745, #3818, #1064, #197, #1131, #3325, #1554, #1867, #512, #196, #1329, #800, #1318, #1511, #1380, #2110, #3738, #511, #3971, #1704 ) ) ;
#1229 = LINE ( 'NONE', #3415, #1570 ) ;
#1230 = CARTESIAN_POINT ( 'NONE',  ( 3.000000000000000000, 0.1999999999999999833, -0.8399999999999903100 ) ) ;
#1231 = VECTOR ( 'NONE', #958, 1000.000000000000000 ) ;
#1232 = LINE ( 'NONE', #2860, #1106 ) ;
#1233 = VERTEX_POINT ( 'NONE', #661 ) ;
#1234 = PLANE ( 'NONE',  #965 ) ;
#1235 = EDGE_CURVE ( 'NONE', #2176, #1105, #3180, .T. ) ;
#1236 =( NAMED_UNIT ( * ) PLANE_ANGLE_UNIT ( ) SI_UNIT ( $, .RADIAN. ) );
#1237 = ORIENTED_EDGE ( 'NONE', *, *, #547, .F. ) ;
#1238 = VECTOR ( 'NONE', #3915, 1000.000000000000000 ) ;
#1239 = ORIENTED_EDGE ( 'NONE', *, *, #2720, .T. ) ;
#1240 = VERTEX_POINT ( 'NONE', #1030 ) ;
#1241 = EDGE_CURVE ( 'NONE', #2274, #967, #4141, .T. ) ;
#1242 = AXIS2_PLACEMENT_3D ( 'NONE', #415, #1762, #1409 ) ;
#1243 = DIRECTION ( 'NONE',  ( 1.000000000000000000, 0.000000000000000000, 1.734723475976807094E-15 ) ) ;
#1244 = VECTOR ( 'NONE', #2410, 1000.000000000000000 ) ;
#1245 = FILL_AREA_STYLE_COLOUR ( '', #249 ) ;
#1246 = VERTEX_POINT ( 'NONE', #2927 ) ;
#1247 = ADVANCED_FACE ( 'NONE', ( #2301 ), #2600, .F. ) ;
#1248 = VECTOR ( 'NONE', #3041, 1000.000000000000000 ) ;
#1249 = EDGE_CURVE ( 'NONE', #2712, #2400, #2279, .T. ) ;
#1250 = PLANE ( 'NONE',  #88 ) ;
#1251 = AXIS2_PLACEMENT_3D ( 'NONE', #3717, #3084, #279 ) ;
#1252 = EDGE_LOOP ( 'NONE', ( #1749, #1299, #3151, #545 ) ) ;
#1253 = EDGE_CURVE ( 'NONE', #3195, #1261, #1283, .T. ) ;
#1254 = EDGE_CURVE ( 'NONE', #775, #1610, #977, .T. ) ;
#1255 = DIRECTION ( 'NONE',  ( 0.000000000000000000, 0.000000000000000000, -1.000000000000000000 ) ) ;
#1256 = MECHANICAL_DESIGN_GEOMETRIC_PRESENTATION_REPRESENTATION (  '', ( #3575 ), #783 ) ;
#1257 = CARTESIAN_POINT ( 'NONE',  ( -3.000000000000015099, 3.002042352594308776E-17, 2.109999999999989218 ) ) ;
#1258 = LINE ( 'NONE', #3168, #168 ) ;
#1259 = CARTESIAN_POINT ( 'NONE',  ( -1.000000000000000000, 0.2000000000000000111, -2.499999999999989342 ) ) ;
#1260 = CARTESIAN_POINT ( 'NONE',  ( -1.249999999999999778, 0.2000000000000000111, 2.159499999999999087 ) ) ;
#1261 = VERTEX_POINT ( 'NONE', #3827 ) ;
#1262 = ORIENTED_EDGE ( 'NONE', *, *, #3128, .F. ) ;
#1263 = VERTEX_POINT ( 'NONE', #1331 ) ;
#1264 = LINE ( 'NONE', #991, #1086 ) ;
#1265 = EDGE_CURVE ( 'NONE', #4056, #3532, #995, .T. ) ;
#1266 = ORIENTED_EDGE ( 'NONE', *, *, #2333, .T. ) ;
#1267 = DIRECTION ( 'NONE',  ( 2.433723121784104254E-15, 0.000000000000000000, -1.000000000000000000 ) ) ;
#1268 = LINE ( 'NONE', #2466, #2552 ) ;
#1269 = DIRECTION ( 'NONE',  ( -1.000000000000000000, 0.000000000000000000, -3.491481338843133355E-15 ) ) ;
#1270 = ORIENTED_EDGE ( 'NONE', *, *, #439, .T. ) ;
#1271 = ORIENTED_EDGE ( 'NONE', *, *, #1938, .T. ) ;
#1272 = DIRECTION ( 'NONE',  ( -3.318008991245452646E-15, 0.000000000000000000, 1.000000000000000000 ) ) ;
#1273 = LINE ( 'NONE', #66, #2372 ) ;
#1274 = MANIFOLD_SOLID_BREP ( 'Boss-Extrude5', #2354 ) ;
#1275 = ADVANCED_FACE ( 'NONE', ( #167 ), #2338, .F. ) ;
#1276 = CARTESIAN_POINT ( 'NONE',  ( 5.866916389585630444E-15, 0.05000000000000000278, -2.110000000000002096 ) ) ;
#1277 = EDGE_CURVE ( 'NONE', #3408, #932, #3319, .T. ) ;
#1278 = LINE ( 'NONE', #3800, #1693 ) ;
#1279 = ORIENTED_EDGE ( 'NONE', *, *, #2082, .T. ) ;
#1280 = ORIENTED_EDGE ( 'NONE', *, *, #317, .F. ) ;
#1281 = CARTESIAN_POINT ( 'NONE',  ( 1.249999999999998446, 0.05000000000000000278, 7.960368373608908788E-16 ) ) ;
#1282 = EDGE_LOOP ( 'NONE', ( #1649, #352, #1359, #3426 ) ) ;
#1283 = LINE ( 'NONE', #1996, #290 ) ;
#1284 = EDGE_CURVE ( 'NONE', #3082, #2310, #3948, .T. ) ;
#1285 = FACE_OUTER_BOUND ( 'NONE', #3924, .T. ) ;
#1286 = ORIENTED_EDGE ( 'NONE', *, *, #1676, .T. ) ;
#1287 = VERTEX_POINT ( 'NONE', #3340 ) ;
#1288 = CARTESIAN_POINT ( 'NONE',  ( -2.389999999999997904, 0.2000000000000000111, -0.8400000000000085176 ) ) ;
#1289 = AXIS2_PLACEMENT_3D ( 'NONE', #1523, #3993, #2738 ) ;
#1290 = DIRECTION ( 'NONE',  ( 0.000000000000000000, 1.000000000000000000, 0.000000000000000000 ) ) ;
#1291 = FACE_OUTER_BOUND ( 'NONE', #3865, .T. ) ;
#1292 = ORIENTED_EDGE ( 'NONE', *, *, #1605, .T. ) ;
#1293 = DIRECTION ( 'NONE',  ( -1.000000000000000000, 0.000000000000000000, -3.491481338843133355E-15 ) ) ;
#1294 = ADVANCED_FACE ( 'NONE', ( #2684 ), #2623, .T. ) ;
#1295 = CARTESIAN_POINT ( 'NONE',  ( 1.577999999999999625, 0.000000000000000000, 2.159500000000000419 ) ) ;
#1296 = EDGE_CURVE ( 'NONE', #2116, #3321, #483, .T. ) ;
#1297 = AXIS2_PLACEMENT_3D ( 'NONE', #1067, #2334, #3608 ) ;
#1298 =( NAMED_UNIT ( * ) PLANE_ANGLE_UNIT ( ) SI_UNIT ( $, .RADIAN. ) );
#1299 = ORIENTED_EDGE ( 'NONE', *, *, #1536, .T. ) ;
#1300 = ORIENTED_EDGE ( 'NONE', *, *, #2965, .F. ) ;
#1301 = VECTOR ( 'NONE', #2518, 1000.000000000000000 ) ;
#1302 = ORIENTED_EDGE ( 'NONE', *, *, #1605, .F. ) ;
#1303 = LINE ( 'NONE', #1281, #2023 ) ;
#1304 = AXIS2_PLACEMENT_3D ( 'NONE', #466, #1745, #2691 ) ;
#1305 = LINE ( 'NONE', #2564, #434 ) ;
#1306 = ORIENTED_EDGE ( 'NONE', *, *, #845, .T. ) ;
#1307 = AXIS2_PLACEMENT_3D ( 'NONE', #69, #2981, #709 ) ;
#1308 = DIRECTION ( 'NONE',  ( 0.000000000000000000, 0.000000000000000000, -1.000000000000000000 ) ) ;
#1309 = VECTOR ( 'NONE', #12, 1000.000000000000000 ) ;
#1310 = CARTESIAN_POINT ( 'NONE',  ( 2.389999999999992575, 2.001361568396206159E-17, 0.8400000000000074074 ) ) ;
#1311 = ORIENTED_EDGE ( 'NONE', *, *, #1680, .T. ) ;
#1312 = VECTOR ( 'NONE', #2632, 1000.000000000000000 ) ;
#1313 = ORIENTED_EDGE ( 'NONE', *, *, #663, .F. ) ;
#1314 = DIRECTION ( 'NONE',  ( -0.000000000000000000, 0.000000000000000000, -1.000000000000000000 ) ) ;
#1315 = DIRECTION ( 'NONE',  ( -2.780529094590343356E-15, 0.000000000000000000, 1.000000000000000000 ) ) ;
#1316 = VECTOR ( 'NONE', #3814, 1000.000000000000000 ) ;
#1317 = DIRECTION ( 'NONE',  ( 0.000000000000000000, 1.000000000000000000, 0.000000000000000000 ) ) ;
#1318 = ADVANCED_FACE ( 'NONE', ( #123 ), #462, .F. ) ;
#1319 = VECTOR ( 'NONE', #398, 1000.000000000000000 ) ;
#1320 = FACE_OUTER_BOUND ( 'NONE', #539, .T. ) ;
#1321 = CARTESIAN_POINT ( 'NONE',  ( -2.999999999999999556, 0.2000000000000005107, -0.4300000000000084865 ) ) ;
#1322 = FACE_OUTER_BOUND ( 'NONE', #1341, .T. ) ;
#1323 = ORIENTED_EDGE ( 'NONE', *, *, #1731, .F. ) ;
#1324 = ORIENTED_EDGE ( 'NONE', *, *, #503, .F. ) ;
#1325 = CARTESIAN_POINT ( 'NONE',  ( -1.250000000000000000, 0.1999999999999996503, -2.499999999999989786 ) ) ;
#1326 = DIRECTION ( 'NONE',  ( 1.000000000000000000, 0.000000000000000000, 3.491481338843133750E-15 ) ) ;
#1327 = ORIENTED_EDGE ( 'NONE', *, *, #921, .F. ) ;
#1328 = EDGE_CURVE ( 'NONE', #1701, #3669, #3911, .T. ) ;
#1329 = ADVANCED_FACE ( 'NONE', ( #1792 ), #2396, .F. ) ;
#1330 = MANIFOLD_SOLID_BREP ( 'Body-Move/Copy2[2]', #149 ) ;
#1331 = CARTESIAN_POINT ( 'NONE',  ( -2.839999999999998970, 0.000000000000000000, -1.700000000000010170 ) ) ;
#1332 = FACE_OUTER_BOUND ( 'NONE', #470, .T. ) ;
#1333 = ORIENTED_EDGE ( 'NONE', *, *, #871, .T. ) ;
#1334 = DIRECTION ( 'NONE',  ( 1.000000000000000000, 0.000000000000000000, 2.780529094590343356E-15 ) ) ;
#1335 = DIRECTION ( 'NONE',  ( -1.000000000000000000, 0.000000000000000000, -3.846957460969528355E-15 ) ) ;
#1336 = CARTESIAN_POINT ( 'NONE',  ( -1.000000000000000000, 0.04999999999999999584, -2.159499999999999531 ) ) ;
#1337 = DIRECTION ( 'NONE',  ( -0.000000000000000000, -1.000000000000000000, -0.000000000000000000 ) ) ;
#1338 = DIRECTION ( 'NONE',  ( 0.000000000000000000, -1.000000000000000000, 0.000000000000000000 ) ) ;
#1339 = PLANE ( 'NONE',  #842 ) ;
#1340 = FILL_AREA_STYLE_COLOUR ( '', #1779 ) ;
#1341 = EDGE_LOOP ( 'NONE', ( #2920, #3281, #1890, #761 ) ) ;
#1342 = ORIENTED_EDGE ( 'NONE', *, *, #1866, .F. ) ;
#1343 = ORIENTED_EDGE ( 'NONE', *, *, #896, .F. ) ;
#1344 = CARTESIAN_POINT ( 'NONE',  ( 2.390000000000001457, 0.2000000000000000111, -0.4299999999999926659 ) ) ;
#1345 = EDGE_LOOP ( 'NONE', ( #2751, #4021, #2940, #3529 ) ) ;
#1346 = CARTESIAN_POINT ( 'NONE',  ( 1.249999999999999778, 0.2000000000000000111, 2.159499999999999087 ) ) ;
#1347 = EDGE_CURVE ( 'NONE', #3523, #1810, #514, .T. ) ;
#1348 = EDGE_CURVE ( 'NONE', #2872, #3480, #853, .T. ) ;
#1349 = PLANE ( 'NONE',  #1425 ) ;
#1350 = ORIENTED_EDGE ( 'NONE', *, *, #2991, .T. ) ;
#1351 = FACE_OUTER_BOUND ( 'NONE', #3635, .T. ) ;
#1352 = CARTESIAN_POINT ( 'NONE',  ( 2.389999999999993463, 0.9349829930005185696, 0.4300000000000076539 ) ) ;
#1353 = LINE ( 'NONE', #2911, #2439 ) ;
#1354 = DIRECTION ( 'NONE',  ( 2.433723121784102677E-15, 0.000000000000000000, -1.000000000000000000 ) ) ;
#1355 = CARTESIAN_POINT ( 'NONE',  ( -7.833849314532574875E-15, 0.05000000000000000971, 2.109999999999998987 ) ) ;
#1356 = DIRECTION ( 'NONE',  ( 1.000000000000000000, 0.000000000000000000, 2.433723121784104254E-15 ) ) ;
#1357 = AXIS2_PLACEMENT_3D ( 'NONE', #3360, #548, #3385 ) ;
#1358 = PLANE ( 'NONE',  #1445 ) ;
#1359 = ORIENTED_EDGE ( 'NONE', *, *, #3942, .T. ) ;
#1360 = ORIENTED_EDGE ( 'NONE', *, *, #4104, .F. ) ;
#1361 = VECTOR ( 'NONE', #2934, 1000.000000000000000 ) ;
#1362 = CARTESIAN_POINT ( 'NONE',  ( 1.250000000000000000, 0.04999999999999969746, -2.499999999999989786 ) ) ;
#1363 = ORIENTED_EDGE ( 'NONE', *, *, #2965, .T. ) ;
#1364 = AXIS2_PLACEMENT_3D ( 'NONE', #3124, #3473, #1546 ) ;
#1365 = VECTOR ( 'NONE', #38, 1000.000000000000000 ) ;
#1366 = ADVANCED_FACE ( 'NONE', ( #3189, #3171 ), #2443, .T. ) ;
#1367 = DIRECTION ( 'NONE',  ( 1.000000000000000000, 0.000000000000000000, 3.491481338843133355E-15 ) ) ;
#1368 = COLOUR_RGB ( '',1.000000000000000000, 1.000000000000000000, 1.000000000000000000 ) ;
#1369 = CARTESIAN_POINT ( 'NONE',  ( 1.000000000000000000, 0.000000000000000000, -2.499999999999989342 ) ) ;
#1370 = ORIENTED_EDGE ( 'NONE', *, *, #2244, .F. ) ;
#1371 = CARTESIAN_POINT ( 'NONE',  ( -3.312662004124973106E-15, 0.05000000000000000971, 0.4299999999999981060 ) ) ;
#1372 = VECTOR ( 'NONE', #3000, 1000.000000000000000 ) ;
#1373 = EDGE_CURVE ( 'NONE', #2501, #3208, #2737, .T. ) ;
#1374 = EDGE_CURVE ( 'NONE', #3570, #3162, #2120, .T. ) ;
#1375 = CARTESIAN_POINT ( 'NONE',  ( 3.000000000000006217, 0.9349829930005185696, -1.699999999999990630 ) ) ;
#1376 = CARTESIAN_POINT ( 'NONE',  ( 2.999999999999991118, 0.05000000000000000278, 2.500000000000011102 ) ) ;
#1377 = VECTOR ( 'NONE', #2000, 1000.000000000000000 ) ;
#1378 = CARTESIAN_POINT ( 'NONE',  ( -1.000000000000000000, 0.000000000000000000, 2.499999999999989342 ) ) ;
#1379 = MECHANICAL_DESIGN_GEOMETRIC_PRESENTATION_REPRESENTATION (  '', ( #978 ), #2840 ) ;
#1380 = ADVANCED_FACE ( 'NONE', ( #1612 ), #4114, .F. ) ;
#1381 = DIRECTION ( 'NONE',  ( -1.000000000000000000, 0.000000000000000000, -2.780529094590343750E-15 ) ) ;
#1382 = CARTESIAN_POINT ( 'NONE',  ( 2.389999999999985025, 0.9349829930005185696, 2.110000000000007425 ) ) ;
#1383 = AXIS2_PLACEMENT_3D ( 'NONE', #621, #326, #2211 ) ;
#1384 = DIRECTION ( 'NONE',  ( -1.000000000000000000, 0.000000000000000000, -0.000000000000000000 ) ) ;
#1385 = VECTOR ( 'NONE', #3220, 1000.000000000000000 ) ;
#1386 = FACE_OUTER_BOUND ( 'NONE', #981, .T. ) ;
#1387 = VECTOR ( 'NONE', #3931, 1000.000000000000000 ) ;
#1388 = LINE ( 'NONE', #2641, #2762 ) ;
#1389 = ORIENTED_EDGE ( 'NONE', *, *, #3885, .T. ) ;
#1390 = VERTEX_POINT ( 'NONE', #2879 ) ;
#1391 = PRESENTATION_STYLE_ASSIGNMENT (( #104 ) ) ;
#1392 = VERTEX_POINT ( 'NONE', #1595 ) ;
#1393 = CARTESIAN_POINT ( 'NONE',  ( 2.999999999999999112, 1.000680784198103080E-17, -0.4299999999999905009 ) ) ;
#1394 = CARTESIAN_POINT ( 'NONE',  ( -2.389999999999993907, 0.9349829930005185696, -1.700000000000008615 ) ) ;
#1395 = CARTESIAN_POINT ( 'NONE',  ( -1.250000000000000000, 0.2000000000000000111, -2.499999999999989786 ) ) ;
#1396 = LINE ( 'NONE', #1709, #3235 ) ;
#1397 = EDGE_LOOP ( 'NONE', ( #3606, #2033, #2942, #1859 ) ) ;
#1398 = LINE ( 'NONE', #2044, #1162 ) ;
#1399 = CARTESIAN_POINT ( 'NONE',  ( 2.389999999999992575, 0.2000000000000000111, 2.110000000000007425 ) ) ;
#1400 = DIRECTION ( 'NONE',  ( 1.000000000000000000, 0.000000000000000000, 3.491481338843133355E-15 ) ) ;
#1401 = EDGE_CURVE ( 'NONE', #3918, #715, #988, .T. ) ;
#1402 = EDGE_CURVE ( 'NONE', #637, #2979, #2236, .T. ) ;
#1403 = CARTESIAN_POINT ( 'NONE',  ( -1.250000000000000000, 0.1999999999999996503, -2.499999999999989786 ) ) ;
#1404 = VERTEX_POINT ( 'NONE', #2515 ) ;
#1405 = LINE ( 'NONE', #2392, #3622 ) ;
#1406 = CARTESIAN_POINT ( 'NONE',  ( -2.855286087173706828E-15, 0.05000000000000000278, -2.159499999999997311 ) ) ;
#1407 = ORIENTED_EDGE ( 'NONE', *, *, #2035, .F. ) ;
#1408 = ORIENTED_EDGE ( 'NONE', *, *, #732, .T. ) ;
#1409 = DIRECTION ( 'NONE',  ( -6.368294698887134525E-16, 0.000000000000000000, 1.000000000000000000 ) ) ;
#1410 = CARTESIAN_POINT ( 'NONE',  ( 1.277127192730328472E-15, 0.05000000000000000278, -0.8400000000000019673 ) ) ;
#1411 = VERTEX_POINT ( 'NONE', #4012 ) ;
#1412 = LINE ( 'NONE', #2018, #1035 ) ;
#1413 = EDGE_CURVE ( 'NONE', #3236, #3545, #3784, .T. ) ;
#1414 = PLANE ( 'NONE',  #1304 ) ;
#1415 = LINE ( 'NONE', #2325, #652 ) ;
#1416 = DIRECTION ( 'NONE',  ( 0.000000000000000000, -0.000000000000000000, 1.000000000000000000 ) ) ;
#1417 = ORIENTED_EDGE ( 'NONE', *, *, #1679, .F. ) ;
#1418 = CARTESIAN_POINT ( 'NONE',  ( 2.390000000000006342, 0.2000000000000000111, -1.699999999999992850 ) ) ;
#1419 = CARTESIAN_POINT ( 'NONE',  ( 3.000000000000006217, 0.000000000000000000, -1.699999999999990630 ) ) ;
#1420 = DIRECTION ( 'NONE',  ( 2.433723121784104254E-15, 0.000000000000000000, -1.000000000000000000 ) ) ;
#1421 = ORIENTED_EDGE ( 'NONE', *, *, #1513, .T. ) ;
#1422 = EDGE_CURVE ( 'NONE', #3669, #675, #2862, .T. ) ;
#1423 = ADVANCED_FACE ( 'NONE', ( #1884 ), #3702, .T. ) ;
#1424 = CARTESIAN_POINT ( 'NONE',  ( -2.389999999999993463, 0.2000000000000000111, -2.110000000000008757 ) ) ;
#1425 = AXIS2_PLACEMENT_3D ( 'NONE', #2601, #3888, #1997 ) ;
#1426 = DIRECTION ( 'NONE',  ( -1.000000000000000000, 0.000000000000000000, 1.322197771323783418E-15 ) ) ;
#1427 = ORIENTED_EDGE ( 'NONE', *, *, #269, .T. ) ;
#1428 = LINE ( 'NONE', #2416, #2222 ) ;
#1429 = ORIENTED_EDGE ( 'NONE', *, *, #1620, .F. ) ;
#1430 = UNCERTAINTY_MEASURE_WITH_UNIT (LENGTH_MEASURE( 1.000000000000000082E-05 ), #2158, 'distance_accuracy_value', 'NONE');
#1431 = DIRECTION ( 'NONE',  ( -1.000000000000000000, 0.000000000000000000, -3.491481338843133750E-15 ) ) ;
#1432 = ORIENTED_EDGE ( 'NONE', *, *, #2499, .T. ) ;
#1433 = CARTESIAN_POINT ( 'NONE',  ( -2.999999999999992895, 1.600000000000000755, -2.500000000000010214 ) ) ;
#1434 = VECTOR ( 'NONE', #3309, 1000.000000000000000 ) ;
#1435 = DIRECTION ( 'NONE',  ( 1.000000000000000000, 0.000000000000000000, 3.491481338843133355E-15 ) ) ;
#1436 = CARTESIAN_POINT ( 'NONE',  ( 2.999999999999996891, 0.2000000000000000111, 0.8400000000000096279 ) ) ;
#1437 = LINE ( 'NONE', #1464, #2969 ) ;
#1438 = VECTOR ( 'NONE', #3196, 1000.000000000000000 ) ;
#1439 = VERTEX_POINT ( 'NONE', #2214 ) ;
#1440 = EDGE_LOOP ( 'NONE', ( #3231, #1110, #2327, #1085 ) ) ;
#1441 = CARTESIAN_POINT ( 'NONE',  ( -2.999999999999997780, 0.2000000000000000111, -0.8400000000000101830 ) ) ;
#1442 = VECTOR ( 'NONE', #2066, 1000.000000000000000 ) ;
#1443 = CARTESIAN_POINT ( 'NONE',  ( 1.000000000000000000, 0.2000000000000000111, 2.159499999999999531 ) ) ;
#1444 = CARTESIAN_POINT ( 'NONE',  ( -1.578000000000000069, 0.05000000000000000278, 2.554174214753112350E-16 ) ) ;
#1445 = AXIS2_PLACEMENT_3D ( 'NONE', #2351, #2048, #3312 ) ;
#1446 = ADVANCED_FACE ( 'NONE', ( #3477 ), #3841, .F. ) ;
#1447 = FACE_OUTER_BOUND ( 'NONE', #2259, .T. ) ;
#1448 = ORIENTED_EDGE ( 'NONE', *, *, #3345, .T. ) ;
#1449 = AXIS2_PLACEMENT_3D ( 'NONE', #795, #2026, #3688 ) ;
#1450 = CARTESIAN_POINT ( 'NONE',  ( 2.999999999999999112, 0.9349829930005185696, -0.4299999999999905009 ) ) ;
#1451 = DIRECTION ( 'NONE',  ( -1.000000000000000000, 0.000000000000000000, -3.491481338843133355E-15 ) ) ;
#1452 = VECTOR ( 'NONE', #3810, 1000.000000000000000 ) ;
#1453 = EDGE_LOOP ( 'NONE', ( #451, #2380, #1432, #2109 ) ) ;
#1454 = ORIENTED_EDGE ( 'NONE', *, *, #3584, .F. ) ;
#1455 = AXIS2_PLACEMENT_3D ( 'NONE', #856, #3429, #1833 ) ;
#1456 =( NAMED_UNIT ( * ) PLANE_ANGLE_UNIT ( ) SI_UNIT ( $, .RADIAN. ) );
#1457 = CARTESIAN_POINT ( 'NONE',  ( -1.578000000000000291, 0.2000000000000000111, -1.859500000000000153 ) ) ;
#1458 = EDGE_CURVE ( 'NONE', #3267, #1033, #4134, .T. ) ;
#1459 = EDGE_CURVE ( 'NONE', #967, #3408, #1180, .T. ) ;
#1460 = PLANE ( 'NONE',  #3114 ) ;
#1461 = ORIENTED_EDGE ( 'NONE', *, *, #4077, .T. ) ;
#1462 = LINE ( 'NONE', #3998, #4098 ) ;
#1463 = LINE ( 'NONE', #1747, #1186 ) ;
#1464 = CARTESIAN_POINT ( 'NONE',  ( -1.000000000000000000, 0.000000000000000000, -2.499999999999989342 ) ) ;
#1465 = LINE ( 'NONE', #3980, #2042 ) ;
#1466 = ORIENTED_EDGE ( 'NONE', *, *, #3820, .T. ) ;
#1467 = CARTESIAN_POINT ( 'NONE',  ( -3.000000000000014211, 3.002042352594308776E-17, 1.699999999999989742 ) ) ;
#1468 = DIRECTION ( 'NONE',  ( 0.000000000000000000, -1.000000000000000000, 0.000000000000000000 ) ) ;
#1469 = DIRECTION ( 'NONE',  ( 2.433723121784104254E-15, 0.000000000000000000, -1.000000000000000000 ) ) ;
#1470 = LINE ( 'NONE', #565, #3038 ) ;
#1471 = ORIENTED_EDGE ( 'NONE', *, *, #2012, .F. ) ;
#1472 = LINE ( 'NONE', #3476, #2480 ) ;
#1473 = ADVANCED_FACE ( 'NONE', ( #210 ), #1339, .F. ) ;
#1474 = LINE ( 'NONE', #2732, #754 ) ;
#1475 = ORIENTED_EDGE ( 'NONE', *, *, #3302, .F. ) ;
#1476 = CARTESIAN_POINT ( 'NONE',  ( 2.999999999999992450, 0.9349829930005185696, 0.8400000000000096279 ) ) ;
#1477 = EDGE_LOOP ( 'NONE', ( #4042, #1010, #674, #2988 ) ) ;
#1478 = DIRECTION ( 'NONE',  ( 1.000000000000000000, 0.000000000000000000, 3.846957460969528355E-15 ) ) ;
#1479 = LINE ( 'NONE', #2181, #217 ) ;
#1480 = DIRECTION ( 'NONE',  ( -2.433723121784102677E-15, 0.000000000000000000, 1.000000000000000000 ) ) ;
#1481 = ORIENTED_EDGE ( 'NONE', *, *, #208, .F. ) ;
#1482 = EDGE_CURVE ( 'NONE', #315, #3494, #744, .T. ) ;
#1483 = EDGE_CURVE ( 'NONE', #9, #4117, #345, .T. ) ;
#1484 = DIRECTION ( 'NONE',  ( -1.000000000000000000, -0.000000000000000000, 1.734723475976807094E-15 ) ) ;
#1485 = CARTESIAN_POINT ( 'NONE',  ( -1.000000000000000000, 0.2000000000000000111, -2.159499999999999531 ) ) ;
#1486 = VERTEX_POINT ( 'NONE', #2638 ) ;
#1487 = CARTESIAN_POINT ( 'NONE',  ( 2.390000000000007230, 0.9349829930005185696, -2.109999999999992326 ) ) ;
#1488 = CARTESIAN_POINT ( 'NONE',  ( 1.249999999999999778, 0.2000000000000000111, -2.159499999999999087 ) ) ;
#1489 = CARTESIAN_POINT ( 'NONE',  ( -2.389999999999998792, 1.939223964876290340, -2.110000000000010090 ) ) ;
#1490 = VERTEX_POINT ( 'NONE', #1022 ) ;
#1491 = LINE ( 'NONE', #3087, #2546 ) ;
#1492 = LINE ( 'NONE', #4060, #1955 ) ;
#1493 = ORIENTED_EDGE ( 'NONE', *, *, #3558, .F. ) ;
#1494 = DIRECTION ( 'NONE',  ( 1.000000000000000000, 0.000000000000000000, -1.734723475976807292E-15 ) ) ;
#1495 = ORIENTED_EDGE ( 'NONE', *, *, #54, .T. ) ;
#1496 = VECTOR ( 'NONE', #53, 1000.000000000000000 ) ;
#1497 = CARTESIAN_POINT ( 'NONE',  ( 2.389999999999985025, 0.2000000000000000111, 2.110000000000007425 ) ) ;
#1498 = DIRECTION ( 'NONE',  ( -1.000000000000000000, 0.000000000000000000, -3.491481338843133355E-15 ) ) ;
#1499 = EDGE_CURVE ( 'NONE', #166, #2159, #2272, .T. ) ;
#1500 = SURFACE_SIDE_STYLE ('',( #212 ) ) ;
#1501 = ORIENTED_EDGE ( 'NONE', *, *, #2648, .T. ) ;
#1502 = DIRECTION ( 'NONE',  ( -0.000000000000000000, -1.000000000000000000, 0.000000000000000000 ) ) ;
#1503 = AXIS2_PLACEMENT_3D ( 'NONE', #3314, #3987, #1150 ) ;
#1504 = LINE ( 'NONE', #4049, #1248 ) ;
#1505 = VECTOR ( 'NONE', #4002, 1000.000000000000000 ) ;
#1506 = VECTOR ( 'NONE', #3407, 999.9999999999998863 ) ;
#1507 = VERTEX_POINT ( 'NONE', #48 ) ;
#1508 = CARTESIAN_POINT ( 'NONE',  ( 1.578000000000000513, 0.1999999999999996503, -2.159499999999999531 ) ) ;
#1509 = LINE ( 'NONE', #2748, #3642 ) ;
#1510 = VECTOR ( 'NONE', #3934, 1000.000000000000000 ) ;
#1511 = ADVANCED_FACE ( 'NONE', ( #3879 ), #3263, .F. ) ;
#1512 = CARTESIAN_POINT ( 'NONE',  ( 3.000000000000005329, 0.05000000000000000278, -1.699999999999990630 ) ) ;
#1513 = EDGE_CURVE ( 'NONE', #1606, #1946, #2329, .T. ) ;
#1514 = VECTOR ( 'NONE', #1986, 1000.000000000000000 ) ;
#1515 = DIRECTION ( 'NONE',  ( -0.000000000000000000, 1.000000000000000000, -0.000000000000000000 ) ) ;
#1516 =( GEOMETRIC_REPRESENTATION_CONTEXT ( 3 ) GLOBAL_UNCERTAINTY_ASSIGNED_CONTEXT ( ( #2803 ) ) GLOBAL_UNIT_ASSIGNED_CONTEXT ( ( #3445, #1298, #1905 ) ) REPRESENTATION_CONTEXT ( 'NONE', 'WORKASPACE' ) );
#1517 = CARTESIAN_POINT ( 'NONE',  ( 1.000000000000000000, 0.2000000000000000111, -2.159499999999999531 ) ) ;
#1518 = VERTEX_POINT ( 'NONE', #3625 ) ;
#1519 = VECTOR ( 'NONE', #3475, 1000.000000000000000 ) ;
#1520 = DIRECTION ( 'NONE',  ( 1.734723475976807292E-15, 0.000000000000000000, 1.000000000000000000 ) ) ;
#1521 = ORIENTED_EDGE ( 'NONE', *, *, #3423, .F. ) ;
#1522 = VECTOR ( 'NONE', #2454, 1000.000000000000000 ) ;
#1523 = CARTESIAN_POINT ( 'NONE',  ( -2.390000000000007230, 0.2000000000000000111, 1.699999999999991518 ) ) ;
#1524 = ORIENTED_EDGE ( 'NONE', *, *, #1620, .T. ) ;
#1525 = CARTESIAN_POINT ( 'NONE',  ( -1.408958544150929156E-14, 0.2000000000000000389, 2.540000000000000036 ) ) ;
#1526 = AXIS2_PLACEMENT_3D ( 'NONE', #2143, #3412, #979 ) ;
#1527 = LINE ( 'NONE', #557, #499 ) ;
#1528 = EDGE_CURVE ( 'NONE', #2743, #3364, #2577, .T. ) ;
#1529 = CARTESIAN_POINT ( 'NONE',  ( -1.249999999999999778, 0.2000000000000000111, -2.159499999999999087 ) ) ;
#1530 = EDGE_LOOP ( 'NONE', ( #874, #2815, #96, #893 ) ) ;
#1531 = FACE_OUTER_BOUND ( 'NONE', #3506, .T. ) ;
#1532 = CARTESIAN_POINT ( 'NONE',  ( 2.389999999999985913, 0.2000000000000000111, 1.700000000000007505 ) ) ;
#1533 = DIRECTION ( 'NONE',  ( -2.433723121784104649E-15, 0.000000000000000000, 1.000000000000000000 ) ) ;
#1534 = DIRECTION ( 'NONE',  ( 0.000000000000000000, -1.000000000000000000, 0.000000000000000000 ) ) ;
#1535 = ADVANCED_FACE ( 'NONE', ( #387 ), #3900, .T. ) ;
#1536 = EDGE_CURVE ( 'NONE', #3179, #1066, #3245, .T. ) ;
#1537 = CARTESIAN_POINT ( 'NONE',  ( -1.250000000000000000, 0.2000000000000000111, 2.499999999999989786 ) ) ;
#1538 = VERTEX_POINT ( 'NONE', #1669 ) ;
#1539 = ORIENTED_EDGE ( 'NONE', *, *, #627, .F. ) ;
#1540 = DIRECTION ( 'NONE',  ( -1.000000000000000000, 0.000000000000000000, -3.491481338843133355E-15 ) ) ;
#1541 = ORIENTED_EDGE ( 'NONE', *, *, #2316, .T. ) ;
#1542 = DIRECTION ( 'NONE',  ( 1.000000000000000000, 0.000000000000000000, 3.846957460969528355E-15 ) ) ;
#1543 = PLANE ( 'NONE',  #3306 ) ;
#1544 = ADVANCED_FACE ( 'NONE', ( #3283 ), #2935, .F. ) ;
#1545 = ORIENTED_EDGE ( 'NONE', *, *, #2278, .F. ) ;
#1546 = DIRECTION ( 'NONE',  ( 1.000000000000000000, 0.000000000000000000, 2.780529094590343356E-15 ) ) ;
#1547 = DIRECTION ( 'NONE',  ( 1.000000000000000000, 0.000000000000000000, 3.491481338843133355E-15 ) ) ;
#1548 = CARTESIAN_POINT ( 'NONE',  ( 2.389999999999985025, 0.2000000000000000111, 2.110000000000007425 ) ) ;
#1549 = ADVANCED_FACE ( 'NONE', ( #772 ), #3604, .T. ) ;
#1550 = CARTESIAN_POINT ( 'NONE',  ( 1.000000000000000000, 0.2000000000000000111, -2.499999999999989342 ) ) ;
#1551 = FILL_AREA_STYLE ('',( #265 ) ) ;
#1552 = ORIENTED_EDGE ( 'NONE', *, *, #2857, .F. ) ;
#1553 = ADVANCED_FACE ( 'NONE', ( #92 ), #2025, .T. ) ;
#1554 = ADVANCED_FACE ( 'NONE', ( #2916 ), #2653, .F. ) ;
#1555 = VERTEX_POINT ( 'NONE', #2896 ) ;
#1556 = VERTEX_POINT ( 'NONE', #28 ) ;
#1557 = UNCERTAINTY_MEASURE_WITH_UNIT (LENGTH_MEASURE( 1.000000000000000082E-05 ), #4135, 'distance_accuracy_value', 'NONE');
#1558 = CARTESIAN_POINT ( 'NONE',  ( -1.577999999999999625, 0.000000000000000000, 2.159500000000000419 ) ) ;
#1559 = LINE ( 'NONE', #2478, #2312 ) ;
#1560 = VERTEX_POINT ( 'NONE', #1321 ) ;
#1561 = EDGE_CURVE ( 'NONE', #1795, #4122, #1962, .T. ) ;
#1562 = FACE_OUTER_BOUND ( 'NONE', #4037, .T. ) ;
#1563 = CARTESIAN_POINT ( 'NONE',  ( 1.578000000000000513, 0.04999999999999999584, -2.159499999999999531 ) ) ;
#1564 = DIRECTION ( 'NONE',  ( 0.000000000000000000, -1.000000000000000000, -0.000000000000000000 ) ) ;
#1565 = VERTEX_POINT ( 'NONE', #1652 ) ;
#1566 = EDGE_LOOP ( 'NONE', ( #929, #2855, #1266, #2239 ) ) ;
#1567 = VECTOR ( 'NONE', #2173, 1000.000000000000000 ) ;
#1568 = CARTESIAN_POINT ( 'NONE',  ( 2.389999999999985025, 3.002042352594308776E-17, 2.110000000000007425 ) ) ;
#1569 = LINE ( 'NONE', #526, #2046 ) ;
#1570 = VECTOR ( 'NONE', #1879, 1000.000000000000000 ) ;
#1571 = PLANE ( 'NONE',  #515 ) ;
#1572 = LINE ( 'NONE', #27, #1361 ) ;
#1573 = VECTOR ( 'NONE', #2886, 1000.000000000000000 ) ;
#1574 = CARTESIAN_POINT ( 'NONE',  ( 0.000000000000000000, 1.600000000000000089, 0.000000000000000000 ) ) ;
#1575 =( NAMED_UNIT ( * ) SI_UNIT ( $, .STERADIAN. ) SOLID_ANGLE_UNIT ( ) );
#1576 = ORIENTED_EDGE ( 'NONE', *, *, #1254, .T. ) ;
#1577 = VECTOR ( 'NONE', #2291, 1000.000000000000000 ) ;
#1578 = ORIENTED_EDGE ( 'NONE', *, *, #55, .F. ) ;
#1579 = ORIENTED_EDGE ( 'NONE', *, *, #3264, .T. ) ;
#1580 = AXIS2_PLACEMENT_3D ( 'NONE', #3271, #101, #377 ) ;
#1581 = DIRECTION ( 'NONE',  ( -6.368294698887133538E-16, -0.000000000000000000, 1.000000000000000000 ) ) ;
#1582 = VECTOR ( 'NONE', #4005, 1000.000000000000000 ) ;
#1583 = ORIENTED_EDGE ( 'NONE', *, *, #1787, .F. ) ;
#1584 = DIRECTION ( 'NONE',  ( 1.000000000000000000, 0.000000000000000000, 2.780529094590343356E-15 ) ) ;
#1585 = AXIS2_PLACEMENT_3D ( 'NONE', #1593, #25, #3518 ) ;
#1586 = CARTESIAN_POINT ( 'NONE',  ( 1.000000000000000000, 0.1999999999999996503, 2.499999999999989342 ) ) ;
#1587 = EDGE_CURVE ( 'NONE', #3705, #4100, #4003, .T. ) ;
#1588 = EDGE_CURVE ( 'NONE', #989, #321, #2081, .T. ) ;
#1589 = VECTOR ( 'NONE', #2974, 1000.000000000000000 ) ;
#1590 = ORIENTED_EDGE ( 'NONE', *, *, #3611, .F. ) ;
#1591 = CARTESIAN_POINT ( 'NONE',  ( 2.999999999999991118, 1.600000000000000755, 2.500000000000011102 ) ) ;
#1592 = CARTESIAN_POINT ( 'NONE',  ( 2.999999999999993339, 0.2000000000000000111, 1.700000000000009726 ) ) ;
#1593 = CARTESIAN_POINT ( 'NONE',  ( 1.578000000000000513, 0.2000000000000000111, -2.159499999999999531 ) ) ;
#1594 = LINE ( 'NONE', #604, #2029 ) ;
#1595 = CARTESIAN_POINT ( 'NONE',  ( -3.000000000000009326, 1.600000000000000755, 2.499999999999990230 ) ) ;
#1596 = FILL_AREA_STYLE_COLOUR ( '', #2431 ) ;
#1597 = VERTEX_POINT ( 'NONE', #3648 ) ;
#1598 = EDGE_LOOP ( 'NONE', ( #1237, #2394, #3925, #2386 ) ) ;
#1599 = LINE ( 'NONE', #3508, #423 ) ;
#1600 = ORIENTED_EDGE ( 'NONE', *, *, #4068, .T. ) ;
#1601 = LINE ( 'NONE', #3887, #2685 ) ;
#1602 = PLANE ( 'NONE',  #37 ) ;
#1603 = EDGE_LOOP ( 'NONE', ( #2983, #3386, #3786, #665 ) ) ;
#1604 = EDGE_CURVE ( 'NONE', #3804, #2872, #794, .T. ) ;
#1605 = EDGE_CURVE ( 'NONE', #2008, #3191, #3018, .T. ) ;
#1606 = VERTEX_POINT ( 'NONE', #1102 ) ;
#1607 = CARTESIAN_POINT ( 'NONE',  ( -1.000000000000000000, 6.112726612993349740, -2.499999999999989342 ) ) ;
#1608 = DIRECTION ( 'NONE',  ( 2.433723121784104254E-15, 0.000000000000000000, -1.000000000000000000 ) ) ;
#1609 = CARTESIAN_POINT ( 'NONE',  ( 3.000000000000007105, 0.000000000000000000, -2.109999999999990550 ) ) ;
#1610 = VERTEX_POINT ( 'NONE', #1419 ) ;
#1611 = FACE_OUTER_BOUND ( 'NONE', #2987, .T. ) ;
#1612 = FACE_OUTER_BOUND ( 'NONE', #4096, .T. ) ;
#1613 = ORIENTED_EDGE ( 'NONE', *, *, #61, .T. ) ;
#1614 = VERTEX_POINT ( 'NONE', #2727 ) ;
#1615 = EDGE_LOOP ( 'NONE', ( #835, #2566, #2405, #1991 ) ) ;
#1616 = CARTESIAN_POINT ( 'NONE',  ( -1.000000000000000000, 0.04999999999999999584, 2.159499999999999531 ) ) ;
#1617 = ORIENTED_EDGE ( 'NONE', *, *, #2425, .F. ) ;
#1618 = DIRECTION ( 'NONE',  ( 1.000000000000000000, 0.000000000000000000, 0.000000000000000000 ) ) ;
#1619 = CARTESIAN_POINT ( 'NONE',  ( 1.000000000000000000, 0.2000000000000000111, -2.159499999999999531 ) ) ;
#1620 = EDGE_CURVE ( 'NONE', #914, #2281, #2673, .T. ) ;
#1621 = LINE ( 'NONE', #3514, #1452 ) ;
#1622 = ORIENTED_EDGE ( 'NONE', *, *, #3912, .F. ) ;
#1623 = CARTESIAN_POINT ( 'NONE',  ( -1.249999999999999778, 6.112726612993349740, 2.159499999999999087 ) ) ;
#1624 = CIRCLE ( 'NONE', #4018, 0.3084292306793632310 ) ;
#1625 = LINE ( 'NONE', #1592, #1385 ) ;
#1626 = DIRECTION ( 'NONE',  ( -1.000000000000000000, 0.000000000000000000, -2.780529094590343750E-15 ) ) ;
#1627 = PRESENTATION_LAYER_ASSIGNMENT (  '', '', ( #830 ) ) ;
#1628 = LINE ( 'NONE', #743, #422 ) ;
#1629 = DIRECTION ( 'NONE',  ( 1.000000000000000000, 0.000000000000000000, 3.966593313971360706E-15 ) ) ;
#1630 = EDGE_CURVE ( 'NONE', #2783, #1597, #179, .T. ) ;
#1631 = ADVANCED_FACE ( 'NONE', ( #472 ), #3310, .F. ) ;
#1632 = ORIENTED_EDGE ( 'NONE', *, *, #537, .F. ) ;
#1633 = VECTOR ( 'NONE', #91, 1000.000000000000000 ) ;
#1634 = VERTEX_POINT ( 'NONE', #1443 ) ;
#1635 = DIRECTION ( 'NONE',  ( -1.734723475976807292E-15, 0.000000000000000000, 1.000000000000000000 ) ) ;
#1636 = AXIS2_PLACEMENT_3D ( 'NONE', #3681, #2039, #2060 ) ;
#1637 = LINE ( 'NONE', #2902, #3103 ) ;
#1638 = ORIENTED_EDGE ( 'NONE', *, *, #2055, .F. ) ;
#1639 = VECTOR ( 'NONE', #804, 1000.000000000000000 ) ;
#1640 = PLANE ( 'NONE',  #1770 ) ;
#1641 = VECTOR ( 'NONE', #4000, 1000.000000000000000 ) ;
#1642 = CARTESIAN_POINT ( 'NONE',  ( 2.390000000000001457, 0.2000000000000000111, -0.4299999999999926659 ) ) ;
#1643 = ORIENTED_EDGE ( 'NONE', *, *, #246, .F. ) ;
#1644 = VECTOR ( 'NONE', #1400, 1000.000000000000000 ) ;
#1645 = LINE ( 'NONE', #22, #3032 ) ;
#1646 = DIRECTION ( 'NONE',  ( 1.000000000000000000, 0.000000000000000000, 3.846957460969528355E-15 ) ) ;
#1647 = VECTOR ( 'NONE', #340, 1000.000000000000000 ) ;
#1648 = CARTESIAN_POINT ( 'NONE',  ( -2.390000000000007230, 2.001361568396206159E-17, 0.4299999999999916112 ) ) ;
#1649 = ORIENTED_EDGE ( 'NONE', *, *, #504, .T. ) ;
#1650 =( GEOMETRIC_REPRESENTATION_CONTEXT ( 3 ) GLOBAL_UNCERTAINTY_ASSIGNED_CONTEXT ( ( #4138 ) ) GLOBAL_UNIT_ASSIGNED_CONTEXT ( ( #3320, #2992, #3972 ) ) REPRESENTATION_CONTEXT ( 'NONE', 'WORKASPACE' ) );
#1651 = DIRECTION ( 'NONE',  ( -2.433723121784104254E-15, 0.000000000000000000, 1.000000000000000000 ) ) ;
#1652 = CARTESIAN_POINT ( 'NONE',  ( 1.000000000000000000, 0.2000000000000000111, 2.499999999999989342 ) ) ;
#1653 = PRESENTATION_STYLE_ASSIGNMENT (( #833 ) ) ;
#1654 = LINE ( 'NONE', #369, #3232 ) ;
#1655 = ORIENTED_EDGE ( 'NONE', *, *, #1042, .F. ) ;
#1656 = EDGE_CURVE ( 'NONE', #2676, #651, #1124, .T. ) ;
#1657 = ADVANCED_FACE ( 'NONE', ( #3045 ), #3687, .F. ) ;
#1658 = VERTEX_POINT ( 'NONE', #497 ) ;
#1659 = FACE_OUTER_BOUND ( 'NONE', #3254, .T. ) ;
#1660 = EDGE_LOOP ( 'NONE', ( #617, #2645, #2534, #2746 ) ) ;
#1661 = PLANE ( 'NONE',  #2491 ) ;
#1662 = DIRECTION ( 'NONE',  ( 2.433723121784104254E-15, 0.000000000000000000, -1.000000000000000000 ) ) ;
#1663 = ORIENTED_EDGE ( 'NONE', *, *, #1499, .T. ) ;
#1664 = LINE ( 'NONE', #1288, #3290 ) ;
#1665 = CARTESIAN_POINT ( 'NONE',  ( -2.390000000000007230, 0.2000000000000000111, 1.699999999999991518 ) ) ;
#1666 = CARTESIAN_POINT ( 'NONE',  ( 1.250000000000000000, 6.112726612993349740, 2.499999999999989786 ) ) ;
#1667 = ORIENTED_EDGE ( 'NONE', *, *, #280, .T. ) ;
#1668 = DIRECTION ( 'NONE',  ( 0.000000000000000000, -1.000000000000000000, 0.000000000000000000 ) ) ;
#1669 = CARTESIAN_POINT ( 'NONE',  ( 1.000000000000000000, 0.000000000000000000, 2.159499999999999531 ) ) ;
#1670 = SURFACE_STYLE_FILL_AREA ( #30 ) ;
#1671 = ADVANCED_FACE ( 'NONE', ( #837 ), #1734, .F. ) ;
#1672 = ORIENTED_EDGE ( 'NONE', *, *, #3410, .F. ) ;
#1673 = EDGE_LOOP ( 'NONE', ( #1302, #2103, #156, #3714 ) ) ;
#1674 = DIRECTION ( 'NONE',  ( -2.433723121784104254E-15, 0.000000000000000000, 1.000000000000000000 ) ) ;
#1675 = EDGE_CURVE ( 'NONE', #2464, #1246, #400, .T. ) ;
#1676 = EDGE_CURVE ( 'NONE', #932, #2458, #1726, .T. ) ;
#1677 = ORIENTED_EDGE ( 'NONE', *, *, #2544, .T. ) ;
#1678 = CARTESIAN_POINT ( 'NONE',  ( -2.362567907003926493, 1.600000000000000089, -1.517471814942471964 ) ) ;
#1679 = EDGE_CURVE ( 'NONE', #681, #3672, #2909, .T. ) ;
#1680 = EDGE_CURVE ( 'NONE', #2979, #657, #1412, .T. ) ;
#1681 = CARTESIAN_POINT ( 'NONE',  ( 2.999999999999999112, 1.000680784198103080E-17, -0.4299999999999905009 ) ) ;
#1682 = ORIENTED_EDGE ( 'NONE', *, *, #547, .T. ) ;
#1683 = DIRECTION ( 'NONE',  ( 6.368294698887133538E-16, -0.000000000000000000, -1.000000000000000000 ) ) ;
#1684 = CARTESIAN_POINT ( 'NONE',  ( 2.390000000000006342, 0.000000000000000000, -1.699999999999992850 ) ) ;
#1685 = CARTESIAN_POINT ( 'NONE',  ( 0.000000000000000000, 0.2000000000000000111, 0.000000000000000000 ) ) ;
#1686 = FACE_OUTER_BOUND ( 'NONE', #820, .T. ) ;
#1687 = VECTOR ( 'NONE', #785, 1000.000000000000000 ) ;
#1688 = LINE ( 'NONE', #1712, #1633 ) ;
#1689 = DIRECTION ( 'NONE',  ( -1.000000000000000000, 0.000000000000000000, -3.491481338843133355E-15 ) ) ;
#1690 = CARTESIAN_POINT ( 'NONE',  ( 2.389999999999999236, 0.1999999999999999833, -0.4299999999999926659 ) ) ;
#1691 = ORIENTED_EDGE ( 'NONE', *, *, #1079, .T. ) ;
#1692 = VERTEX_POINT ( 'NONE', #1057 ) ;
#1693 = VECTOR ( 'NONE', #3444, 1000.000000000000000 ) ;
#1694 = CARTESIAN_POINT ( 'NONE',  ( -2.390000000000008118, 0.9349829930005185696, 0.8399999999999915312 ) ) ;
#1695 = ORIENTED_EDGE ( 'NONE', *, *, #1482, .F. ) ;
#1696 = VECTOR ( 'NONE', #2290, 1000.000000000000000 ) ;
#1697 = VECTOR ( 'NONE', #3631, 1000.000000000000000 ) ;
#1698 = EDGE_LOOP ( 'NONE', ( #1481, #1936, #829, #2651 ) ) ;
#1699 = SURFACE_STYLE_FILL_AREA ( #2323 ) ;
#1700 = VECTOR ( 'NONE', #2931, 1000.000000000000000 ) ;
#1701 = VERTEX_POINT ( 'NONE', #380 ) ;
#1702 = CARTESIAN_POINT ( 'NONE',  ( -3.000000000000015099, 0.9349829930005185696, 2.109999999999989218 ) ) ;
#1703 = AXIS2_PLACEMENT_3D ( 'NONE', #2989, #756, #141 ) ;
#1704 = ADVANCED_FACE ( 'NONE', ( #1351 ), #2930, .T. ) ;
#1705 = EDGE_CURVE ( 'NONE', #2131, #1001, #421, .T. ) ;
#1706 = CARTESIAN_POINT ( 'NONE',  ( -3.000000000000009326, 1.600000000000000755, 2.499999999999990230 ) ) ;
#1707 = DIRECTION ( 'NONE',  ( 0.000000000000000000, -1.000000000000000000, 0.000000000000000000 ) ) ;
#1708 = AXIS2_PLACEMENT_3D ( 'NONE', #3121, #3792, #2481 ) ;
#1709 = CARTESIAN_POINT ( 'NONE',  ( 1.000000000000000000, 0.1999999999999996503, -2.499999999999989342 ) ) ;
#1710 = VECTOR ( 'NONE', #527, 1000.000000000000000 ) ;
#1711 = VERTEX_POINT ( 'NONE', #3874 ) ;
#1712 = CARTESIAN_POINT ( 'NONE',  ( 3.000000000000006217, 0.000000000000000000, -1.699999999999990630 ) ) ;
#1713 = DIRECTION ( 'NONE',  ( 1.000000000000000000, 0.000000000000000000, 6.368294698887134525E-16 ) ) ;
#1714 = CIRCLE ( 'NONE', #3298, 0.3084292306793632310 ) ;
#1715 = DIRECTION ( 'NONE',  ( 1.000000000000000000, 0.000000000000000000, -3.966593313971360706E-15 ) ) ;
#1716 = DIRECTION ( 'NONE',  ( 0.000000000000000000, 0.000000000000000000, -1.000000000000000000 ) ) ;
#1717 = VERTEX_POINT ( 'NONE', #1014 ) ;
#1718 = AXIS2_PLACEMENT_3D ( 'NONE', #2286, #1290, #382 ) ;
#1719 = ORIENTED_EDGE ( 'NONE', *, *, #746, .T. ) ;
#1720 = ORIENTED_EDGE ( 'NONE', *, *, #819, .T. ) ;
#1721 = DIRECTION ( 'NONE',  ( -0.7071067811865472397, 0.000000000000000000, 0.7071067811865479058 ) ) ;
#1722 = ORIENTED_EDGE ( 'NONE', *, *, #334, .T. ) ;
#1723 = ORIENTED_EDGE ( 'NONE', *, *, #1191, .F. ) ;
#1724 = CARTESIAN_POINT ( 'NONE',  ( -1.000000000000000000, 0.1999999999999996503, 2.499999999999989342 ) ) ;
#1725 = ORIENTED_EDGE ( 'NONE', *, *, #2265, .T. ) ;
#1726 = LINE ( 'NONE', #738, #704 ) ;
#1727 = CARTESIAN_POINT ( 'NONE',  ( -1.376936759056590473E-14, 0.2000000000000000111, 3.810000000000000053 ) ) ;
#1728 = CARTESIAN_POINT ( 'NONE',  ( -2.999999999999993339, 0.2000000000000000111, -2.110000000000010090 ) ) ;
#1729 = EDGE_CURVE ( 'NONE', #1287, #2159, #2667, .T. ) ;
#1730 = CARTESIAN_POINT ( 'NONE',  ( 1.000000000000000000, 0.000000000000000000, -2.159499999999999531 ) ) ;
#1731 = EDGE_CURVE ( 'NONE', #270, #2670, #3551, .T. ) ;
#1732 = ORIENTED_EDGE ( 'NONE', *, *, #2877, .T. ) ;
#1733 = PLANE ( 'NONE',  #763 ) ;
#1734 = PLANE ( 'NONE',  #160 ) ;
#1735 = CARTESIAN_POINT ( 'NONE',  ( 0.000000000000000000, 0.000000000000000000, 0.000000000000000000 ) ) ;
#1736 = EDGE_LOOP ( 'NONE', ( #518, #1239, #3164, #614, #3008, #63, #2330, #2422, #1579, #2596, #1590, #3116, #2919, #3469, #3130, #3217, #1408, #1732, #4082, #2433 ) ) ;
#1737 = DIRECTION ( 'NONE',  ( 0.000000000000000000, -1.000000000000000000, 0.000000000000000000 ) ) ;
#1738 = CARTESIAN_POINT ( 'NONE',  ( -3.000000000000009326, 0.05000000000000000278, 2.499999999999990230 ) ) ;
#1739 = VERTEX_POINT ( 'NONE', #445 ) ;
#1740 = DIRECTION ( 'NONE',  ( 3.491481338843133355E-15, 0.000000000000000000, -1.000000000000000000 ) ) ;
#1741 = VERTEX_POINT ( 'NONE', #64 ) ;
#1742 = PRESENTATION_STYLE_ASSIGNMENT (( #442 ) ) ;
#1743 = FACE_OUTER_BOUND ( 'NONE', #312, .T. ) ;
#1744 = LINE ( 'NONE', #1433, #3371 ) ;
#1745 = DIRECTION ( 'NONE',  ( 3.846957460969528355E-15, 0.000000000000000000, -1.000000000000000000 ) ) ;
#1746 = EDGE_CURVE ( 'NONE', #541, #2501, #1034, .T. ) ;
#1747 = CARTESIAN_POINT ( 'NONE',  ( -2.390000000000007674, 0.05000000000000000971, 2.539999999999994706 ) ) ;
#1748 = FACE_OUTER_BOUND ( 'NONE', #3192, .T. ) ;
#1749 = ORIENTED_EDGE ( 'NONE', *, *, #3922, .F. ) ;
#1750 = CARTESIAN_POINT ( 'NONE',  ( -2.390000000000000124, 0.1999999999999999833, -0.8400000000000085176 ) ) ;
#1751 = DIRECTION ( 'NONE',  ( -3.491481338843133355E-15, 0.000000000000000000, 1.000000000000000000 ) ) ;
#1752 = CARTESIAN_POINT ( 'NONE',  ( -2.389999999999993907, 0.2000000000000000111, -1.700000000000008615 ) ) ;
#1753 = ORIENTED_EDGE ( 'NONE', *, *, #1249, .F. ) ;
#1754 = DIRECTION ( 'NONE',  ( 1.000000000000000000, 0.000000000000000000, 2.780529094590343356E-15 ) ) ;
#1755 = EDGE_CURVE ( 'NONE', #311, #4056, #3576, .T. ) ;
#1756 = EDGE_CURVE ( 'NONE', #1810, #3567, #3597, .T. ) ;
#1757 = FACE_OUTER_BOUND ( 'NONE', #118, .T. ) ;
#1758 = EDGE_LOOP ( 'NONE', ( #1617, #1407, #1663, #1909 ) ) ;
#1759 = CARTESIAN_POINT ( 'NONE',  ( -1.278000000000000469, 0.2000000000000000111, -2.159499999999999975 ) ) ;
#1760 = VECTOR ( 'NONE', #2151, 1000.000000000000000 ) ;
#1761 = VERTEX_POINT ( 'NONE', #1393 ) ;
#1762 = DIRECTION ( 'NONE',  ( -1.000000000000000000, 0.000000000000000000, -6.368294698887134525E-16 ) ) ;
#1763 = CARTESIAN_POINT ( 'NONE',  ( -3.000000000000002220, 0.2000000000000000111, 0.4299999999999898348 ) ) ;
#1764 = VECTOR ( 'NONE', #2954, 1000.000000000000000 ) ;
#1765 = ORIENTED_EDGE ( 'NONE', *, *, #1422, .T. ) ;
#1766 = CARTESIAN_POINT ( 'NONE',  ( 1.000000000000000000, 0.2000000000000000111, 2.499999999999989342 ) ) ;
#1767 = VECTOR ( 'NONE', #3255, 1000.000000000000000 ) ;
#1768 = CARTESIAN_POINT ( 'NONE',  ( 2.390000000000007230, 0.9349829930005185696, -2.109999999999992326 ) ) ;
#1769 = LINE ( 'NONE', #2722, #2846 ) ;
#1770 = AXIS2_PLACEMENT_3D ( 'NONE', #336, #40, #1367 ) ;
#1771 = VERTEX_POINT ( 'NONE', #3617 ) ;
#1772 = DIRECTION ( 'NONE',  ( 0.000000000000000000, 1.000000000000000000, 0.000000000000000000 ) ) ;
#1773 = ADVANCED_FACE ( 'NONE', ( #762 ), #3300, .T. ) ;
#1774 = VERTEX_POINT ( 'NONE', #2160 ) ;
#1775 = CARTESIAN_POINT ( 'NONE',  ( 1.249999999999999778, 0.2000000000000000111, -2.159499999999999087 ) ) ;
#1776 = VECTOR ( 'NONE', #928, 1000.000000000000000 ) ;
#1777 = CARTESIAN_POINT ( 'NONE',  ( -3.000000000000007994, 0.2000000000000000111, 2.109999999999989218 ) ) ;
#1778 = CARTESIAN_POINT ( 'NONE',  ( -3.000000000000007105, 0.2000000000000000111, 0.4299999999999898348 ) ) ;
#1779 = COLOUR_RGB ( '',0.7921568627450980005, 0.8196078431372548767, 0.9333333333333333481 ) ;
#1780 = FACE_OUTER_BOUND ( 'NONE', #707, .T. ) ;
#1781 = ORIENTED_EDGE ( 'NONE', *, *, #1536, .F. ) ;
#1782 = VECTOR ( 'NONE', #1715, 1000.000000000000000 ) ;
#1783 = CARTESIAN_POINT ( 'NONE',  ( -2.390000000000007230, 0.9349829930005185696, 0.4299999999999916112 ) ) ;
#1784 = FACE_OUTER_BOUND ( 'NONE', #3272, .T. ) ;
#1785 = AXIS2_PLACEMENT_3D ( 'NONE', #2527, #1923, #3242 ) ;
#1786 = VERTEX_POINT ( 'NONE', #1185 ) ;
#1787 = EDGE_CURVE ( 'NONE', #495, #330, #1744, .T. ) ;
#1788 = EDGE_CURVE ( 'NONE', #1786, #1518, #2688, .T. ) ;
#1789 = FACE_OUTER_BOUND ( 'NONE', #3233, .T. ) ;
#1790 = ORIENTED_EDGE ( 'NONE', *, *, #2823, .F. ) ;
#1791 = VECTOR ( 'NONE', #41, 1000.000000000000000 ) ;
#1792 = FACE_OUTER_BOUND ( 'NONE', #3492, .T. ) ;
#1793 = DIRECTION ( 'NONE',  ( -1.000000000000000000, 0.000000000000000000, -1.734723475976807094E-15 ) ) ;
#1794 = FACE_OUTER_BOUND ( 'NONE', #3266, .T. ) ;
#1795 = VERTEX_POINT ( 'NONE', #3659 ) ;
#1796 = PLANE ( 'NONE',  #2622 ) ;
#1797 = LINE ( 'NONE', #790, #426 ) ;
#1798 = FACE_OUTER_BOUND ( 'NONE', #1863, .T. ) ;
#1799 = FACE_OUTER_BOUND ( 'NONE', #3664, .T. ) ;
#1800 = ORIENTED_EDGE ( 'NONE', *, *, #3410, .T. ) ;
#1801 = CARTESIAN_POINT ( 'NONE',  ( 1.577999999999999625, 0.2000000000000000111, 2.159500000000000419 ) ) ;
#1802 = LINE ( 'NONE', #2834, #986 ) ;
#1803 = CARTESIAN_POINT ( 'NONE',  ( -2.390000000000015223, 0.9349829930005185696, 2.109999999999991438 ) ) ;
#1804 = ORIENTED_EDGE ( 'NONE', *, *, #1528, .F. ) ;
#1805 = CYLINDRICAL_SURFACE ( 'NONE', #695, 0.3084292306793632310 ) ;
#1806 = ADVANCED_FACE ( 'NONE', ( #3731 ), #1796, .T. ) ;
#1807 = DIRECTION ( 'NONE',  ( -1.000000000000000000, 0.000000000000000000, -0.000000000000000000 ) ) ;
#1808 = ORIENTED_EDGE ( 'NONE', *, *, #1027, .T. ) ;
#1809 = PLANE ( 'NONE',  #959 ) ;
#1810 = VERTEX_POINT ( 'NONE', #1835 ) ;
#1811 = CARTESIAN_POINT ( 'NONE',  ( 0.000000000000000000, 0.05000000000000000278, 0.000000000000000000 ) ) ;
#1812 = EDGE_CURVE ( 'NONE', #1741, #3545, #807, .T. ) ;
#1813 = LINE ( 'NONE', #3367, #2539 ) ;
#1814 = EDGE_LOOP ( 'NONE', ( #3519, #591, #2201, #3580 ) ) ;
#1815 = DIRECTION ( 'NONE',  ( -0.000000000000000000, -1.000000000000000000, 0.000000000000000000 ) ) ;
#1816 = EDGE_CURVE ( 'NONE', #2868, #1390, #3343, .T. ) ;
#1817 = EDGE_CURVE ( 'NONE', #1565, #4122, #3075, .T. ) ;
#1818 = CARTESIAN_POINT ( 'NONE',  ( 1.249999999999999778, 0.2000000000000000111, 2.159499999999999087 ) ) ;
#1819 = VERTEX_POINT ( 'NONE', #3097 ) ;
#1820 = DIRECTION ( 'NONE',  ( -0.000000000000000000, -1.000000000000000000, 0.000000000000000000 ) ) ;
#1821 = ORIENTED_EDGE ( 'NONE', *, *, #1483, .F. ) ;
#1822 = LINE ( 'NONE', #1145, #2357 ) ;
#1823 = PLANE ( 'NONE',  #858 ) ;
#1824 = CARTESIAN_POINT ( 'NONE',  ( 3.000000000000006217, 0.1999999999999999833, -1.699999999999990630 ) ) ;
#1825 = CARTESIAN_POINT ( 'NONE',  ( 1.000000000000000000, 0.04999999999999999584, -2.159499999999999531 ) ) ;
#1826 = DIRECTION ( 'NONE',  ( -2.433723121784104254E-15, 0.000000000000000000, 1.000000000000000000 ) ) ;
#1827 = ORIENTED_EDGE ( 'NONE', *, *, #4091, .F. ) ;
#1828 = ADVANCED_FACE ( 'NONE', ( #238 ), #894, .F. ) ;
#1829 = DIRECTION ( 'NONE',  ( 1.000000000000000000, 0.000000000000000000, 3.491481338843133355E-15 ) ) ;
#1830 = ORIENTED_EDGE ( 'NONE', *, *, #3509, .T. ) ;
#1831 = VECTOR ( 'NONE', #4139, 1000.000000000000000 ) ;
#1832 = DIRECTION ( 'NONE',  ( -1.000000000000000000, 0.000000000000000000, -3.491481338843133355E-15 ) ) ;
#1833 = DIRECTION ( 'NONE',  ( -1.000000000000000000, 0.000000000000000000, 2.891205793294680200E-15 ) ) ;
#1834 = ORIENTED_EDGE ( 'NONE', *, *, #811, .T. ) ;
#1835 = CARTESIAN_POINT ( 'NONE',  ( -3.000000000000015099, 0.2000000000000000111, 2.109999999999989218 ) ) ;
#1836 = CARTESIAN_POINT ( 'NONE',  ( -1.000000000000000000, 0.000000000000000000, -2.159499999999999531 ) ) ;
#1837 = DIRECTION ( 'NONE',  ( -6.368294698887133538E-16, 0.000000000000000000, -1.000000000000000000 ) ) ;
#1838 = ORIENTED_EDGE ( 'NONE', *, *, #4105, .F. ) ;
#1839 = DIRECTION ( 'NONE',  ( -6.368294698887134525E-16, 0.000000000000000000, -1.000000000000000000 ) ) ;
#1840 = VECTOR ( 'NONE', #1021, 1000.000000000000000 ) ;
#1841 = EDGE_CURVE ( 'NONE', #2966, #1486, #3036, .T. ) ;
#1842 = VECTOR ( 'NONE', #2056, 1000.000000000000000 ) ;
#1843 = ORIENTED_EDGE ( 'NONE', *, *, #1191, .T. ) ;
#1844 = PLANE ( 'NONE',  #1364 ) ;
#1845 = LINE ( 'NONE', #1488, #3716 ) ;
#1846 = VECTOR ( 'NONE', #1159, 1000.000000000000000 ) ;
#1847 = CARTESIAN_POINT ( 'NONE',  ( -1.000000000000000000, 0.2000000000000000111, -2.499999999999989342 ) ) ;
#1848 = ORIENTED_EDGE ( 'NONE', *, *, #2055, .T. ) ;
#1849 = AXIS2_PLACEMENT_3D ( 'NONE', #2348, #1045, #2314 ) ;
#1850 = FACE_OUTER_BOUND ( 'NONE', #3589, .T. ) ;
#1851 = FACE_OUTER_BOUND ( 'NONE', #877, .T. ) ;
#1852 = ORIENTED_EDGE ( 'NONE', *, *, #3225, .F. ) ;
#1853 = AXIS2_PLACEMENT_3D ( 'NONE', #925, #941, #3126 ) ;
#1854 = ORIENTED_EDGE ( 'NONE', *, *, #817, .F. ) ;
#1855 = ORIENTED_EDGE ( 'NONE', *, *, #2459, .F. ) ;
#1856 = AXIS2_PLACEMENT_3D ( 'NONE', #4147, #1315, #685 ) ;
#1857 = FACE_OUTER_BOUND ( 'NONE', #1615, .T. ) ;
#1858 = CARTESIAN_POINT ( 'NONE',  ( 2.389999999999999236, 0.9349829930005185696, -0.4299999999999926659 ) ) ;
#1859 = ORIENTED_EDGE ( 'NONE', *, *, #322, .F. ) ;
#1860 = PLANE ( 'NONE',  #1708 ) ;
#1861 = STYLED_ITEM ( 'NONE', ( #3595 ), #4089 ) ;
#1862 = CARTESIAN_POINT ( 'NONE',  ( -2.390000000000003233, 0.2000000000000000111, 0.8399999999999915312 ) ) ;
#1863 = EDGE_LOOP ( 'NONE', ( #870, #1117, #1765, #2680, #1947, #2820, #1719, #735, #209, #922, #2799, #3446, #3148, #3831, #1906, #331, #2022, #285, #1461, #813, #3336 ) ) ;
#1864 = CARTESIAN_POINT ( 'NONE',  ( 2.389999999999999236, 1.000680784198103080E-17, -0.4299999999999926659 ) ) ;
#1865 = CARTESIAN_POINT ( 'NONE',  ( 1.578000000000000513, 6.112726612993349740, -2.159499999999999531 ) ) ;
#1866 = EDGE_CURVE ( 'NONE', #3567, #719, #1893, .T. ) ;
#1867 = ADVANCED_FACE ( 'NONE', ( #1562 ), #2521, .F. ) ;
#1868 = FACE_OUTER_BOUND ( 'NONE', #337, .T. ) ;
#1869 = CARTESIAN_POINT ( 'NONE',  ( -2.362567907003926493, 1.500000000000000000, -2.134330276301198648 ) ) ;
#1870 = ORIENTED_EDGE ( 'NONE', *, *, #2284, .T. ) ;
#1871 = ORIENTED_EDGE ( 'NONE', *, *, #1938, .F. ) ;
#1872 = ORIENTED_EDGE ( 'NONE', *, *, #934, .T. ) ;
#1873 = DIRECTION ( 'NONE',  ( 0.000000000000000000, -1.000000000000000000, 0.000000000000000000 ) ) ;
#1874 = ORIENTED_EDGE ( 'NONE', *, *, #946, .F. ) ;
#1875 = LINE ( 'NONE', #294, #2967 ) ;
#1876 = FACE_OUTER_BOUND ( 'NONE', #3761, .T. ) ;
#1877 = ADVANCED_FACE ( 'NONE', ( #1934 ), #915, .T. ) ;
#1878 = VERTEX_POINT ( 'NONE', #2807 ) ;
#1879 = DIRECTION ( 'NONE',  ( 1.000000000000000000, 0.000000000000000000, 3.491481338843133355E-15 ) ) ;
#1880 = CARTESIAN_POINT ( 'NONE',  ( 1.000000000000000000, 0.1999999999999996503, -2.499999999999989342 ) ) ;
#1881 = CARTESIAN_POINT ( 'NONE',  ( 2.390000000000000124, 0.1999999999999999833, -0.8399999999999924194 ) ) ;
#1882 = ORIENTED_EDGE ( 'NONE', *, *, #3526, .T. ) ;
#1883 = DIRECTION ( 'NONE',  ( 0.000000000000000000, 0.000000000000000000, 1.000000000000000000 ) ) ;
#1884 = FACE_OUTER_BOUND ( 'NONE', #3693, .T. ) ;
#1885 = CARTESIAN_POINT ( 'NONE',  ( -2.390000000000002345, 0.2000000000000000111, 0.4299999999999916112 ) ) ;
#1886 = ORIENTED_EDGE ( 'NONE', *, *, #2801, .F. ) ;
#1887 = ORIENTED_EDGE ( 'NONE', *, *, #3437, .F. ) ;
#1888 = ADVANCED_FACE ( 'NONE', ( #1222 ), #1860, .F. ) ;
#1889 = EDGE_CURVE ( 'NONE', #533, #1741, #2204, .T. ) ;
#1890 = ORIENTED_EDGE ( 'NONE', *, *, #969, .T. ) ;
#1891 = DIRECTION ( 'NONE',  ( 6.368294698887134525E-16, 0.000000000000000000, -1.000000000000000000 ) ) ;
#1892 = ORIENTED_EDGE ( 'NONE', *, *, #3058, .F. ) ;
#1893 = LINE ( 'NONE', #257, #2837 ) ;
#1894 = LINE ( 'NONE', #3160, #19 ) ;
#1895 = ORIENTED_EDGE ( 'NONE', *, *, #1987, .T. ) ;
#1896 = ORIENTED_EDGE ( 'NONE', *, *, #788, .T. ) ;
#1897 = VECTOR ( 'NONE', #135, 1000.000000000000000 ) ;
#1898 = CARTESIAN_POINT ( 'NONE',  ( 1.249999999999999778, 0.000000000000000000, -2.159499999999999087 ) ) ;
#1899 = DIRECTION ( 'NONE',  ( -2.433723121784104649E-15, 0.000000000000000000, 1.000000000000000000 ) ) ;
#1900 = VECTOR ( 'NONE', #1272, 1000.000000000000000 ) ;
#1901 = LINE ( 'NONE', #304, #2842 ) ;
#1902 = VECTOR ( 'NONE', #1243, 1000.000000000000000 ) ;
#1903 = DIRECTION ( 'NONE',  ( 1.618614838246585705E-16, 0.000000000000000000, 1.000000000000000000 ) ) ;
#1904 = VECTOR ( 'NONE', #667, 1000.000000000000000 ) ;
#1905 =( NAMED_UNIT ( * ) SI_UNIT ( $, .STERADIAN. ) SOLID_ANGLE_UNIT ( ) );
#1906 = ORIENTED_EDGE ( 'NONE', *, *, #2823, .T. ) ;
#1907 = VECTOR ( 'NONE', #2256, 1000.000000000000000 ) ;
#1908 = ORIENTED_EDGE ( 'NONE', *, *, #1987, .F. ) ;
#1909 = ORIENTED_EDGE ( 'NONE', *, *, #1729, .F. ) ;
#1910 = VECTOR ( 'NONE', #1334, 1000.000000000000000 ) ;
#1911 = DIRECTION ( 'NONE',  ( 1.000000000000000000, 0.000000000000000000, 1.734723475976807292E-15 ) ) ;
#1912 = EDGE_CURVE ( 'NONE', #3438, #2008, #1875, .T. ) ;
#1913 =( NAMED_UNIT ( * ) SI_UNIT ( $, .STERADIAN. ) SOLID_ANGLE_UNIT ( ) );
#1914 = EDGE_CURVE ( 'NONE', #2336, #1164, #2849, .T. ) ;
#1915 = ORIENTED_EDGE ( 'NONE', *, *, #417, .T. ) ;
#1916 = VECTOR ( 'NONE', #1337, 1000.000000000000000 ) ;
#1917 = CARTESIAN_POINT ( 'NONE',  ( 1.577999999999999625, 0.1999999999999996503, 2.159500000000000419 ) ) ;
#1918 = LINE ( 'NONE', #2569, #3512 ) ;
#1919 = ORIENTED_EDGE ( 'NONE', *, *, #3558, .T. ) ;
#1920 = VECTOR ( 'NONE', #1608, 1000.000000000000000 ) ;
#1921 = ORIENTED_EDGE ( 'NONE', *, *, #3713, .F. ) ;
#1922 = PLANE ( 'NONE',  #3028 ) ;
#1923 = DIRECTION ( 'NONE',  ( -1.000000000000000000, 0.000000000000000000, 0.000000000000000000 ) ) ;
#1924 = DIRECTION ( 'NONE',  ( 1.000000000000000000, 0.000000000000000000, 3.491481338843133355E-15 ) ) ;
#1925 = ORIENTED_EDGE ( 'NONE', *, *, #819, .F. ) ;
#1926 = LINE ( 'NONE', #4090, #3019 ) ;
#1927 = FILL_AREA_STYLE ('',( #1596 ) ) ;
#1928 = ORIENTED_EDGE ( 'NONE', *, *, #934, .F. ) ;
#1929 = ORIENTED_EDGE ( 'NONE', *, *, #1889, .F. ) ;
#1930 = ORIENTED_EDGE ( 'NONE', *, *, #3150, .F. ) ;
#1931 = ADVANCED_FACE ( 'NONE', ( #640 ), #316, .T. ) ;
#1932 = CARTESIAN_POINT ( 'NONE',  ( 2.390000000000000124, 0.9349829930005185696, -0.8399999999999924194 ) ) ;
#1933 = ORIENTED_EDGE ( 'NONE', *, *, #259, .T. ) ;
#1934 = FACE_OUTER_BOUND ( 'NONE', #2299, .T. ) ;
#1935 = LINE ( 'NONE', #3547, #3962 ) ;
#1936 = ORIENTED_EDGE ( 'NONE', *, *, #2824, .F. ) ;
#1937 = ORIENTED_EDGE ( 'NONE', *, *, #682, .F. ) ;
#1938 = EDGE_CURVE ( 'NONE', #3776, #2500, #57, .T. ) ;
#1939 = ADVANCED_FACE ( 'NONE', ( #824 ), #1809, .F. ) ;
#1940 = CARTESIAN_POINT ( 'NONE',  ( 2.390000000000006342, 0.9349829930005185696, -1.699999999999992850 ) ) ;
#1941 = CARTESIAN_POINT ( 'NONE',  ( -1.250000000000000000, 0.000000000000000000, -2.499999999999989786 ) ) ;
#1942 = CARTESIAN_POINT ( 'NONE',  ( -1.250000000000000000, 0.1999999999999996503, 2.499999999999989786 ) ) ;
#1943 = CARTESIAN_POINT ( 'NONE',  ( -2.390000000000012559, 0.05000000000000000971, 3.809999999999994280 ) ) ;
#1944 = DIRECTION ( 'NONE',  ( -1.000000000000000000, 0.000000000000000000, -3.846957460969528355E-15 ) ) ;
#1945 = ORIENTED_EDGE ( 'NONE', *, *, #1676, .F. ) ;
#1946 = VERTEX_POINT ( 'NONE', #550 ) ;
#1947 = ORIENTED_EDGE ( 'NONE', *, *, #3076, .T. ) ;
#1948 = LINE ( 'NONE', #931, #1301 ) ;
#1949 = EDGE_CURVE ( 'NONE', #1774, #3201, #481, .T. ) ;
#1950 = VERTEX_POINT ( 'NONE', #3363 ) ;
#1951 = CARTESIAN_POINT ( 'NONE',  ( 2.389999999999999236, 0.9349829930005185696, -0.4299999999999926659 ) ) ;
#1952 = DIRECTION ( 'NONE',  ( 0.000000000000000000, 0.000000000000000000, 1.000000000000000000 ) ) ;
#1953 = ORIENTED_EDGE ( 'NONE', *, *, #1889, .T. ) ;
#1954 = CARTESIAN_POINT ( 'NONE',  ( -1.249999999999999778, 0.2000000000000000111, -2.159499999999999087 ) ) ;
#1955 = VECTOR ( 'NONE', #1826, 1000.000000000000000 ) ;
#1956 = FACE_OUTER_BOUND ( 'NONE', #4107, .T. ) ;
#1957 = EDGE_CURVE ( 'NONE', #3389, #1518, #802, .T. ) ;
#1958 = CARTESIAN_POINT ( 'NONE',  ( 3.000000000000006217, 0.1999999999999999833, -1.699999999999990630 ) ) ;
#1959 = ADVANCED_FACE ( 'NONE', ( #3070 ), #3990, .F. ) ;
#1960 = ORIENTED_EDGE ( 'NONE', *, *, #3358, .T. ) ;
#1961 = CARTESIAN_POINT ( 'NONE',  ( -9.179578393710603156E-15, 0.2000000000000000111, 2.540000000000000036 ) ) ;
#1962 = LINE ( 'NONE', #3224, #2172 ) ;
#1963 = AXIS2_PLACEMENT_3D ( 'NONE', #205, #4030, #868 ) ;
#1964 = ORIENTED_EDGE ( 'NONE', *, *, #1413, .F. ) ;
#1965 = VERTEX_POINT ( 'NONE', #1132 ) ;
#1966 = AXIS2_PLACEMENT_3D ( 'NONE', #1487, #131, #2747 ) ;
#1967 = CARTESIAN_POINT ( 'NONE',  ( 2.389999999999992575, 2.001361568396206159E-17, 0.8400000000000074074 ) ) ;
#1968 = CARTESIAN_POINT ( 'NONE',  ( 2.999999999999984901, 0.9349829930005185696, 2.110000000000009646 ) ) ;
#1969 = VECTOR ( 'NONE', #1815, 1000.000000000000000 ) ;
#1970 = ORIENTED_EDGE ( 'NONE', *, *, #259, .F. ) ;
#1971 = VECTOR ( 'NONE', #3352, 1000.000000000000000 ) ;
#1972 = DIRECTION ( 'NONE',  ( 1.000000000000000000, 0.000000000000000000, 3.966593313971360706E-15 ) ) ;
#1973 = AXIS2_PLACEMENT_3D ( 'NONE', #3902, #134, #1420 ) ;
#1974 = CARTESIAN_POINT ( 'NONE',  ( -2.362567907003926493, 1.600000000000000089, -1.825901045621835195 ) ) ;
#1975 = ORIENTED_EDGE ( 'NONE', *, *, #2102, .F. ) ;
#1976 = DIRECTION ( 'NONE',  ( -0.000000000000000000, -1.000000000000000000, 0.000000000000000000 ) ) ;
#1977 = VECTOR ( 'NONE', #2836, 1000.000000000000000 ) ;
#1978 = DIRECTION ( 'NONE',  ( -0.000000000000000000, -1.000000000000000000, 0.000000000000000000 ) ) ;
#1979 = EDGE_CURVE ( 'NONE', #3864, #2591, #2756, .T. ) ;
#1980 = LINE ( 'NONE', #3186, #242 ) ;
#1981 = VECTOR ( 'NONE', #1837, 1000.000000000000000 ) ;
#1982 = CARTESIAN_POINT ( 'NONE',  ( -3.000000000000000888, 0.9349829930005185696, -0.4300000000000108735 ) ) ;
#1983 = PRODUCT_DEFINITION_FORMATION_WITH_SPECIFIED_SOURCE ( 'ANY', '', #1068, .NOT_KNOWN. ) ;
#1984 = DIRECTION ( 'NONE',  ( 0.000000000000000000, -1.000000000000000000, 0.000000000000000000 ) ) ;
#1985 = ADVANCED_FACE ( 'NONE', ( #1789 ), #3337, .T. ) ;
#1986 = DIRECTION ( 'NONE',  ( 3.404745165044293001E-15, 0.000000000000000000, -1.000000000000000000 ) ) ;
#1987 = EDGE_CURVE ( 'NONE', #1105, #742, #1428, .T. ) ;
#1988 =( NAMED_UNIT ( * ) SI_UNIT ( $, .STERADIAN. ) SOLID_ANGLE_UNIT ( ) );
#1989 = PLANE ( 'NONE',  #1973 ) ;
#1990 = ORIENTED_EDGE ( 'NONE', *, *, #3890, .T. ) ;
#1991 = ORIENTED_EDGE ( 'NONE', *, *, #3509, .F. ) ;
#1992 = EDGE_CURVE ( 'NONE', #2352, #863, #850, .T. ) ;
#1993 = EDGE_CURVE ( 'NONE', #3545, #3882, #2441, .T. ) ;
#1994 = LINE ( 'NONE', #1344, #2885 ) ;
#1995 = ORIENTED_EDGE ( 'NONE', *, *, #2036, .F. ) ;
#1996 = CARTESIAN_POINT ( 'NONE',  ( 2.389999999999999236, 1.000680784198103080E-17, -0.4299999999999926659 ) ) ;
#1997 = DIRECTION ( 'NONE',  ( -1.000000000000000000, 0.000000000000000000, -3.491481338843133355E-15 ) ) ;
#1998 = FACE_OUTER_BOUND ( 'NONE', #3788, .T. ) ;
#1999 = EDGE_LOOP ( 'NONE', ( #659, #1970, #857, #3881 ) ) ;
#2000 = DIRECTION ( 'NONE',  ( -1.000000000000000000, 0.000000000000000000, -3.097720492815651494E-14 ) ) ;
#2001 = CARTESIAN_POINT ( 'NONE',  ( -1.249999999999998446, 0.05000000000000000278, 7.960368373608908788E-16 ) ) ;
#2002 = DIRECTION ( 'NONE',  ( 0.000000000000000000, -1.000000000000000000, 0.000000000000000000 ) ) ;
#2003 = CARTESIAN_POINT ( 'NONE',  ( 2.390000000000000124, 1.000680784198103080E-17, -0.8399999999999924194 ) ) ;
#2004 = ORIENTED_EDGE ( 'NONE', *, *, #1348, .F. ) ;
#2005 = DIRECTION ( 'NONE',  ( -1.618614838246585458E-16, 0.000000000000000000, -1.000000000000000000 ) ) ;
#2006 = DIRECTION ( 'NONE',  ( 1.000000000000000000, 0.000000000000000000, 2.780529094590343356E-15 ) ) ;
#2007 = LINE ( 'NONE', #2614, #1641 ) ;
#2008 = VERTEX_POINT ( 'NONE', #3091 ) ;
#2009 = LINE ( 'NONE', #97, #14 ) ;
#2010 = DIRECTION ( 'NONE',  ( 0.000000000000000000, 0.000000000000000000, 1.000000000000000000 ) ) ;
#2011 = ORIENTED_EDGE ( 'NONE', *, *, #1459, .F. ) ;
#2012 = EDGE_CURVE ( 'NONE', #3698, #3392, #4062, .T. ) ;
#2013 = EDGE_CURVE ( 'NONE', #3208, #3455, #460, .T. ) ;
#2014 = EDGE_LOOP ( 'NONE', ( #2662, #1613, #459, #80 ) ) ;
#2015 = CARTESIAN_POINT ( 'NONE',  ( -1.000000000000000000, 6.112726612993349740, -2.499999999999989342 ) ) ;
#2016 = SURFACE_STYLE_FILL_AREA ( #105 ) ;
#2017 = ORIENTED_EDGE ( 'NONE', *, *, #1755, .T. ) ;
#2018 = CARTESIAN_POINT ( 'NONE',  ( 2.389999999999985025, 0.9349829930005185696, 2.110000000000007425 ) ) ;
#2019 = CARTESIAN_POINT ( 'NONE',  ( -2.390000000000015223, 3.002042352594308776E-17, 2.109999999999991438 ) ) ;
#2020 = DIRECTION ( 'NONE',  ( 0.000000000000000000, -1.000000000000000000, -0.000000000000000000 ) ) ;
#2021 = LINE ( 'NONE', #1666, #1312 ) ;
#2022 = ORIENTED_EDGE ( 'NONE', *, *, #2708, .T. ) ;
#2023 = VECTOR ( 'NONE', #1891, 1000.000000000000000 ) ;
#2024 = CARTESIAN_POINT ( 'NONE',  ( 2.999999999999991118, 11.01024967590665504, 2.500000000000011102 ) ) ;
#2025 = PLANE ( 'NONE',  #3167 ) ;
#2026 = DIRECTION ( 'NONE',  ( -3.491481338843133355E-15, 0.000000000000000000, 1.000000000000000000 ) ) ;
#2027 = ORIENTED_EDGE ( 'NONE', *, *, #1422, .F. ) ;
#2028 = CARTESIAN_POINT ( 'NONE',  ( -1.249999999999999778, 0.000000000000000000, -2.159499999999999087 ) ) ;
#2029 = VECTOR ( 'NONE', #2212, 1000.000000000000000 ) ;
#2030 = DIRECTION ( 'NONE',  ( 1.000000000000000000, 0.000000000000000000, 3.491481338843133355E-15 ) ) ;
#2031 = ORIENTED_EDGE ( 'NONE', *, *, #3200, .T. ) ;
#2032 = AXIS2_PLACEMENT_3D ( 'NONE', #187, #1520, #1494 ) ;
#2033 = ORIENTED_EDGE ( 'NONE', *, *, #2245, .T. ) ;
#2034 = VECTOR ( 'NONE', #2142, 1000.000000000000000 ) ;
#2035 = EDGE_CURVE ( 'NONE', #166, #2696, #2378, .T. ) ;
#2036 = EDGE_CURVE ( 'NONE', #990, #749, #2990, .T. ) ;
#2037 = ORIENTED_EDGE ( 'NONE', *, *, #2257, .F. ) ;
#2038 = VECTOR ( 'NONE', #3540, 1000.000000000000000 ) ;
#2039 = DIRECTION ( 'NONE',  ( -3.491481338843133355E-15, 0.000000000000000000, 1.000000000000000000 ) ) ;
#2040 = CARTESIAN_POINT ( 'NONE',  ( 2.999999999999985789, 0.9349829930005185696, 1.700000000000009726 ) ) ;
#2041 = CARTESIAN_POINT ( 'NONE',  ( -1.278000000000000469, 0.000000000000000000, -2.159499999999999975 ) ) ;
#2042 = VECTOR ( 'NONE', #2728, 1000.000000000000000 ) ;
#2043 = ORIENTED_EDGE ( 'NONE', *, *, #3077, .T. ) ;
#2044 = CARTESIAN_POINT ( 'NONE',  ( -2.389999999999993907, 0.000000000000000000, -1.700000000000008615 ) ) ;
#2045 = DIRECTION ( 'NONE',  ( -3.966593313971360706E-15, 0.000000000000000000, 1.000000000000000000 ) ) ;
#2046 = VECTOR ( 'NONE', #2148, 1000.000000000000000 ) ;
#2047 = FACE_OUTER_BOUND ( 'NONE', #3308, .T. ) ;
#2048 = DIRECTION ( 'NONE',  ( 3.846957460969528355E-15, 0.000000000000000000, -1.000000000000000000 ) ) ;
#2049 = VECTOR ( 'NONE', #3772, 1000.000000000000000 ) ;
#2050 = ORIENTED_EDGE ( 'NONE', *, *, #1249, .T. ) ;
#2051 = PLANE ( 'NONE',  #1503 ) ;
#2052 = PRESENTATION_LAYER_ASSIGNMENT (  '', '', ( #3575 ) ) ;
#2053 = CARTESIAN_POINT ( 'NONE',  ( 2.389999999999997016, 0.2000000000000000111, 0.8400000000000074074 ) ) ;
#2054 = ORIENTED_EDGE ( 'NONE', *, *, #1499, .F. ) ;
#2055 = EDGE_CURVE ( 'NONE', #882, #1149, #2664, .T. ) ;
#2056 = DIRECTION ( 'NONE',  ( -0.000000000000000000, -0.000000000000000000, 1.000000000000000000 ) ) ;
#2057 = ORIENTED_EDGE ( 'NONE', *, *, #1816, .F. ) ;
#2058 = FACE_OUTER_BOUND ( 'NONE', #394, .T. ) ;
#2059 = ORIENTED_EDGE ( 'NONE', *, *, #639, .F. ) ;
#2060 = DIRECTION ( 'NONE',  ( 1.000000000000000000, 0.000000000000000000, 3.491481338843133355E-15 ) ) ;
#2061 = CARTESIAN_POINT ( 'NONE',  ( -2.839999999999998970, 0.2000000000000000944, -1.700000000000010614 ) ) ;
#2062 = ADVANCED_FACE ( 'NONE', ( #59 ), #1349, .F. ) ;
#2063 = EDGE_CURVE ( 'NONE', #4051, #270, #875, .T. ) ;
#2064 = VERTEX_POINT ( 'NONE', #3428 ) ;
#2065 = LINE ( 'NONE', #2697, #905 ) ;
#2066 = DIRECTION ( 'NONE',  ( -2.433723121784102677E-15, 0.000000000000000000, 1.000000000000000000 ) ) ;
#2067 = CARTESIAN_POINT ( 'NONE',  ( -2.389999999999998792, 0.000000000000000000, -2.110000000000010090 ) ) ;
#2068 = DIRECTION ( 'NONE',  ( 0.000000000000000000, 1.000000000000000000, 0.000000000000000000 ) ) ;
#2069 = LINE ( 'NONE', #3024, #3218 ) ;
#2070 = PLANE ( 'NONE',  #2224 ) ;
#2071 = ORIENTED_EDGE ( 'NONE', *, *, #3453, .T. ) ;
#2072 = ORIENTED_EDGE ( 'NONE', *, *, #208, .T. ) ;
#2073 = FILL_AREA_STYLE ('',( #3992 ) ) ;
#2074 = FILL_AREA_STYLE_COLOUR ( '', #3645 ) ;
#2075 = ORIENTED_EDGE ( 'NONE', *, *, #2213, .T. ) ;
#2076 = CARTESIAN_POINT ( 'NONE',  ( 1.577999999999999625, 0.1999999999999996503, 2.159500000000000419 ) ) ;
#2077 = DIRECTION ( 'NONE',  ( -3.491481338843133355E-15, 0.000000000000000000, 1.000000000000000000 ) ) ;
#2078 = SURFACE_STYLE_FILL_AREA ( #810 ) ;
#2079 = ORIENTED_EDGE ( 'NONE', *, *, #3677, .F. ) ;
#2080 = DIRECTION ( 'NONE',  ( 1.000000000000000000, -0.000000000000000000, 6.368294698887134525E-16 ) ) ;
#2081 = LINE ( 'NONE', #3378, #3703 ) ;
#2082 = EDGE_CURVE ( 'NONE', #330, #1392, #4013, .T. ) ;
#2083 = DIRECTION ( 'NONE',  ( -0.7071067811865479058, 0.000000000000000000, -0.7071067811865472397 ) ) ;
#2084 = ORIENTED_EDGE ( 'NONE', *, *, #1401, .T. ) ;
#2085 = DIRECTION ( 'NONE',  ( 0.000000000000000000, -1.000000000000000000, 0.000000000000000000 ) ) ;
#2086 = FACE_OUTER_BOUND ( 'NONE', #2203, .T. ) ;
#2087 = ORIENTED_EDGE ( 'NONE', *, *, #2118, .F. ) ;
#2088 = CARTESIAN_POINT ( 'NONE',  ( 2.390000000000006342, 0.9349829930005185696, -1.699999999999992850 ) ) ;
#2089 = VECTOR ( 'NONE', #2861, 1000.000000000000000 ) ;
#2090 = VERTEX_POINT ( 'NONE', #3765 ) ;
#2091 = CARTESIAN_POINT ( 'NONE',  ( 1.250000000000000000, 0.2000000000000000111, -2.499999999999989786 ) ) ;
#2092 = FACE_OUTER_BOUND ( 'NONE', #3074, .T. ) ;
#2093 = VECTOR ( 'NONE', #2489, 1000.000000000000000 ) ;
#2094 = CARTESIAN_POINT ( 'NONE',  ( 2.389999999999993463, 2.001361568396206159E-17, 0.4300000000000076539 ) ) ;
#2095 = VERTEX_POINT ( 'NONE', #3391 ) ;
#2096 = VECTOR ( 'NONE', #1542, 1000.000000000000000 ) ;
#2097 = CARTESIAN_POINT ( 'NONE',  ( -2.999999999999998668, 0.05000000000000000278, -0.8400000000000101830 ) ) ;
#2098 = CARTESIAN_POINT ( 'NONE',  ( -2.999999999999992895, 0.05000000000000000278, -2.500000000000010214 ) ) ;
#2099 =( LENGTH_UNIT ( ) NAMED_UNIT ( * ) SI_UNIT ( .MILLI., .METRE. ) );
#2100 = AXIS2_PLACEMENT_3D ( 'NONE', #3675, #826, #3365 ) ;
#2101 = PLANE ( 'NONE',  #3375 ) ;
#2102 = EDGE_CURVE ( 'NONE', #1240, #533, #2137, .T. ) ;
#2103 = ORIENTED_EDGE ( 'NONE', *, *, #162, .T. ) ;
#2104 = DIRECTION ( 'NONE',  ( 0.000000000000000000, -1.000000000000000000, 0.000000000000000000 ) ) ;
#2105 = AXIS2_PLACEMENT_3D ( 'NONE', #43, #3933, #2994 ) ;
#2106 = CARTESIAN_POINT ( 'NONE',  ( -1.249999999999999778, 0.1999999999999996503, 2.159499999999999087 ) ) ;
#2107 = PRESENTATION_LAYER_ASSIGNMENT (  '', '', ( #4106 ) ) ;
#2108 = DIRECTION ( 'NONE',  ( -6.368294698887133538E-16, 0.000000000000000000, -1.000000000000000000 ) ) ;
#2109 = ORIENTED_EDGE ( 'NONE', *, *, #2744, .T. ) ;
#2110 = ADVANCED_FACE ( 'NONE', ( #1857 ), #235, .F. ) ;
#2111 = AXIS2_PLACEMENT_3D ( 'NONE', #2997, #112, #726 ) ;
#2112 = ADVANCED_FACE ( 'NONE', ( #4080 ), #855, .F. ) ;
#2113 = LINE ( 'NONE', #1174, #3955 ) ;
#2114 = CARTESIAN_POINT ( 'NONE',  ( 2.999999999999992450, 2.001361568396206159E-17, 0.8400000000000096279 ) ) ;
#2115 = AXIS2_PLACEMENT_3D ( 'NONE', #740, #2077, #3260 ) ;
#2116 = VERTEX_POINT ( 'NONE', #192 ) ;
#2117 = EDGE_CURVE ( 'NONE', #1240, #3594, #1813, .T. ) ;
#2118 = EDGE_CURVE ( 'NONE', #501, #1565, #1479, .T. ) ;
#2119 = ORIENTED_EDGE ( 'NONE', *, *, #395, .T. ) ;
#2120 = LINE ( 'NONE', #2759, #3773 ) ;
#2121 = PLANE ( 'NONE',  #1289 ) ;
#2122 = ORIENTED_EDGE ( 'NONE', *, *, #759, .F. ) ;
#2123 = DIRECTION ( 'NONE',  ( -0.000000000000000000, -1.000000000000000000, -0.000000000000000000 ) ) ;
#2124 = CARTESIAN_POINT ( 'NONE',  ( 2.390000000000007230, 0.2000000000000000111, -2.109999999999992326 ) ) ;
#2125 =( LENGTH_UNIT ( ) NAMED_UNIT ( * ) SI_UNIT ( .MILLI., .METRE. ) );
#2126 = EDGE_LOOP ( 'NONE', ( #2706, #2497, #2882, #2207 ) ) ;
#2127 = LINE ( 'NONE', #1750, #697 ) ;
#2128 = LINE ( 'NONE', #4087, #3571 ) ;
#2129 = ADVANCED_FACE ( 'NONE', ( #552 ), #2121, .T. ) ;
#2130 = CARTESIAN_POINT ( 'NONE',  ( -1.578000000000000291, 6.112726612993349740, -1.859500000000000153 ) ) ;
#2131 = VERTEX_POINT ( 'NONE', #2786 ) ;
#2132 = LINE ( 'NONE', #2435, #1897 ) ;
#2133 = PLANE ( 'NONE',  #3278 ) ;
#2134 = ORIENTED_EDGE ( 'NONE', *, *, #334, .F. ) ;
#2135 = CARTESIAN_POINT ( 'NONE',  ( 2.777236428103712484E-15, 0.05000000000000000278, -0.8400000000000006350 ) ) ;
#2136 = ORIENTED_EDGE ( 'NONE', *, *, #1680, .F. ) ;
#2137 = LINE ( 'NONE', #2157, #897 ) ;
#2138 = EDGE_CURVE ( 'NONE', #2345, #338, #1156, .T. ) ;
#2139 = ADVANCED_FACE ( 'NONE', ( #3056 ), #2419, .F. ) ;
#2140 = EDGE_LOOP ( 'NONE', ( #3117, #1887, #2947, #600 ) ) ;
#2141 = DIRECTION ( 'NONE',  ( -1.000000000000000000, 0.000000000000000000, -1.734723475976807292E-15 ) ) ;
#2142 = DIRECTION ( 'NONE',  ( 0.000000000000000000, 0.000000000000000000, 1.000000000000000000 ) ) ;
#2143 = CARTESIAN_POINT ( 'NONE',  ( -1.249999999999999778, 6.112726612993349740, -2.159499999999999087 ) ) ;
#2144 = SURFACE_STYLE_USAGE ( .BOTH. , #3347 ) ;
#2145 = LINE ( 'NONE', #3014, #99 ) ;
#2146 = ORIENTED_EDGE ( 'NONE', *, *, #3482, .F. ) ;
#2147 = DIRECTION ( 'NONE',  ( -6.368294698887133538E-16, -0.000000000000000000, 1.000000000000000000 ) ) ;
#2148 = DIRECTION ( 'NONE',  ( -1.000000000000000000, 0.000000000000000000, -3.846957460969528355E-15 ) ) ;
#2149 = CARTESIAN_POINT ( 'NONE',  ( -2.362567907003926493, 1.500000000000000000, -1.825901045621835195 ) ) ;
#2150 = VERTEX_POINT ( 'NONE', #535 ) ;
#2151 = DIRECTION ( 'NONE',  ( -0.000000000000000000, -1.000000000000000000, -0.000000000000000000 ) ) ;
#2152 = ADVANCED_FACE ( 'NONE', ( #3073 ), #3704, .T. ) ;
#2153 = CARTESIAN_POINT ( 'NONE',  ( -2.389999999999998792, 0.2000000000000000111, -0.4300000000000084865 ) ) ;
#2154 = ORIENTED_EDGE ( 'NONE', *, *, #3942, .F. ) ;
#2155 = ORIENTED_EDGE ( 'NONE', *, *, #2350, .T. ) ;
#2156 = VECTOR ( 'NONE', #532, 1000.000000000000000 ) ;
#2157 = CARTESIAN_POINT ( 'NONE',  ( 3.000000000000001332, 0.2000000000000000111, -0.4299999999999905009 ) ) ;
#2158 =( LENGTH_UNIT ( ) NAMED_UNIT ( * ) SI_UNIT ( .MILLI., .METRE. ) );
#2159 = VERTEX_POINT ( 'NONE', #2397 ) ;
#2160 = CARTESIAN_POINT ( 'NONE',  ( 1.000000000000000000, 0.000000000000000000, -2.499999999999989342 ) ) ;
#2161 = EDGE_CURVE ( 'NONE', #1404, #166, #892, .T. ) ;
#2162 = EDGE_CURVE ( 'NONE', #1205, #2712, #2958, .T. ) ;
#2163 = DIRECTION ( 'NONE',  ( -1.000000000000000000, 0.000000000000000000, -3.491481338843133750E-15 ) ) ;
#2164 = VECTOR ( 'NONE', #798, 1000.000000000000000 ) ;
#2165 = LINE ( 'NONE', #1139, #1109 ) ;
#2166 = VECTOR ( 'NONE', #1381, 1000.000000000000000 ) ;
#2167 = ORIENTED_EDGE ( 'NONE', *, *, #85, .T. ) ;
#2168 = CARTESIAN_POINT ( 'NONE',  ( -2.389999999999998792, 0.000000000000000000, -2.110000000000010090 ) ) ;
#2169 = CARTESIAN_POINT ( 'NONE',  ( -2.839999999999998970, 0.2000000000000000111, -1.700000000000008393 ) ) ;
#2170 = VECTOR ( 'NONE', #2719, 1000.000000000000000 ) ;
#2171 = LINE ( 'NONE', #3815, #1519 ) ;
#2172 = VECTOR ( 'NONE', #365, 1000.000000000000000 ) ;
#2173 = DIRECTION ( 'NONE',  ( 2.433723121784102677E-15, 0.000000000000000000, -1.000000000000000000 ) ) ;
#2174 = PRESENTATION_LAYER_ASSIGNMENT (  '', '', ( #3436 ) ) ;
#2175 = DIRECTION ( 'NONE',  ( -0.000000000000000000, -1.000000000000000000, 0.000000000000000000 ) ) ;
#2176 = VERTEX_POINT ( 'NONE', #3676 ) ;
#2177 = VECTOR ( 'NONE', #2349, 1000.000000000000000 ) ;
#2178 = ORIENTED_EDGE ( 'NONE', *, *, #1241, .F. ) ;
#2179 = ORIENTED_EDGE ( 'NONE', *, *, #1746, .T. ) ;
#2180 = VECTOR ( 'NONE', #2308, 1000.000000000000000 ) ;
#2181 = CARTESIAN_POINT ( 'NONE',  ( 1.250000000000000000, 0.2000000000000000111, 2.499999999999989786 ) ) ;
#2182 = EDGE_CURVE ( 'NONE', #533, #3882, #1182, .T. ) ;
#2183 =( NAMED_UNIT ( * ) PLANE_ANGLE_UNIT ( ) SI_UNIT ( $, .RADIAN. ) );
#2184 = ORIENTED_EDGE ( 'NONE', *, *, #2398, .T. ) ;
#2185 = CARTESIAN_POINT ( 'NONE',  ( -2.389999999999998792, 0.2000000000000000944, -2.110000000000010090 ) ) ;
#2186 = MECHANICAL_DESIGN_GEOMETRIC_PRESENTATION_REPRESENTATION (  '', ( #1861 ), #1650 ) ;
#2187 = LINE ( 'NONE', #3078, #3832 ) ;
#2188 = DIRECTION ( 'NONE',  ( -1.000000000000000000, 0.000000000000000000, -3.404745165044293001E-15 ) ) ;
#2189 = ORIENTED_EDGE ( 'NONE', *, *, #2284, .F. ) ;
#2190 = ORIENTED_EDGE ( 'NONE', *, *, #3747, .T. ) ;
#2191 = LINE ( 'NONE', #1591, #2613 ) ;
#2192 = CARTESIAN_POINT ( 'NONE',  ( -1.578000000000000291, 0.000000000000000000, -1.859500000000000153 ) ) ;
#2193 = ADVANCED_FACE ( 'NONE', ( #2092 ), #3728, .T. ) ;
#2194 = CARTESIAN_POINT ( 'NONE',  ( -2.389999999999993907, 0.2000000000000000111, -1.700000000000008615 ) ) ;
#2195 = EDGE_CURVE ( 'NONE', #3021, #4119, #593, .T. ) ;
#2196 = EDGE_LOOP ( 'NONE', ( #1929, #1975, #2881, #3209 ) ) ;
#2197 = DIRECTION ( 'NONE',  ( 0.000000000000000000, 1.000000000000000000, 0.000000000000000000 ) ) ;
#2198 =( NAMED_UNIT ( * ) PLANE_ANGLE_UNIT ( ) SI_UNIT ( $, .RADIAN. ) );
#2199 = ORIENTED_EDGE ( 'NONE', *, *, #1254, .F. ) ;
#2200 = VERTEX_POINT ( 'NONE', #1616 ) ;
#2201 = ORIENTED_EDGE ( 'NONE', *, *, #1373, .T. ) ;
#2202 = CARTESIAN_POINT ( 'NONE',  ( 1.577999999999999625, 6.112726612993349740, 2.159500000000000419 ) ) ;
#2203 = EDGE_LOOP ( 'NONE', ( #2730, #2412, #2087, #1915, #736, #1005, #3754, #1099, #2043, #1184, #273, #2921 ) ) ;
#2204 = LINE ( 'NONE', #3159, #644 ) ;
#2205 = DIRECTION ( 'NONE',  ( 0.000000000000000000, -1.000000000000000000, 0.000000000000000000 ) ) ;
#2206 = EDGE_CURVE ( 'NONE', #2979, #1606, #1264, .T. ) ;
#2207 = ORIENTED_EDGE ( 'NONE', *, *, #4, .F. ) ;
#2208 = VERTEX_POINT ( 'NONE', #634 ) ;
#2209 = CARTESIAN_POINT ( 'NONE',  ( -3.000000000000009326, 0.05000000000000000278, 2.499999999999990230 ) ) ;
#2210 = LINE ( 'NONE', #2812, #3177 ) ;
#2211 = DIRECTION ( 'NONE',  ( -1.000000000000000000, 0.000000000000000000, -3.491481338843133355E-15 ) ) ;
#2212 = DIRECTION ( 'NONE',  ( 0.000000000000000000, -1.000000000000000000, 0.000000000000000000 ) ) ;
#2213 = EDGE_CURVE ( 'NONE', #909, #1946, #3789, .T. ) ;
#2214 = CARTESIAN_POINT ( 'NONE',  ( -2.839999999999998970, 0.05000000000000000278, -1.700000000000009726 ) ) ;
#2215 = EDGE_CURVE ( 'NONE', #3104, #3195, #3211, .T. ) ;
#2216 = CARTESIAN_POINT ( 'NONE',  ( 2.389999999999997016, 0.2000000000000000111, 0.8400000000000074074 ) ) ;
#2217 = EDGE_LOOP ( 'NONE', ( #288, #3615, #2736, #1886 ) ) ;
#2218 = ORIENTED_EDGE ( 'NONE', *, *, #191, .T. ) ;
#2219 = UNCERTAINTY_MEASURE_WITH_UNIT (LENGTH_MEASURE( 1.000000000000000082E-05 ), #6, 'distance_accuracy_value', 'NONE');
#2220 = LINE ( 'NONE', #3484, #1831 ) ;
#2221 = VERTEX_POINT ( 'NONE', #3806 ) ;
#2222 = VECTOR ( 'NONE', #2784, 1000.000000000000000 ) ;
#2223 = CARTESIAN_POINT ( 'NONE',  ( -2.999999999999997780, 0.2000000000000000111, -0.8400000000000101830 ) ) ;
#2224 = AXIS2_PLACEMENT_3D ( 'NONE', #3113, #846, #3404 ) ;
#2225 = CARTESIAN_POINT ( 'NONE',  ( -1.000000000000000000, 0.000000000000000000, 2.499999999999989342 ) ) ;
#2226 = ORIENTED_EDGE ( 'NONE', *, *, #993, .T. ) ;
#2227 = AXIS2_PLACEMENT_3D ( 'NONE', #3670, #529, #3356 ) ;
#2228 = FACE_OUTER_BOUND ( 'NONE', #3701, .T. ) ;
#2229 = CARTESIAN_POINT ( 'NONE',  ( 2.999999999999984901, 3.002042352594308776E-17, 2.110000000000009646 ) ) ;
#2230 = VECTOR ( 'NONE', #1978, 1000.000000000000000 ) ;
#2231 = DIRECTION ( 'NONE',  ( -1.000000000000000000, -0.000000000000000000, 3.966593313971360706E-15 ) ) ;
#2232 = AXIS2_PLACEMENT_3D ( 'NONE', #4064, #2760, #1832 ) ;
#2233 = ADVANCED_FACE ( 'NONE', ( #3194 ), #4121, .T. ) ;
#2234 = CARTESIAN_POINT ( 'NONE',  ( 3.000000000000007994, 11.01024967590665504, -2.499999999999989342 ) ) ;
#2235 = AXIS2_PLACEMENT_3D ( 'NONE', #1607, #2252, #1314 ) ;
#2236 = LINE ( 'NONE', #1497, #1907 ) ;
#2237 = COLOUR_RGB ( '',0.7921568627450980005, 0.8196078431372548767, 0.9333333333333333481 ) ;
#2238 = ORIENTED_EDGE ( 'NONE', *, *, #3689, .T. ) ;
#2239 = ORIENTED_EDGE ( 'NONE', *, *, #3095, .T. ) ;
#2240 = AXIS2_PLACEMENT_3D ( 'NONE', #1525, #2465, #3751 ) ;
#2241 = DIRECTION ( 'NONE',  ( -1.618614838246585458E-16, 0.000000000000000000, -1.000000000000000000 ) ) ;
#2242 = COLOUR_RGB ( '',0.7921568627450980005, 0.8196078431372548767, 0.9333333333333333481 ) ;
#2243 = ORIENTED_EDGE ( 'NONE', *, *, #2682, .F. ) ;
#2244 = EDGE_CURVE ( 'NONE', #3787, #675, #1948, .T. ) ;
#2245 = EDGE_CURVE ( 'NONE', #3672, #3035, #3133, .T. ) ;
#2246 = AXIS2_PLACEMENT_3D ( 'NONE', #2130, #2083, #3399 ) ;
#2247 = CARTESIAN_POINT ( 'NONE',  ( 1.249999999999999778, 6.112726612993349740, -2.159499999999999087 ) ) ;
#2248 = CARTESIAN_POINT ( 'NONE',  ( -3.000000000000014211, 0.9349829930005185696, 1.699999999999989742 ) ) ;
#2249 = EDGE_LOOP ( 'NONE', ( #1578, #4126, #2792, #3090 ) ) ;
#2250 = AXIS2_PLACEMENT_3D ( 'NONE', #467, #2020, #3579 ) ;
#2251 = ORIENTED_EDGE ( 'NONE', *, *, #1402, .T. ) ;
#2252 = DIRECTION ( 'NONE',  ( 1.000000000000000000, 0.000000000000000000, -0.000000000000000000 ) ) ;
#2253 = CARTESIAN_POINT ( 'NONE',  ( 3.000000000000000888, 0.05000000000000000278, -0.4299999999999916112 ) ) ;
#2254 = CARTESIAN_POINT ( 'NONE',  ( -2.362567907003926493, 1.500000000000000000, -1.825901045621835195 ) ) ;
#2255 = PLANE ( 'NONE',  #355 ) ;
#2256 = DIRECTION ( 'NONE',  ( -1.000000000000000000, 0.000000000000000000, -3.491481338843133355E-15 ) ) ;
#2257 = EDGE_CURVE ( 'NONE', #882, #2758, #2901, .T. ) ;
#2258 = ORIENTED_EDGE ( 'NONE', *, *, #2206, .T. ) ;
#2259 = EDGE_LOOP ( 'NONE', ( #2226, #3973, #140, #194 ) ) ;
#2260 = ORIENTED_EDGE ( 'NONE', *, *, #2182, .T. ) ;
#2261 = CARTESIAN_POINT ( 'NONE',  ( -1.577999999999999625, 6.112726612993349740, 2.159500000000000419 ) ) ;
#2262 = LINE ( 'NONE', #3807, #1309 ) ;
#2263 = ORIENTED_EDGE ( 'NONE', *, *, #3601, .T. ) ;
#2264 = DIRECTION ( 'NONE',  ( -0.000000000000000000, -1.000000000000000000, -0.000000000000000000 ) ) ;
#2265 = EDGE_CURVE ( 'NONE', #3191, #694, #973, .T. ) ;
#2266 = CARTESIAN_POINT ( 'NONE',  ( 1.578000000000000513, 0.2000000000000000111, -2.159499999999999531 ) ) ;
#2267 = EDGE_LOOP ( 'NONE', ( #3564, #656, #646, #582, #2755, #645, #3027, #2004 ) ) ;
#2268 = DIRECTION ( 'NONE',  ( -1.000000000000000000, 0.000000000000000000, 0.000000000000000000 ) ) ;
#2269 = DIRECTION ( 'NONE',  ( 1.000000000000000000, 0.000000000000000000, 3.097720492815651494E-14 ) ) ;
#2270 = DIRECTION ( 'NONE',  ( -1.000000000000000000, 0.000000000000000000, -3.491481338843133355E-15 ) ) ;
#2271 = DIRECTION ( 'NONE',  ( -2.433723121784104254E-15, 0.000000000000000000, 1.000000000000000000 ) ) ;
#2272 = LINE ( 'NONE', #3920, #2038 ) ;
#2273 =( LENGTH_UNIT ( ) NAMED_UNIT ( * ) SI_UNIT ( .MILLI., .METRE. ) );
#2274 = VERTEX_POINT ( 'NONE', #289 ) ;
#2275 = EDGE_LOOP ( 'NONE', ( #254, #4079, #750, #2819, #792, #2802, #867, #3448, #2584, #2184, #787, #2538, #468, #3956, #4144, #2369, #3355, #1882, #408, #3318, #1524 ) ) ;
#2276 = DIRECTION ( 'NONE',  ( 2.433723121784104254E-15, 0.000000000000000000, -1.000000000000000000 ) ) ;
#2277 = ORIENTED_EDGE ( 'NONE', *, *, #788, .F. ) ;
#2278 = EDGE_CURVE ( 'NONE', #3035, #3570, #11, .T. ) ;
#2279 = LINE ( 'NONE', #1678, #2423 ) ;
#2280 = CARTESIAN_POINT ( 'NONE',  ( -1.278000000000000469, 0.1999999999999996503, -2.159499999999999975 ) ) ;
#2281 = VERTEX_POINT ( 'NONE', #2822 ) ;
#2282 = CARTESIAN_POINT ( 'NONE',  ( 1.000000000000000000, 0.1999999999999996503, 2.159499999999999531 ) ) ;
#2283 = EDGE_CURVE ( 'NONE', #932, #1819, #2537, .T. ) ;
#2284 = EDGE_CURVE ( 'NONE', #3744, #2830, #2581, .T. ) ;
#2285 = DIRECTION ( 'NONE',  ( -1.000000000000000000, 0.000000000000000000, -3.097720492815652125E-14 ) ) ;
#2286 = CARTESIAN_POINT ( 'NONE',  ( -2.113437816226393418E-14, 3.002042352594308776E-17, 3.810000000000000053 ) ) ;
#2287 = DIRECTION ( 'NONE',  ( 0.000000000000000000, 0.000000000000000000, 1.000000000000000000 ) ) ;
#2288 = ADVANCED_FACE ( 'NONE', ( #951 ), #1009, .T. ) ;
#2289 = ORIENTED_EDGE ( 'NONE', *, *, #683, .F. ) ;
#2290 = DIRECTION ( 'NONE',  ( -0.000000000000000000, -1.000000000000000000, -0.000000000000000000 ) ) ;
#2291 = DIRECTION ( 'NONE',  ( 0.000000000000000000, -1.000000000000000000, 0.000000000000000000 ) ) ;
#2292 = VECTOR ( 'NONE', #923, 1000.000000000000000 ) ;
#2293 = FILL_AREA_STYLE ('',( #1340 ) ) ;
#2294 = VERTEX_POINT ( 'NONE', #3468 ) ;
#2295 = VECTOR ( 'NONE', #2285, 1000.000000000000000 ) ;
#2296 = LINE ( 'NONE', #1967, #3763 ) ;
#2297 = CARTESIAN_POINT ( 'NONE',  ( -1.376936759056590473E-14, 0.2000000000000000111, 3.810000000000000053 ) ) ;
#2298 = AXIS2_PLACEMENT_3D ( 'NONE', #1399, #688, #1689 ) ;
#2299 = EDGE_LOOP ( 'NONE', ( #3588, #1843, #611, #73 ) ) ;
#2300 = VECTOR ( 'NONE', #3501, 1000.000000000000000 ) ;
#2301 = FACE_OUTER_BOUND ( 'NONE', #1345, .T. ) ;
#2302 = VECTOR ( 'NONE', #3880, 1000.000000000000000 ) ;
#2303 = EDGE_CURVE ( 'NONE', #2865, #2336, #1599, .T. ) ;
#2304 = DIRECTION ( 'NONE',  ( 1.000000000000000000, 0.000000000000000000, 2.433723121784102677E-15 ) ) ;
#2305 = CARTESIAN_POINT ( 'NONE',  ( -1.249999999999999778, 0.2000000000000000111, 2.159499999999999087 ) ) ;
#2306 = CIRCLE ( 'NONE', #854, 0.3084292306793632310 ) ;
#2307 = CARTESIAN_POINT ( 'NONE',  ( -2.999999999999993783, 0.2000000000000000111, -1.700000000000011058 ) ) ;
#2308 = DIRECTION ( 'NONE',  ( 1.000000000000000000, -0.000000000000000000, -1.322197771323783418E-15 ) ) ;
#2309 = VECTOR ( 'NONE', #296, 1000.000000000000000 ) ;
#2310 = VERTEX_POINT ( 'NONE', #612 ) ;
#2311 = CARTESIAN_POINT ( 'NONE',  ( -2.390000000000008118, 0.2000000000000000111, 0.8399999999999915312 ) ) ;
#2312 = VECTOR ( 'NONE', #1480, 1000.000000000000000 ) ;
#2313 = CARTESIAN_POINT ( 'NONE',  ( -1.000000000000000000, 0.2000000000000000111, 2.499999999999989342 ) ) ;
#2314 = DIRECTION ( 'NONE',  ( -1.000000000000000000, 0.000000000000000000, -3.491481338843133355E-15 ) ) ;
#2315 = EDGE_CURVE ( 'NONE', #3275, #3195, #2220, .T. ) ;
#2316 = EDGE_CURVE ( 'NONE', #3944, #2458, #1303, .T. ) ;
#2317 = CARTESIAN_POINT ( 'NONE',  ( -2.999999999999993339, 0.2000000000000000111, -2.110000000000010090 ) ) ;
#2318 = ORIENTED_EDGE ( 'NONE', *, *, #246, .T. ) ;
#2319 = ORIENTED_EDGE ( 'NONE', *, *, #588, .T. ) ;
#2320 = LINE ( 'NONE', #3906, #1496 ) ;
#2321 = ORIENTED_EDGE ( 'NONE', *, *, #1016, .T. ) ;
#2322 = ORIENTED_EDGE ( 'NONE', *, *, #3690, .T. ) ;
#2323 = FILL_AREA_STYLE ('',( #1055 ) ) ;
#2324 = CARTESIAN_POINT ( 'NONE',  ( 2.389999999999997904, 0.2000000000000000111, 0.4300000000000076539 ) ) ;
#2325 = CARTESIAN_POINT ( 'NONE',  ( 3.000000000000007105, 0.9349829930005185696, -2.109999999999990550 ) ) ;
#2326 = CARTESIAN_POINT ( 'NONE',  ( -1.249999999999999778, 0.000000000000000000, 2.159499999999999087 ) ) ;
#2327 = ORIENTED_EDGE ( 'NONE', *, *, #184, .T. ) ;
#2328 = LINE ( 'NONE', #3539, #82 ) ;
#2329 = LINE ( 'NONE', #2955, #1577 ) ;
#2330 = ORIENTED_EDGE ( 'NONE', *, *, #191, .F. ) ;
#2331 = ORIENTED_EDGE ( 'NONE', *, *, #2857, .T. ) ;
#2332 = EDGE_CURVE ( 'NONE', #3515, #2743, #3527, .T. ) ;
#2333 = EDGE_CURVE ( 'NONE', #2395, #3803, #677, .T. ) ;
#2334 = DIRECTION ( 'NONE',  ( -1.000000000000000000, 0.000000000000000000, 1.618614838246585458E-16 ) ) ;
#2335 = LINE ( 'NONE', #1406, #146 ) ;
#2336 = VERTEX_POINT ( 'NONE', #75 ) ;
#2337 = ORIENTED_EDGE ( 'NONE', *, *, #2978, .F. ) ;
#2338 = PLANE ( 'NONE',  #1703 ) ;
#2339 = FILL_AREA_STYLE_COLOUR ( '', #4116 ) ;
#2340 = ORIENTED_EDGE ( 'NONE', *, *, #1957, .T. ) ;
#2341 = CARTESIAN_POINT ( 'NONE',  ( 6.689527404235277106E-14, 0.05000000000000000278, -2.159499999999960451 ) ) ;
#2342 = PLANE ( 'NONE',  #1636 ) ;
#2343 = DIRECTION ( 'NONE',  ( -0.000000000000000000, -1.000000000000000000, -0.000000000000000000 ) ) ;
#2344 = PLANE ( 'NONE',  #366 ) ;
#2345 = VERTEX_POINT ( 'NONE', #393 ) ;
#2346 = VECTOR ( 'NONE', #3253, 1000.000000000000000 ) ;
#2347 = CARTESIAN_POINT ( 'NONE',  ( 3.000000000000007994, 1.600000000000000755, -2.499999999999990230 ) ) ;
#2348 = CARTESIAN_POINT ( 'NONE',  ( 0.000000000000000000, 0.05000000000000000278, 0.000000000000000000 ) ) ;
#2349 = DIRECTION ( 'NONE',  ( 2.433723121784104649E-15, 0.000000000000000000, -1.000000000000000000 ) ) ;
#2350 = EDGE_CURVE ( 'NONE', #3454, #3115, #1624, .T. ) ;
#2351 = CARTESIAN_POINT ( 'NONE',  ( -2.390000000000003233, 0.2000000000000000111, 0.8399999999999915312 ) ) ;
#2352 = VERTEX_POINT ( 'NONE', #3568 ) ;
#2353 = ORIENTED_EDGE ( 'NONE', *, *, #291, .F. ) ;
#2354 = CLOSED_SHELL ( 'NONE', ( #628, #4020, #1535, #1218 ) ) ;
#2355 = DIRECTION ( 'NONE',  ( -1.000000000000000000, 0.000000000000000000, -2.433723121784104254E-15 ) ) ;
#2356 = ORIENTED_EDGE ( 'NONE', *, *, #586, .T. ) ;
#2357 = VECTOR ( 'NONE', #1081, 1000.000000000000000 ) ;
#2358 = VECTOR ( 'NONE', #1581, 1000.000000000000000 ) ;
#2359 = CARTESIAN_POINT ( 'NONE',  ( -1.000000000000000000, 0.05000000000000000278, 0.000000000000000000 ) ) ;
#2360 = ORIENTED_EDGE ( 'NONE', *, *, #3769, .T. ) ;
#2361 = SURFACE_SIDE_STYLE ('',( #3055 ) ) ;
#2362 = VECTOR ( 'NONE', #2163, 1000.000000000000000 ) ;
#2363 = ADVANCED_FACE ( 'NONE', ( #1052 ), #2618, .T. ) ;
#2364 = DIRECTION ( 'NONE',  ( -1.000000000000000000, 0.000000000000000000, -3.491481338843133355E-15 ) ) ;
#2365 = VECTOR ( 'NONE', #1146, 1000.000000000000000 ) ;
#2366 = LINE ( 'NONE', #2741, #2765 ) ;
#2367 = DIRECTION ( 'NONE',  ( 1.000000000000000000, 0.000000000000000000, 2.780529094590343356E-15 ) ) ;
#2368 = VECTOR ( 'NONE', #1820, 1000.000000000000000 ) ;
#2369 = ORIENTED_EDGE ( 'NONE', *, *, #1705, .T. ) ;
#2370 = LINE ( 'NONE', #4022, #2487 ) ;
#2371 = CARTESIAN_POINT ( 'NONE',  ( 1.577999999999999625, 0.1999999999999996503, 2.159500000000000419 ) ) ;
#2372 = VECTOR ( 'NONE', #2269, 1000.000000000000000 ) ;
#2373 = CARTESIAN_POINT ( 'NONE',  ( 2.390000000000007230, 0.1999999999999999833, -2.109999999999992326 ) ) ;
#2374 = ORIENTED_EDGE ( 'NONE', *, *, #2118, .T. ) ;
#2375 = DIRECTION ( 'NONE',  ( 0.000000000000000000, 0.000000000000000000, 1.000000000000000000 ) ) ;
#2376 = PLANE ( 'NONE',  #2753 ) ;
#2377 = EDGE_LOOP ( 'NONE', ( #1028, #3750, #412, #2075 ) ) ;
#2378 = LINE ( 'NONE', #1759, #410 ) ;
#2379 = ORIENTED_EDGE ( 'NONE', *, *, #2523, .F. ) ;
#2380 = ORIENTED_EDGE ( 'NONE', *, *, #723, .F. ) ;
#2381 = ADVANCED_FACE ( 'NONE', ( #3945 ), #3544, .F. ) ;
#2382 = EDGE_CURVE ( 'NONE', #1439, #949, #3609, .T. ) ;
#2383 = CARTESIAN_POINT ( 'NONE',  ( -1.000000000000000000, 0.1999999999999996503, -2.499999999999989342 ) ) ;
#2384 = CARTESIAN_POINT ( 'NONE',  ( -1.249999999999999778, 0.1999999999999996503, -2.159499999999999087 ) ) ;
#2385 = LINE ( 'NONE', #2693, #706 ) ;
#2386 = ORIENTED_EDGE ( 'NONE', *, *, #3359, .F. ) ;
#2387 = CARTESIAN_POINT ( 'NONE',  ( -2.839999999999998970, 0.2000000000000000111, -0.4300000000000085976 ) ) ;
#2388 = DIRECTION ( 'NONE',  ( -2.433723121784102677E-15, 0.000000000000000000, 1.000000000000000000 ) ) ;
#2389 = LINE ( 'NONE', #3984, #2177 ) ;
#2390 = PLANE ( 'NONE',  #303 ) ;
#2391 = ORIENTED_EDGE ( 'NONE', *, *, #35, .F. ) ;
#2392 = CARTESIAN_POINT ( 'NONE',  ( 1.578000000000000513, 6.112726612993349740, -2.159499999999999531 ) ) ;
#2393 = DIRECTION ( 'NONE',  ( -0.000000000000000000, -1.000000000000000000, -0.000000000000000000 ) ) ;
#2394 = ORIENTED_EDGE ( 'NONE', *, *, #367, .F. ) ;
#2395 = VERTEX_POINT ( 'NONE', #2053 ) ;
#2396 = PLANE ( 'NONE',  #2100 ) ;
#2397 = CARTESIAN_POINT ( 'NONE',  ( -1.278000000000000469, 0.04999999999999999584, -2.159499999999999975 ) ) ;
#2398 = EDGE_CURVE ( 'NONE', #3950, #681, #2941, .T. ) ;
#2399 = CARTESIAN_POINT ( 'NONE',  ( -7.044792720754645778E-15, 0.2000000000000000111, 1.270000000000000018 ) ) ;
#2400 = VERTEX_POINT ( 'NONE', #3315 ) ;
#2401 = CARTESIAN_POINT ( 'NONE',  ( 2.390000000000001457, 0.2000000000000000111, -0.4299999999999926659 ) ) ;
#2402 = SURFACE_SIDE_STYLE ('',( #3246 ) ) ;
#2403 = ADVANCED_FACE ( 'NONE', ( #1659 ), #2962, .F. ) ;
#2404 = EDGE_CURVE ( 'NONE', #2208, #9, #1087, .T. ) ;
#2405 = ORIENTED_EDGE ( 'NONE', *, *, #1235, .T. ) ;
#2406 = DIRECTION ( 'NONE',  ( -0.000000000000000000, -1.000000000000000000, 0.000000000000000000 ) ) ;
#2407 = CARTESIAN_POINT ( 'NONE',  ( 0.000000000000000000, 0.2000000000000000111, 0.000000000000000000 ) ) ;
#2408 = PLANE ( 'NONE',  #1449 ) ;
#2409 = EDGE_CURVE ( 'NONE', #1411, #1246, #120, .T. ) ;
#2410 = DIRECTION ( 'NONE',  ( 1.000000000000000000, -0.000000000000000000, -1.322197771323783418E-15 ) ) ;
#2411 = ADVANCED_FACE ( 'NONE', ( #3592 ), #2922, .F. ) ;
#2412 = ORIENTED_EDGE ( 'NONE', *, *, #1817, .F. ) ;
#2413 = LINE ( 'NONE', #3721, #757 ) ;
#2414 = CARTESIAN_POINT ( 'NONE',  ( -3.000000000000009326, 11.01024967590665504, 2.499999999999990230 ) ) ;
#2415 = ORIENTED_EDGE ( 'NONE', *, *, #323, .F. ) ;
#2416 = CARTESIAN_POINT ( 'NONE',  ( -8.565858261521131529E-15, 0.05000000000000000278, 2.159499999999994202 ) ) ;
#2417 = VECTOR ( 'NONE', #2271, 1000.000000000000000 ) ;
#2418 = ORIENTED_EDGE ( 'NONE', *, *, #731, .T. ) ;
#2419 = PLANE ( 'NONE',  #2232 ) ;
#2420 = VECTOR ( 'NONE', #2428, 1000.000000000000000 ) ;
#2421 = VECTOR ( 'NONE', #1829, 1000.000000000000000 ) ;
#2422 = ORIENTED_EDGE ( 'NONE', *, *, #1656, .T. ) ;
#2423 = VECTOR ( 'NONE', #3572, 1000.000000000000000 ) ;
#2424 = DIRECTION ( 'NONE',  ( -6.368294698887134525E-16, 0.000000000000000000, 1.000000000000000000 ) ) ;
#2425 = EDGE_CURVE ( 'NONE', #2696, #1287, #2320, .T. ) ;
#2426 = PRESENTATION_LAYER_ASSIGNMENT (  '', '', ( #1173 ) ) ;
#2427 = ORIENTED_EDGE ( 'NONE', *, *, #184, .F. ) ;
#2428 = DIRECTION ( 'NONE',  ( -0.000000000000000000, -1.000000000000000000, 0.000000000000000000 ) ) ;
#2429 = AXIS2_PLACEMENT_3D ( 'NONE', #2505, #1618, #578 ) ;
#2430 = DIRECTION ( 'NONE',  ( 1.000000000000000000, 0.000000000000000000, 3.846957460969528355E-15 ) ) ;
#2431 = COLOUR_RGB ( '',0.7921568627450980005, 0.8196078431372548767, 0.9333333333333333481 ) ;
#2432 = CARTESIAN_POINT ( 'NONE',  ( -3.000000000000007994, 0.2000000000000000111, 0.8399999999999891998 ) ) ;
#2433 = ORIENTED_EDGE ( 'NONE', *, *, #3251, .T. ) ;
#2434 = CIRCLE ( 'NONE', #649, 0.3084292306793632310 ) ;
#2435 = CARTESIAN_POINT ( 'NONE',  ( 2.390000000000001901, 0.05000000000000000278, 5.816598261064013428E-15 ) ) ;
#2436 = EDGE_CURVE ( 'NONE', #1741, #1658, #1994, .T. ) ;
#2437 = EDGE_CURVE ( 'NONE', #1439, #749, #1388, .T. ) ;
#2438 = CARTESIAN_POINT ( 'NONE',  ( 1.577999999999999625, 6.112726612993349740, 2.159500000000000419 ) ) ;
#2439 = VECTOR ( 'NONE', #302, 1000.000000000000000 ) ;
#2440 = ORIENTED_EDGE ( 'NONE', *, *, #746, .F. ) ;
#2441 = LINE ( 'NONE', #2135, #2421 ) ;
#2442 = VERTEX_POINT ( 'NONE', #436 ) ;
#2443 = PLANE ( 'NONE',  #2768 ) ;
#2444 = CARTESIAN_POINT ( 'NONE',  ( 2.390000000000006342, 0.2000000000000000111, -1.699999999999992850 ) ) ;
#2445 = ORIENTED_EDGE ( 'NONE', *, *, #1866, .T. ) ;
#2446 = DIRECTION ( 'NONE',  ( 1.000000000000000000, 0.000000000000000000, 3.846957460969528355E-15 ) ) ;
#2447 = CARTESIAN_POINT ( 'NONE',  ( 1.000000000000000000, 0.1999999999999996503, -2.159499999999999531 ) ) ;
#2448 = DIRECTION ( 'NONE',  ( -0.000000000000000000, 0.000000000000000000, 1.000000000000000000 ) ) ;
#2449 = LINE ( 'NONE', #560, #3569 ) ;
#2450 = PRODUCT_RELATED_PRODUCT_CATEGORY ( 'part', '', ( #1068 ) ) ;
#2451 = ORIENTED_EDGE ( 'NONE', *, *, #1347, .F. ) ;
#2452 = DIRECTION ( 'NONE',  ( 3.491481338843133355E-15, 0.000000000000000000, -1.000000000000000000 ) ) ;
#2453 = PLANE ( 'NONE',  #1251 ) ;
#2454 = DIRECTION ( 'NONE',  ( 2.433723121784102677E-15, 0.000000000000000000, -1.000000000000000000 ) ) ;
#2455 = EDGE_LOOP ( 'NONE', ( #3811, #3016, #3289, #3566 ) ) ;
#2456 = LINE ( 'NONE', #1450, #3826 ) ;
#2457 = CARTESIAN_POINT ( 'NONE',  ( 2.999999999999991118, 1.600000000000000755, 2.500000000000011102 ) ) ;
#2458 = VERTEX_POINT ( 'NONE', #1362 ) ;
#2459 = EDGE_CURVE ( 'NONE', #1246, #3574, #3883, .T. ) ;
#2460 = EDGE_CURVE ( 'NONE', #1088, #3944, #2335, .T. ) ;
#2461 = ORIENTED_EDGE ( 'NONE', *, *, #3250, .F. ) ;
#2462 = VERTEX_POINT ( 'NONE', #2678 ) ;
#2463 = DIRECTION ( 'NONE',  ( -1.000000000000000000, 0.000000000000000000, -3.846957460969528355E-15 ) ) ;
#2464 = VERTEX_POINT ( 'NONE', #3964 ) ;
#2465 = DIRECTION ( 'NONE',  ( 0.000000000000000000, -1.000000000000000000, 0.000000000000000000 ) ) ;
#2466 = CARTESIAN_POINT ( 'NONE',  ( -2.999999999999992895, 11.01024967590665504, -2.500000000000010214 ) ) ;
#2467 = ORIENTED_EDGE ( 'NONE', *, *, #1277, .F. ) ;
#2468 = DIRECTION ( 'NONE',  ( 3.404745165044293001E-15, 0.000000000000000000, -1.000000000000000000 ) ) ;
#2469 = DIRECTION ( 'NONE',  ( -1.322197771323783418E-15, 0.000000000000000000, -1.000000000000000000 ) ) ;
#2470 = CARTESIAN_POINT ( 'NONE',  ( -2.389999999999998792, 1.939223964876290340, -0.4300000000000084865 ) ) ;
#2471 = LINE ( 'NONE', #2514, #692 ) ;
#2472 = ADVANCED_FACE ( 'NONE', ( #1108 ), #693, .F. ) ;
#2473 = ORIENTED_EDGE ( 'NONE', *, *, #3870, .F. ) ;
#2474 = EDGE_LOOP ( 'NONE', ( #1475, #2050, #3123, #3596 ) ) ;
#2475 = ORIENTED_EDGE ( 'NONE', *, *, #2283, .F. ) ;
#2476 = AXIS2_PLACEMENT_3D ( 'NONE', #2438, #506, #889 ) ;
#2477 = CARTESIAN_POINT ( 'NONE',  ( -2.362567907003926493, 1.600000000000000089, -1.825901045621835195 ) ) ;
#2478 = CARTESIAN_POINT ( 'NONE',  ( -3.000000000000015099, 3.002042352594308776E-17, 2.109999999999989218 ) ) ;
#2479 = ORIENTED_EDGE ( 'NONE', *, *, #3871, .T. ) ;
#2480 = VECTOR ( 'NONE', #2796, 1000.000000000000000 ) ;
#2481 = DIRECTION ( 'NONE',  ( 2.433723121784102677E-15, 0.000000000000000000, -1.000000000000000000 ) ) ;
#2482 = DIRECTION ( 'NONE',  ( -2.433723121784104254E-15, 0.000000000000000000, 1.000000000000000000 ) ) ;
#2483 = CLOSED_SHELL ( 'NONE', ( #1039, #4058, #2139, #1247, #4118, #2561 ) ) ;
#2484 = ADVANCED_FACE ( 'NONE', ( #1851 ), #2070, .T. ) ;
#2485 = CARTESIAN_POINT ( 'NONE',  ( 2.389999999999997904, 0.2000000000000000111, 0.4300000000000076539 ) ) ;
#2486 = VERTEX_POINT ( 'NONE', #3421 ) ;
#2487 = VECTOR ( 'NONE', #793, 1000.000000000000000 ) ;
#2488 = ORIENTED_EDGE ( 'NONE', *, *, #3076, .F. ) ;
#2489 = DIRECTION ( 'NONE',  ( 1.000000000000000000, 0.000000000000000000, 3.491481338843133750E-15 ) ) ;
#2490 = DIRECTION ( 'NONE',  ( 2.433723121784102677E-15, 0.000000000000000000, -1.000000000000000000 ) ) ;
#2491 = AXIS2_PLACEMENT_3D ( 'NONE', #3488, #642, #3530 ) ;
#2492 = LINE ( 'NONE', #3780, #3712 ) ;
#2493 = VECTOR ( 'NONE', #1976, 1000.000000000000000 ) ;
#2494 = DIRECTION ( 'NONE',  ( 0.000000000000000000, -1.000000000000000000, 0.000000000000000000 ) ) ;
#2495 = VECTOR ( 'NONE', #3228, 1000.000000000000000 ) ;
#2496 = PRESENTATION_STYLE_ASSIGNMENT (( #2817 ) ) ;
#2497 = ORIENTED_EDGE ( 'NONE', *, *, #731, .F. ) ;
#2498 = VECTOR ( 'NONE', #2270, 1000.000000000000000 ) ;
#2499 = EDGE_CURVE ( 'NONE', #3328, #2395, #1492, .T. ) ;
#2500 = VERTEX_POINT ( 'NONE', #4008 ) ;
#2501 = VERTEX_POINT ( 'NONE', #1197 ) ;
#2502 = VECTOR ( 'NONE', #3531, 1000.000000000000000 ) ;
#2503 = CARTESIAN_POINT ( 'NONE',  ( 2.389999999999993463, 2.001361568396206159E-17, 0.4300000000000076539 ) ) ;
#2504 = EDGE_LOOP ( 'NONE', ( #2054, #3607, #1682, #327 ) ) ;
#2505 = CARTESIAN_POINT ( 'NONE',  ( -1.000000000000000000, 6.112726612993349740, 2.499999999999989342 ) ) ;
#2506 = VECTOR ( 'NONE', #3368, 1000.000000000000000 ) ;
#2507 = DIRECTION ( 'NONE',  ( -0.7071067811865479058, 0.000000000000000000, -0.7071067811865472397 ) ) ;
#2508 = EDGE_CURVE ( 'NONE', #175, #2966, #3697, .T. ) ;
#2509 = ADVANCED_FACE ( 'NONE', ( #1784 ), #1175, .F. ) ;
#2510 = ORIENTED_EDGE ( 'NONE', *, *, #2851, .F. ) ;
#2511 = CARTESIAN_POINT ( 'NONE',  ( 3.000000000000007105, 0.2000000000000000111, -2.109999999999990550 ) ) ;
#2512 = CARTESIAN_POINT ( 'NONE',  ( -1.250000000000000000, 0.04999999999999969746, 2.499999999999989786 ) ) ;
#2513 = LINE ( 'NONE', #1276, #776 ) ;
#2514 = CARTESIAN_POINT ( 'NONE',  ( 1.000000000000000000, 6.112726612993349740, -2.499999999999989342 ) ) ;
#2515 = CARTESIAN_POINT ( 'NONE',  ( -1.578000000000000291, 0.2000000000000000111, -1.859500000000000153 ) ) ;
#2516 = FILL_AREA_STYLE ('',( #1213 ) ) ;
#2517 = VERTEX_POINT ( 'NONE', #2457 ) ;
#2518 = DIRECTION ( 'NONE',  ( 0.000000000000000000, -1.000000000000000000, 0.000000000000000000 ) ) ;
#2519 = DIRECTION ( 'NONE',  ( -1.000000000000000000, 0.000000000000000000, -3.846957460969528355E-15 ) ) ;
#2520 = ORIENTED_EDGE ( 'NONE', *, *, #3128, .T. ) ;
#2521 = PLANE ( 'NONE',  #3707 ) ;
#2522 = DIRECTION ( 'NONE',  ( 0.000000000000000000, -1.000000000000000000, 0.000000000000000000 ) ) ;
#2523 = EDGE_CURVE ( 'NONE', #335, #3864, #4033, .T. ) ;
#2524 = CARTESIAN_POINT ( 'NONE',  ( -2.390000000000000124, 1.000680784198103080E-17, -0.8400000000000085176 ) ) ;
#2525 = VERTEX_POINT ( 'NONE', #3089 ) ;
#2526 = LINE ( 'NONE', #2168, #1231 ) ;
#2527 = CARTESIAN_POINT ( 'NONE',  ( 1.000000000000000000, 6.112726612993349740, -2.499999999999989342 ) ) ;
#2528 = EDGE_CURVE ( 'NONE', #1771, #3191, #822, .T. ) ;
#2529 = DIRECTION ( 'NONE',  ( 1.000000000000000000, 0.000000000000000000, 2.780529094590343356E-15 ) ) ;
#2530 = VERTEX_POINT ( 'NONE', #4074 ) ;
#2531 = PLANE ( 'NONE',  #3486 ) ;
#2532 = DIRECTION ( 'NONE',  ( 0.000000000000000000, 0.000000000000000000, 1.000000000000000000 ) ) ;
#2533 = ADVANCED_FACE ( 'NONE', ( #2709 ), #479, .T. ) ;
#2534 = ORIENTED_EDGE ( 'NONE', *, *, #2800, .F. ) ;
#2535 = ORIENTED_EDGE ( 'NONE', *, *, #673, .T. ) ;
#2536 = UNCERTAINTY_MEASURE_WITH_UNIT (LENGTH_MEASURE( 1.000000000000000082E-05 ), #2763, 'distance_accuracy_value', 'NONE');
#2537 = LINE ( 'NONE', #4097, #2358 ) ;
#2538 = ORIENTED_EDGE ( 'NONE', *, *, #3388, .T. ) ;
#2539 = VECTOR ( 'NONE', #2804, 1000.000000000000000 ) ;
#2540 = DIRECTION ( 'NONE',  ( 1.000000000000000000, 0.000000000000000000, 3.491481338843133750E-15 ) ) ;
#2541 = AXIS2_PLACEMENT_3D ( 'NONE', #2414, #569, #1451 ) ;
#2542 = DIRECTION ( 'NONE',  ( 3.491481338843133355E-15, 0.000000000000000000, -1.000000000000000000 ) ) ;
#2543 = ORIENTED_EDGE ( 'NONE', *, *, #2315, .F. ) ;
#2544 = EDGE_CURVE ( 'NONE', #690, #3918, #1474, .T. ) ;
#2545 = EDGE_LOOP ( 'NONE', ( #848, #1667, #1790, #1921 ) ) ;
#2546 = VECTOR ( 'NONE', #3005, 1000.000000000000000 ) ;
#2547 = LINE ( 'NONE', #3241, #1904 ) ;
#2548 = DIRECTION ( 'NONE',  ( 0.000000000000000000, -1.000000000000000000, 0.000000000000000000 ) ) ;
#2549 = DIRECTION ( 'NONE',  ( -1.000000000000000000, 0.000000000000000000, -3.846957460969528355E-15 ) ) ;
#2550 = AXIS2_PLACEMENT_3D ( 'NONE', #3118, #255, #1540 ) ;
#2551 = LINE ( 'NONE', #3244, #2166 ) ;
#2552 = VECTOR ( 'NONE', #2205, 1000.000000000000000 ) ;
#2553 = CARTESIAN_POINT ( 'NONE',  ( -1.000000000000000000, 6.112726612993349740, -2.159499999999999531 ) ) ;
#2554 = SURFACE_STYLE_FILL_AREA ( #2516 ) ;
#2555 = DIRECTION ( 'NONE',  ( 0.000000000000000000, -0.000000000000000000, 1.000000000000000000 ) ) ;
#2556 = ORIENTED_EDGE ( 'NONE', *, *, #605, .T. ) ;
#2557 = PRESENTATION_LAYER_ASSIGNMENT (  '', '', ( #3699 ) ) ;
#2558 = ORIENTED_EDGE ( 'NONE', *, *, #3149, .F. ) ;
#2559 = EDGE_CURVE ( 'NONE', #1614, #926, #206, .T. ) ;
#2560 = VECTOR ( 'NONE', #2519, 1000.000000000000000 ) ;
#2561 = ADVANCED_FACE ( 'NONE', ( #1757 ), #2376, .F. ) ;
#2562 = EDGE_LOOP ( 'NONE', ( #3914, #2031, #3684, #678 ) ) ;
#2563 = CARTESIAN_POINT ( 'NONE',  ( -3.244060117677272902E-15, 0.05000000000000000971, 0.8399999999999991918 ) ) ;
#2564 = CARTESIAN_POINT ( 'NONE',  ( -3.000000000000009326, 0.05000000000000000278, 2.499999999999990230 ) ) ;
#2565 = VECTOR ( 'NONE', #745, 1000.000000000000000 ) ;
#2566 = ORIENTED_EDGE ( 'NONE', *, *, #3871, .F. ) ;
#2567 = VECTOR ( 'NONE', #325, 1000.000000000000000 ) ;
#2568 = DIRECTION ( 'NONE',  ( 2.433723121784104254E-15, 0.000000000000000000, -1.000000000000000000 ) ) ;
#2569 = CARTESIAN_POINT ( 'NONE',  ( -1.000000000000000000, 0.05000000000000000278, 0.000000000000000000 ) ) ;
#2570 = ORIENTED_EDGE ( 'NONE', *, *, #317, .T. ) ;
#2571 = AXIS2_PLACEMENT_3D ( 'NONE', #2602, #2304, #319 ) ;
#2572 = PLANE ( 'NONE',  #2960 ) ;
#2573 = PRESENTATION_LAYER_ASSIGNMENT (  '', '', ( #174 ) ) ;
#2574 = CARTESIAN_POINT ( 'NONE',  ( 1.249999999999999778, 0.1999999999999996503, -2.159499999999999087 ) ) ;
#2575 = DIRECTION ( 'NONE',  ( -1.000000000000000000, 0.000000000000000000, -3.846957460969528355E-15 ) ) ;
#2576 = LINE ( 'NONE', #2636, #3695 ) ;
#2577 = LINE ( 'NONE', #3862, #4102 ) ;
#2578 = CARTESIAN_POINT ( 'NONE',  ( -2.390000000000002345, 0.05000000000000000278, 0.4299999999999916112 ) ) ;
#2579 = ORIENTED_EDGE ( 'NONE', *, *, #2382, .F. ) ;
#2580 = ORIENTED_EDGE ( 'NONE', *, *, #1993, .T. ) ;
#2581 = LINE ( 'NONE', #3866, #1902 ) ;
#2582 = EDGE_CURVE ( 'NONE', #541, #3455, #228, .T. ) ;
#2583 = ADVANCED_FACE ( 'NONE', ( #2086 ), #159, .F. ) ;
#2584 = ORIENTED_EDGE ( 'NONE', *, *, #805, .T. ) ;
#2585 = CARTESIAN_POINT ( 'NONE',  ( -2.999999999999998668, 0.2000000000000000111, -0.4300000000000108735 ) ) ;
#2586 = PLANE ( 'NONE',  #1113 ) ;
#2587 = ORIENTED_EDGE ( 'NONE', *, *, #2936, .T. ) ;
#2588 = CARTESIAN_POINT ( 'NONE',  ( -2.390000000000015223, 0.9349829930005185696, 2.109999999999991438 ) ) ;
#2589 = CARTESIAN_POINT ( 'NONE',  ( -1.249999999999999778, 0.1999999999999996503, 2.159499999999999087 ) ) ;
#2590 = LINE ( 'NONE', #1982, #710 ) ;
#2591 = VERTEX_POINT ( 'NONE', #2114 ) ;
#2592 = DIRECTION ( 'NONE',  ( 1.000000000000000000, 0.000000000000000000, 2.780529094590343356E-15 ) ) ;
#2593 = CARTESIAN_POINT ( 'NONE',  ( -1.000000000000000000, 0.2000000000000000111, 2.499999999999989342 ) ) ;
#2594 =( NAMED_UNIT ( * ) PLANE_ANGLE_UNIT ( ) SI_UNIT ( $, .RADIAN. ) );
#2595 = ORIENTED_EDGE ( 'NONE', *, *, #1069, .F. ) ;
#2596 = ORIENTED_EDGE ( 'NONE', *, *, #921, .T. ) ;
#2597 = ADVANCED_FACE ( 'NONE', ( #2797 ), #2133, .T. ) ;
#2598 = DIRECTION ( 'NONE',  ( 0.000000000000000000, -0.000000000000000000, 1.000000000000000000 ) ) ;
#2599 = EDGE_LOOP ( 'NONE', ( #1852, #2984, #1189, #2904 ) ) ;
#2600 = PLANE ( 'NONE',  #3493 ) ;
#2601 = CARTESIAN_POINT ( 'NONE',  ( -9.179578393710603156E-15, 0.2000000000000000111, 2.540000000000000036 ) ) ;
#2602 = CARTESIAN_POINT ( 'NONE',  ( -2.999999999999993783, 0.9349829930005185696, -1.700000000000011058 ) ) ;
#2603 = ORIENTED_EDGE ( 'NONE', *, *, #2936, .F. ) ;
#2604 = DIRECTION ( 'NONE',  ( -0.000000000000000000, -1.000000000000000000, -0.000000000000000000 ) ) ;
#2605 = EDGE_CURVE ( 'NONE', #967, #39, #799, .T. ) ;
#2606 = EDGE_CURVE ( 'NONE', #2657, #2670, #3671, .T. ) ;
#2607 = CARTESIAN_POINT ( 'NONE',  ( -1.249999999999999778, 0.1999999999999996503, -2.159499999999999087 ) ) ;
#2608 = AXIS2_PLACEMENT_3D ( 'NONE', #2216, #608, #309 ) ;
#2609 = CARTESIAN_POINT ( 'NONE',  ( -2.362567907003926493, 1.500000000000000000, -1.517471814942471964 ) ) ;
#2610 = LINE ( 'NONE', #2311, #3907 ) ;
#2611 = DIRECTION ( 'NONE',  ( 6.368294698887133538E-16, -0.000000000000000000, -1.000000000000000000 ) ) ;
#2612 = DIRECTION ( 'NONE',  ( 0.000000000000000000, 0.000000000000000000, -1.000000000000000000 ) ) ;
#2613 = VECTOR ( 'NONE', #2468, 1000.000000000000000 ) ;
#2614 = CARTESIAN_POINT ( 'NONE',  ( -1.250000000000000000, 0.000000000000000000, 2.499999999999989786 ) ) ;
#2615 = EDGE_LOOP ( 'NONE', ( #1429, #3794, #3257, #2391 ) ) ;
#2616 = VECTOR ( 'NONE', #2540, 1000.000000000000000 ) ;
#2617 = VERTEX_POINT ( 'NONE', #3129 ) ;
#2618 = PLANE ( 'NONE',  #3829 ) ;
#2619 = VECTOR ( 'NONE', #728, 1000.000000000000000 ) ;
#2620 = ORIENTED_EDGE ( 'NONE', *, *, #449, .T. ) ;
#2621 = ORIENTED_EDGE ( 'NONE', *, *, #3226, .F. ) ;
#2622 = AXIS2_PLACEMENT_3D ( 'NONE', #3680, #878, #2141 ) ;
#2623 = PLANE ( 'NONE',  #911 ) ;
#2624 = DIRECTION ( 'NONE',  ( 0.000000000000000000, 0.000000000000000000, -1.000000000000000000 ) ) ;
#2625 = ORIENTED_EDGE ( 'NONE', *, *, #1042, .T. ) ;
#2626 = MANIFOLD_SOLID_BREP ( 'LPattern3[4]', #2757 ) ;
#2627 = VECTOR ( 'NONE', #2777, 1000.000000000000000 ) ;
#2628 = DIRECTION ( 'NONE',  ( -1.000000000000000000, 0.000000000000000000, 6.368294698887134525E-16 ) ) ;
#2629 = LINE ( 'NONE', #3324, #4053 ) ;
#2630 = VECTOR ( 'NONE', #2773, 1000.000000000000000 ) ;
#2631 = EDGE_CURVE ( 'NONE', #3594, #3236, #3802, .T. ) ;
#2632 = DIRECTION ( 'NONE',  ( 0.000000000000000000, -1.000000000000000000, 0.000000000000000000 ) ) ;
#2633 = ADVANCED_FACE ( 'NONE', ( #3465 ), #947, .T. ) ;
#2634 = ORIENTED_EDGE ( 'NONE', *, *, #3790, .F. ) ;
#2635 = AXIS2_PLACEMENT_3D ( 'NONE', #1642, #2542, #1269 ) ;
#2636 = CARTESIAN_POINT ( 'NONE',  ( 2.389999999999985025, 3.002042352594308776E-17, 2.110000000000007425 ) ) ;
#2637 = MANIFOLD_SOLID_BREP ( 'LPattern3[6]', #902 ) ;
#2638 = CARTESIAN_POINT ( 'NONE',  ( -2.999999999999993339, 0.1999999999999999833, -2.110000000000010090 ) ) ;
#2639 = ORIENTED_EDGE ( 'NONE', *, *, #61, .F. ) ;
#2640 = DIRECTION ( 'NONE',  ( 0.000000000000000000, -1.000000000000000000, 0.000000000000000000 ) ) ;
#2641 = CARTESIAN_POINT ( 'NONE',  ( -2.839999999999998970, 0.05000000000000000278, 0.000000000000000000 ) ) ;
#2642 = ORIENTED_EDGE ( 'NONE', *, *, #556, .T. ) ;
#2643 = ORIENTED_EDGE ( 'NONE', *, *, #3250, .T. ) ;
#2644 = MANIFOLD_SOLID_BREP ( 'LPattern3[1]', #2483 ) ;
#2645 = ORIENTED_EDGE ( 'NONE', *, *, #3662, .F. ) ;
#2646 = CARTESIAN_POINT ( 'NONE',  ( 2.389999999999993463, 0.2000000000000000111, 1.700000000000007505 ) ) ;
#2647 = CARTESIAN_POINT ( 'NONE',  ( 1.000000000000000000, 0.2000000000000000111, -2.159499999999999531 ) ) ;
#2648 = EDGE_CURVE ( 'NONE', #1658, #1240, #655, .T. ) ;
#2649 = CARTESIAN_POINT ( 'NONE',  ( -2.390000000000014335, 0.9349829930005185696, 1.699999999999991518 ) ) ;
#2650 = LINE ( 'NONE', #1078, #1916 ) ;
#2651 = ORIENTED_EDGE ( 'NONE', *, *, #2460, .F. ) ;
#2652 = LINE ( 'NONE', #542, #1434 ) ;
#2653 = PLANE ( 'NONE',  #24 ) ;
#2654 = CARTESIAN_POINT ( 'NONE',  ( 2.389999999999997904, 0.2000000000000000111, 0.4300000000000076539 ) ) ;
#2655 = FACE_OUTER_BOUND ( 'NONE', #13, .T. ) ;
#2656 = ORIENTED_EDGE ( 'NONE', *, *, #1284, .F. ) ;
#2657 = VERTEX_POINT ( 'NONE', #491 ) ;
#2658 = EDGE_CURVE ( 'NONE', #694, #3004, #1120, .T. ) ;
#2659 = EDGE_CURVE ( 'NONE', #3882, #2868, #2385, .T. ) ;
#2660 = DIRECTION ( 'NONE',  ( -1.000000000000000000, 0.000000000000000000, -2.433723121784104649E-15 ) ) ;
#2661 = ORIENTED_EDGE ( 'NONE', *, *, #1402, .F. ) ;
#2662 = ORIENTED_EDGE ( 'NONE', *, *, #3760, .F. ) ;
#2663 = DIRECTION ( 'NONE',  ( 1.000000000000000000, -0.000000000000000000, -1.734723475976807094E-15 ) ) ;
#2664 = LINE ( 'NONE', #2015, #1687 ) ;
#2665 = SURFACE_STYLE_FILL_AREA ( #3341 ) ;
#2666 = EDGE_LOOP ( 'NONE', ( #233, #2961, #2892, #18 ) ) ;
#2667 = LINE ( 'NONE', #2341, #1377 ) ;
#2668 = LINE ( 'NONE', #3323, #2170 ) ;
#2669 = FACE_OUTER_BOUND ( 'NONE', #1252, .T. ) ;
#2670 = VERTEX_POINT ( 'NONE', #2578 ) ;
#2671 = AXIS2_PLACEMENT_3D ( 'NONE', #2477, #2716, #1135 ) ;
#2672 = LINE ( 'NONE', #3715, #153 ) ;
#2673 = LINE ( 'NONE', #2371, #2365 ) ;
#2674 = CARTESIAN_POINT ( 'NONE',  ( 2.999999999999996891, 0.2000000000000000111, 0.8400000000000096279 ) ) ;
#2675 = LINE ( 'NONE', #3960, #163 ) ;
#2676 = VERTEX_POINT ( 'NONE', #3013 ) ;
#2677 = FACE_OUTER_BOUND ( 'NONE', #3965, .T. ) ;
#2678 = CARTESIAN_POINT ( 'NONE',  ( 1.000000000000000000, 0.04999999999999999584, 2.159499999999999531 ) ) ;
#2679 = MANIFOLD_SOLID_BREP ( 'LPattern3[5]', #624 ) ;
#2680 = ORIENTED_EDGE ( 'NONE', *, *, #2845, .T. ) ;
#2681 = ADVANCED_FACE ( 'NONE', ( #1322 ), #1140, .F. ) ;
#2682 = EDGE_CURVE ( 'NONE', #3172, #1556, #2007, .T. ) ;
#2683 = ORIENTED_EDGE ( 'NONE', *, *, #2897, .F. ) ;
#2684 = FACE_OUTER_BOUND ( 'NONE', #1397, .T. ) ;
#2685 = VECTOR ( 'NONE', #1308, 1000.000000000000000 ) ;
#2686 = LINE ( 'NONE', #1369, #2704 ) ;
#2687 = ORIENTED_EDGE ( 'NONE', *, *, #3471, .F. ) ;
#2688 = LINE ( 'NONE', #1158, #95 ) ;
#2689 = VECTOR ( 'NONE', #2839, 1000.000000000000000 ) ;
#2690 = COLOUR_RGB ( '',0.2509803921568627416, 0.2509803921568627416, 0.2509803921568627416 ) ;
#2691 = DIRECTION ( 'NONE',  ( -1.000000000000000000, 0.000000000000000000, -3.846957460969528355E-15 ) ) ;
#2692 = DIRECTION ( 'NONE',  ( 0.000000000000000000, 1.000000000000000000, 0.000000000000000000 ) ) ;
#2693 = CARTESIAN_POINT ( 'NONE',  ( 2.999999999999991118, 0.05000000000000000278, 2.500000000000011102 ) ) ;
#2694 = DIRECTION ( 'NONE',  ( 1.000000000000000000, 0.000000000000000000, -0.000000000000000000 ) ) ;
#2695 = AXIS2_PLACEMENT_3D ( 'NONE', #403, #3537, #2575 ) ;
#2696 = VERTEX_POINT ( 'NONE', #3901 ) ;
#2697 = CARTESIAN_POINT ( 'NONE',  ( -1.250000000000000000, 6.112726612993349740, 2.499999999999989786 ) ) ;
#2698 = MANIFOLD_SOLID_BREP ( 'Boss-Extrude3', #489 ) ;
#2699 = CARTESIAN_POINT ( 'NONE',  ( 2.390000000000006342, 0.2000000000000000111, -1.699999999999992850 ) ) ;
#2700 = AXIS2_PLACEMENT_3D ( 'NONE', #2742, #2188, #4017 ) ;
#2701 = CARTESIAN_POINT ( 'NONE',  ( -1.000000000000000000, 0.04999999999999969746, -2.499999999999989342 ) ) ;
#2702 = PLANE ( 'NONE',  #984 ) ;
#2703 = MANIFOLD_SOLID_BREP ( 'Cut-Extrude4', #1228 ) ;
#2704 = VECTOR ( 'NONE', #3256, 1000.000000000000000 ) ;
#2705 = ADVANCED_BREP_SHAPE_REPRESENTATION ( 'DQY8', ( #2644, #4089, #2626, #2679, #2637, #1330, #2698, #4028, #2703, #1274, #2850 ), #107 ) ;
#2706 = ORIENTED_EDGE ( 'NONE', *, *, #2195, .F. ) ;
#2707 = CARTESIAN_POINT ( 'NONE',  ( -3.000000000000009326, 11.01024967590665504, 2.499999999999990230 ) ) ;
#2708 = EDGE_CURVE ( 'NONE', #1149, #1033, #1437, .T. ) ;
#2709 = FACE_OUTER_BOUND ( 'NONE', #3405, .T. ) ;
#2710 = ORIENTED_EDGE ( 'NONE', *, *, #127, .T. ) ;
#2711 = DIRECTION ( 'NONE',  ( -1.000000000000000000, 0.000000000000000000, -3.491481338843133355E-15 ) ) ;
#2712 = VERTEX_POINT ( 'NONE', #3867 ) ;
#2713 = CARTESIAN_POINT ( 'NONE',  ( 1.577999999999999625, 0.000000000000000000, 2.159500000000000419 ) ) ;
#2714 = EDGE_CURVE ( 'NONE', #926, #2090, #2923, .T. ) ;
#2715 = EDGE_CURVE ( 'NONE', #2530, #3349, #2262, .T. ) ;
#2716 = DIRECTION ( 'NONE',  ( 0.000000000000000000, 1.000000000000000000, 0.000000000000000000 ) ) ;
#2717 = EDGE_LOOP ( 'NONE', ( #2322, #1013, #3989, #3342 ) ) ;
#2718 = DIRECTION ( 'NONE',  ( -1.000000000000000000, 0.000000000000000000, -3.491481338843133355E-15 ) ) ;
#2719 = DIRECTION ( 'NONE',  ( -1.000000000000000000, -0.000000000000000000, 3.966593313971360706E-15 ) ) ;
#2720 = EDGE_CURVE ( 'NONE', #2090, #270, #1305, .T. ) ;
#2721 = EDGE_CURVE ( 'NONE', #480, #566, #1637, .T. ) ;
#2722 = CARTESIAN_POINT ( 'NONE',  ( -3.000000000000003109, 0.2000000000000000111, 0.8399999999999891998 ) ) ;
#2723 = PRESENTATION_STYLE_ASSIGNMENT (( #1004 ) ) ;
#2724 = CARTESIAN_POINT ( 'NONE',  ( -2.999999999999993783, 0.000000000000000000, -1.700000000000011058 ) ) ;
#2725 = ORIENTED_EDGE ( 'NONE', *, *, #598, .F. ) ;
#2726 = CARTESIAN_POINT ( 'NONE',  ( -1.250000000000000000, 0.2000000000000000111, 2.499999999999989786 ) ) ;
#2727 = CARTESIAN_POINT ( 'NONE',  ( -2.389999999999998792, 0.2000000000000000111, -0.4300000000000084865 ) ) ;
#2728 = DIRECTION ( 'NONE',  ( 0.000000000000000000, -1.000000000000000000, 0.000000000000000000 ) ) ;
#2729 = LINE ( 'NONE', #154, #1041 ) ;
#2730 = ORIENTED_EDGE ( 'NONE', *, *, #1561, .T. ) ;
#2731 = DIRECTION ( 'NONE',  ( -1.000000000000000000, 0.000000000000000000, 0.000000000000000000 ) ) ;
#2732 = CARTESIAN_POINT ( 'NONE',  ( 2.390000000000007230, 0.2000000000000000111, -2.109999999999992326 ) ) ;
#2733 = ORIENTED_EDGE ( 'NONE', *, *, #2658, .T. ) ;
#2734 = EDGE_CURVE ( 'NONE', #3804, #1490, #729, .T. ) ;
#2735 = DIRECTION ( 'NONE',  ( 0.000000000000000000, -1.000000000000000000, 0.000000000000000000 ) ) ;
#2736 = ORIENTED_EDGE ( 'NONE', *, *, #3200, .F. ) ;
#2737 = LINE ( 'NONE', #1260, #2689 ) ;
#2738 = DIRECTION ( 'NONE',  ( 1.000000000000000000, 0.000000000000000000, 2.780529094590343356E-15 ) ) ;
#2739 = CARTESIAN_POINT ( 'NONE',  ( 1.000000000000000000, 0.04999999999999969746, 2.499999999999989342 ) ) ;
#2740 = ORIENTED_EDGE ( 'NONE', *, *, #1912, .F. ) ;
#2741 = CARTESIAN_POINT ( 'NONE',  ( -2.999999999999992895, 0.05000000000000000278, -2.500000000000010214 ) ) ;
#2742 = CARTESIAN_POINT ( 'NONE',  ( 2.999999999999991118, 11.01024967590665504, 2.500000000000011102 ) ) ;
#2743 = VERTEX_POINT ( 'NONE', #3265 ) ;
#2744 = EDGE_CURVE ( 'NONE', #2395, #2743, #3563, .T. ) ;
#2745 = ADVANCED_FACE ( 'NONE', ( #3923 ), #431, .F. ) ;
#2746 = ORIENTED_EDGE ( 'NONE', *, *, #384, .F. ) ;
#2747 = DIRECTION ( 'NONE',  ( 1.000000000000000000, 0.000000000000000000, 3.491481338843133355E-15 ) ) ;
#2748 = CARTESIAN_POINT ( 'NONE',  ( 1.250000000000000000, 0.1999999999999996503, 2.499999999999989786 ) ) ;
#2749 = DIRECTION ( 'NONE',  ( -3.491481338843133355E-15, 0.000000000000000000, 1.000000000000000000 ) ) ;
#2750 = AXIS2_PLACEMENT_3D ( 'NONE', #2986, #2355, #779 ) ;
#2751 = ORIENTED_EDGE ( 'NONE', *, *, #4142, .F. ) ;
#2752 = LINE ( 'NONE', #3384, #3548 ) ;
#2753 = AXIS2_PLACEMENT_3D ( 'NONE', #1129, #869, #3652 ) ;
#2754 = DIRECTION ( 'NONE',  ( 0.000000000000000000, 0.000000000000000000, -1.000000000000000000 ) ) ;
#2755 = ORIENTED_EDGE ( 'NONE', *, *, #3251, .F. ) ;
#2756 = LINE ( 'NONE', #1476, #1163 ) ;
#2757 = CLOSED_SHELL ( 'NONE', ( #3556, #83, #164, #2411, #2509, #1828 ) ) ;
#2758 = VERTEX_POINT ( 'NONE', #1403 ) ;
#2759 = CARTESIAN_POINT ( 'NONE',  ( -1.578000000000000291, 0.000000000000000000, -1.859500000000000153 ) ) ;
#2760 = DIRECTION ( 'NONE',  ( 3.491481338843133355E-15, 0.000000000000000000, -1.000000000000000000 ) ) ;
#2761 = VECTOR ( 'NONE', #2268, 1000.000000000000000 ) ;
#2762 = VECTOR ( 'NONE', #2598, 1000.000000000000000 ) ;
#2763 =( LENGTH_UNIT ( ) NAMED_UNIT ( * ) SI_UNIT ( .MILLI., .METRE. ) );
#2764 = ORIENTED_EDGE ( 'NONE', *, *, #2774, .F. ) ;
#2765 = VECTOR ( 'NONE', #1138, 1000.000000000000000 ) ;
#2766 = CARTESIAN_POINT ( 'NONE',  ( 1.249999999999999778, 0.04999999999999999584, 2.159499999999999087 ) ) ;
#2767 = DIRECTION ( 'NONE',  ( -0.000000000000000000, -1.000000000000000000, -0.000000000000000000 ) ) ;
#2768 = AXIS2_PLACEMENT_3D ( 'NONE', #1574, #3801, #329 ) ;
#2769 = CARTESIAN_POINT ( 'NONE',  ( -2.362567907003926493, 1.600000000000000089, -1.825901045621835195 ) ) ;
#2770 = MECHANICAL_DESIGN_GEOMETRIC_PRESENTATION_REPRESENTATION (  '', ( #3708 ), #3838 ) ;
#2771 = ORIENTED_EDGE ( 'NONE', *, *, #3023, .T. ) ;
#2772 = CARTESIAN_POINT ( 'NONE',  ( 2.389999999999985025, 0.9349829930005185696, 2.110000000000007425 ) ) ;
#2773 = DIRECTION ( 'NONE',  ( 0.000000000000000000, -0.000000000000000000, 1.000000000000000000 ) ) ;
#2774 = EDGE_CURVE ( 'NONE', #637, #3937, #1654, .T. ) ;
#2775 = PRESENTATION_LAYER_ASSIGNMENT (  '', '', ( #3708 ) ) ;
#2776 = ADVANCED_FACE ( 'NONE', ( #2655 ), #1358, .T. ) ;
#2777 = DIRECTION ( 'NONE',  ( 0.000000000000000000, -1.000000000000000000, 0.000000000000000000 ) ) ;
#2778 = VERTEX_POINT ( 'NONE', #455 ) ;
#2779 = VECTOR ( 'NONE', #225, 1000.000000000000000 ) ;
#2780 = FACE_OUTER_BOUND ( 'NONE', #1566, .T. ) ;
#2781 = DIRECTION ( 'NONE',  ( -1.000000000000000000, 0.000000000000000000, -2.433723121784104254E-15 ) ) ;
#2782 = CIRCLE ( 'NONE', #3237, 0.3084292306793632310 ) ;
#2783 = VERTEX_POINT ( 'NONE', #389 ) ;
#2784 = DIRECTION ( 'NONE',  ( 1.000000000000000000, -0.000000000000000000, 3.966593313971360706E-15 ) ) ;
#2785 = ORIENTED_EDGE ( 'NONE', *, *, #1170, .F. ) ;
#2786 = CARTESIAN_POINT ( 'NONE',  ( -0.9999999999999995559, 0.1999999999999996503, 2.159499999999999531 ) ) ;
#2787 = CARTESIAN_POINT ( 'NONE',  ( 2.999999999999992450, 0.05000000000000000278, 2.110000000000008757 ) ) ;
#2788 = ORIENTED_EDGE ( 'NONE', *, *, #3095, .F. ) ;
#2789 = CARTESIAN_POINT ( 'NONE',  ( -7.044792720754645778E-15, 1.000680784198103080E-17, 1.270000000000000018 ) ) ;
#2790 = CARTESIAN_POINT ( 'NONE',  ( -3.000000000000000888, 1.000680784198103080E-17, -0.4300000000000108735 ) ) ;
#2791 = ADVANCED_FACE ( 'NONE', ( #3003 ), #1989, .T. ) ;
#2792 = ORIENTED_EDGE ( 'NONE', *, *, #4142, .T. ) ;
#2793 = DIRECTION ( 'NONE',  ( 0.000000000000000000, -1.000000000000000000, 0.000000000000000000 ) ) ;
#2794 = LINE ( 'NONE', #865, #2630 ) ;
#2795 = PLANE ( 'NONE',  #3637 ) ;
#2796 = DIRECTION ( 'NONE',  ( 1.000000000000000000, 0.000000000000000000, -0.000000000000000000 ) ) ;
#2797 = FACE_OUTER_BOUND ( 'NONE', #3743, .T. ) ;
#2798 = ORIENTED_EDGE ( 'NONE', *, *, #2398, .F. ) ;
#2799 = ORIENTED_EDGE ( 'NONE', *, *, #3057, .T. ) ;
#2800 = EDGE_CURVE ( 'NONE', #657, #3937, #2675, .T. ) ;
#2801 = EDGE_CURVE ( 'NONE', #1164, #2486, #1104, .T. ) ;
#2802 = ORIENTED_EDGE ( 'NONE', *, *, #2897, .T. ) ;
#2803 = UNCERTAINTY_MEASURE_WITH_UNIT (LENGTH_MEASURE( 1.000000000000000082E-05 ), #3445, 'distance_accuracy_value', 'NONE');
#2804 = DIRECTION ( 'NONE',  ( -0.000000000000000000, -1.000000000000000000, 0.000000000000000000 ) ) ;
#2805 = DIRECTION ( 'NONE',  ( -3.491481338843133355E-15, 0.000000000000000000, 1.000000000000000000 ) ) ;
#2806 = EDGE_LOOP ( 'NONE', ( #2461, #2017, #2818, #1141 ) ) ;
#2807 = CARTESIAN_POINT ( 'NONE',  ( 2.999999999999993339, 0.2000000000000000111, 1.700000000000009726 ) ) ;
#2808 = LINE ( 'NONE', #2585, #3561 ) ;
#2809 = CARTESIAN_POINT ( 'NONE',  ( 2.999999999999992450, 0.2000000000000000111, 0.8400000000000096279 ) ) ;
#2810 = EDGE_LOOP ( 'NONE', ( #348, #4009, #2190, #3658 ) ) ;
#2811 = CARTESIAN_POINT ( 'NONE',  ( 3.000000000000006217, 0.2000000000000000111, -1.699999999999990630 ) ) ;
#2812 = CARTESIAN_POINT ( 'NONE',  ( -2.999999999999993783, 0.1999999999999999833, -1.700000000000011058 ) ) ;
#2813 = EDGE_CURVE ( 'NONE', #3525, #3275, #2918, .T. ) ;
#2814 = CARTESIAN_POINT ( 'NONE',  ( -1.577999999999999625, 0.000000000000000000, 2.159500000000000419 ) ) ;
#2815 = ORIENTED_EDGE ( 'NONE', *, *, #2895, .T. ) ;
#2816 = DIRECTION ( 'NONE',  ( 1.000000000000000000, 0.000000000000000000, 3.491481338843133355E-15 ) ) ;
#2817 = SURFACE_STYLE_USAGE ( .BOTH. , #3843 ) ;
#2818 = ORIENTED_EDGE ( 'NONE', *, *, #1265, .T. ) ;
#2819 = ORIENTED_EDGE ( 'NONE', *, *, #3225, .T. ) ;
#2820 = ORIENTED_EDGE ( 'NONE', *, *, #487, .T. ) ;
#2821 = VECTOR ( 'NONE', #185, 1000.000000000000000 ) ;
#2822 = CARTESIAN_POINT ( 'NONE',  ( 1.578000000000000513, 0.1999999999999996503, -2.159499999999999531 ) ) ;
#2823 = EDGE_CURVE ( 'NONE', #31, #3582, #1470, .T. ) ;
#2824 = EDGE_CURVE ( 'NONE', #1819, #3929, #544, .T. ) ;
#2825 =( NAMED_UNIT ( * ) PLANE_ANGLE_UNIT ( ) SI_UNIT ( $, .RADIAN. ) );
#2826 = ORIENTED_EDGE ( 'NONE', *, *, #4025, .F. ) ;
#2827 = VECTOR ( 'NONE', #3188, 1000.000000000000000 ) ;
#2828 = CARTESIAN_POINT ( 'NONE',  ( 1.000000000000000000, 0.1999999999999996503, 2.159499999999999531 ) ) ;
#2829 = VECTOR ( 'NONE', #2793, 1000.000000000000000 ) ;
#2830 = VERTEX_POINT ( 'NONE', #1847 ) ;
#2831 = VECTOR ( 'NONE', #295, 1000.000000000000000 ) ;
#2832 = ORIENTED_EDGE ( 'NONE', *, *, #2215, .F. ) ;
#2833 = DIRECTION ( 'NONE',  ( 0.000000000000000000, -1.000000000000000000, 0.000000000000000000 ) ) ;
#2834 = CARTESIAN_POINT ( 'NONE',  ( 1.249999999999998446, 0.05000000000000000278, -7.960368373608908788E-16 ) ) ;
#2835 = VECTOR ( 'NONE', #1095, 1000.000000000000000 ) ;
#2836 = DIRECTION ( 'NONE',  ( 0.000000000000000000, -1.000000000000000000, 0.000000000000000000 ) ) ;
#2837 = VECTOR ( 'NONE', #3135, 1000.000000000000000 ) ;
#2838 = CARTESIAN_POINT ( 'NONE',  ( 2.389999999999992575, 0.2000000000000000111, 2.110000000000007425 ) ) ;
#2839 = DIRECTION ( 'NONE',  ( -0.000000000000000000, -1.000000000000000000, -0.000000000000000000 ) ) ;
#2840 =( GEOMETRIC_REPRESENTATION_CONTEXT ( 3 ) GLOBAL_UNCERTAINTY_ASSIGNED_CONTEXT ( ( #633 ) ) GLOBAL_UNIT_ASSIGNED_CONTEXT ( ( #2099, #2594, #1988 ) ) REPRESENTATION_CONTEXT ( 'NONE', 'WORKASPACE' ) );
#2841 = EDGE_LOOP ( 'NONE', ( #3414, #2321, #2440, #3538 ) ) ;
#2842 = VECTOR ( 'NONE', #650, 1000.000000000000000 ) ;
#2843 = ORIENTED_EDGE ( 'NONE', *, *, #247, .F. ) ;
#2844 = ORIENTED_EDGE ( 'NONE', *, *, #537, .T. ) ;
#2845 = EDGE_CURVE ( 'NONE', #675, #332, #3109, .T. ) ;
#2846 = VECTOR ( 'NONE', #3916, 1000.000000000000000 ) ;
#2847 = DIRECTION ( 'NONE',  ( 1.000000000000000000, 0.000000000000000000, 2.008246672814085661E-16 ) ) ;
#2848 = ORIENTED_EDGE ( 'NONE', *, *, #2316, .F. ) ;
#2849 = LINE ( 'NONE', #4123, #4043 ) ;
#2850 = AXIS2_PLACEMENT_3D ( 'NONE', #713, #3587, #3248 ) ;
#2851 = EDGE_CURVE ( 'NONE', #1597, #2868, #3381, .T. ) ;
#2852 = EDGE_CURVE ( 'NONE', #3525, #2530, #2729, .T. ) ;
#2853 = LINE ( 'NONE', #240, #839 ) ;
#2854 = FACE_OUTER_BOUND ( 'NONE', #1226, .T. ) ;
#2855 = ORIENTED_EDGE ( 'NONE', *, *, #2744, .F. ) ;
#2856 = EDGE_CURVE ( 'NONE', #1614, #102, #4055, .T. ) ;
#2857 = EDGE_CURVE ( 'NONE', #2657, #4051, #1148, .T. ) ;
#2858 = CARTESIAN_POINT ( 'NONE',  ( -3.000000000000007105, 2.001361568396206159E-17, 0.4299999999999898348 ) ) ;
#2859 = CARTESIAN_POINT ( 'NONE',  ( -1.278000000000000469, 6.112726612993349740, -2.159499999999999975 ) ) ;
#2860 = CARTESIAN_POINT ( 'NONE',  ( -3.000000000000009326, 0.05000000000000000278, 2.499999999999990230 ) ) ;
#2861 = DIRECTION ( 'NONE',  ( -0.000000000000000000, -1.000000000000000000, 0.000000000000000000 ) ) ;
#2862 = LINE ( 'NONE', #1295, #3497 ) ;
#2863 = EDGE_LOOP ( 'NONE', ( #3450, #1632, #3071, #2218 ) ) ;
#2864 = ORIENTED_EDGE ( 'NONE', *, *, #1115, .F. ) ;
#2865 = VERTEX_POINT ( 'NONE', #1824 ) ;
#2866 = DIRECTION ( 'NONE',  ( -1.000000000000000000, 0.000000000000000000, -3.491481338843133355E-15 ) ) ;
#2867 = ADVANCED_FACE ( 'NONE', ( #885 ), #2390, .F. ) ;
#2868 = VERTEX_POINT ( 'NONE', #1512 ) ;
#2869 = CARTESIAN_POINT ( 'NONE',  ( -2.999999999999993783, 0.9349829930005185696, -1.700000000000011058 ) ) ;
#2870 = LINE ( 'NONE', #2248, #171 ) ;
#2871 = ORIENTED_EDGE ( 'NONE', *, *, #3437, .T. ) ;
#2872 = VERTEX_POINT ( 'NONE', #3020 ) ;
#2873 = CARTESIAN_POINT ( 'NONE',  ( 2.999999999999992450, 2.001361568396206159E-17, 0.8400000000000096279 ) ) ;
#2874 = CARTESIAN_POINT ( 'NONE',  ( -1.577999999999999625, 0.1999999999999996503, 2.159500000000000419 ) ) ;
#2875 = ADVANCED_FACE ( 'NONE', ( #1780 ), #2795, .T. ) ;
#2876 = LINE ( 'NONE', #587, #1977 ) ;
#2877 = EDGE_CURVE ( 'NONE', #949, #990, #4026, .T. ) ;
#2878 = DIRECTION ( 'NONE',  ( -1.000000000000000000, 0.000000000000000000, 0.000000000000000000 ) ) ;
#2879 = CARTESIAN_POINT ( 'NONE',  ( 2.390000000000006342, 0.04999999999999999584, -1.699999999999992850 ) ) ;
#2880 = SURFACE_SIDE_STYLE ('',( #2554 ) ) ;
#2881 = ORIENTED_EDGE ( 'NONE', *, *, #2648, .F. ) ;
#2882 = ORIENTED_EDGE ( 'NONE', *, *, #556, .F. ) ;
#2883 = CARTESIAN_POINT ( 'NONE',  ( -2.390000000000007230, 2.001361568396206159E-17, 0.4299999999999916112 ) ) ;
#2884 = ORIENTED_EDGE ( 'NONE', *, *, #1296, .F. ) ;
#2885 = VECTOR ( 'NONE', #1674, 1000.000000000000000 ) ;
#2886 = DIRECTION ( 'NONE',  ( 0.000000000000000000, -1.000000000000000000, 0.000000000000000000 ) ) ;
#2887 = ORIENTED_EDGE ( 'NONE', *, *, #384, .T. ) ;
#2888 = ORIENTED_EDGE ( 'NONE', *, *, #1949, .F. ) ;
#2889 = LINE ( 'NONE', #2324, #2957 ) ;
#2890 = LINE ( 'NONE', #2229, #1920 ) ;
#2891 = CARTESIAN_POINT ( 'NONE',  ( -2.390000000000014335, 3.002042352594308776E-17, 1.699999999999991518 ) ) ;
#2892 = ORIENTED_EDGE ( 'NONE', *, *, #2265, .F. ) ;
#2893 = DIRECTION ( 'NONE',  ( -1.000000000000000000, 0.000000000000000000, -2.780529094590343750E-15 ) ) ;
#2894 = AXIS2_PLACEMENT_3D ( 'NONE', #3099, #3432, #3122 ) ;
#2895 = EDGE_CURVE ( 'NONE', #2966, #3389, #3354, .T. ) ;
#2896 = CARTESIAN_POINT ( 'NONE',  ( -2.839999999999998970, 0.2000000000000000111, -0.8400000000000101830 ) ) ;
#2897 = EDGE_CURVE ( 'NONE', #3267, #882, #796, .T. ) ;
#2898 =( GEOMETRIC_REPRESENTATION_CONTEXT ( 3 ) GLOBAL_UNCERTAINTY_ASSIGNED_CONTEXT ( ( #3805 ) ) GLOBAL_UNIT_ASSIGNED_CONTEXT ( ( #3930, #2198, #606 ) ) REPRESENTATION_CONTEXT ( 'NONE', 'WORKASPACE' ) );
#2899 = EDGE_LOOP ( 'NONE', ( #3543, #2011, #3270, #2687 ) ) ;
#2900 = ORIENTED_EDGE ( 'NONE', *, *, #2845, .F. ) ;
#2901 = LINE ( 'NONE', #1325, #3696 ) ;
#2902 = CARTESIAN_POINT ( 'NONE',  ( 2.389999999999992575, 0.2000000000000000111, 2.110000000000007425 ) ) ;
#2903 = AXIS2_PLACEMENT_3D ( 'NONE', #705, #3621, #3936 ) ;
#2904 = ORIENTED_EDGE ( 'NONE', *, *, #190, .F. ) ;
#2905 = AXIS2_PLACEMENT_3D ( 'NONE', #3620, #725, #425 ) ;
#2906 = CARTESIAN_POINT ( 'NONE',  ( -1.000000000000000000, 0.000000000000000000, -2.499999999999989342 ) ) ;
#2907 = LINE ( 'NONE', #3239, #1791 ) ;
#2908 = PRESENTATION_LAYER_ASSIGNMENT (  '', '', ( #1861 ) ) ;
#2909 = LINE ( 'NONE', #81, #2835 ) ;
#2910 = CARTESIAN_POINT ( 'NONE',  ( 1.000000000000000000, 0.000000000000000000, 2.159499999999999531 ) ) ;
#2911 = CARTESIAN_POINT ( 'NONE',  ( 1.577999999999999625, 0.2000000000000000111, 2.159500000000000419 ) ) ;
#2912 = DIRECTION ( 'NONE',  ( 0.000000000000000000, -1.000000000000000000, 0.000000000000000000 ) ) ;
#2913 = ADVANCED_FACE ( 'NONE', ( #3048 ), #3085, .T. ) ;
#2914 = VERTEX_POINT ( 'NONE', #3739 ) ;
#2915 = CARTESIAN_POINT ( 'NONE',  ( -2.390000000000008118, 0.2000000000000000111, 0.8399999999999915312 ) ) ;
#2916 = FACE_OUTER_BOUND ( 'NONE', #3376, .T. ) ;
#2917 = DIRECTION ( 'NONE',  ( 1.000000000000000000, 0.000000000000000000, 2.433723121784104254E-15 ) ) ;
#2918 = LINE ( 'NONE', #3247, #1178 ) ;
#2919 = ORIENTED_EDGE ( 'NONE', *, *, #1008, .T. ) ;
#2920 = ORIENTED_EDGE ( 'NONE', *, *, #845, .F. ) ;
#2921 = ORIENTED_EDGE ( 'NONE', *, *, #343, .T. ) ;
#2922 = PLANE ( 'NONE',  #4032 ) ;
#2923 = LINE ( 'NONE', #3154, #2560 ) ;
#2924 = ORIENTED_EDGE ( 'NONE', *, *, #3015, .F. ) ;
#2925 = EDGE_CURVE ( 'NONE', #2525, #3438, #181, .T. ) ;
#2926 = ADVANCED_FACE ( 'NONE', ( #3718 ), #866, .T. ) ;
#2927 = CARTESIAN_POINT ( 'NONE',  ( 2.389999999999993463, 0.05000000000000000278, 1.700000000000007505 ) ) ;
#2928 = DIRECTION ( 'NONE',  ( -0.000000000000000000, 1.000000000000000000, -0.000000000000000000 ) ) ;
#2929 = ORIENTED_EDGE ( 'NONE', *, *, #1731, .T. ) ;
#2930 = PLANE ( 'NONE',  #2105 ) ;
#2931 = DIRECTION ( 'NONE',  ( 0.000000000000000000, -1.000000000000000000, 0.000000000000000000 ) ) ;
#2932 = CARTESIAN_POINT ( 'NONE',  ( -2.389999999999998792, 0.2000000000000000111, -0.4300000000000084865 ) ) ;
#2933 = CARTESIAN_POINT ( 'NONE',  ( 2.389999999999999236, 0.1999999999999999833, -0.4299999999999926659 ) ) ;
#2934 = DIRECTION ( 'NONE',  ( -0.000000000000000000, 1.000000000000000000, -0.000000000000000000 ) ) ;
#2935 = PLANE ( 'NONE',  #1849 ) ;
#2936 = EDGE_CURVE ( 'NONE', #551, #310, #2306, .T. ) ;
#2937 = SURFACE_SIDE_STYLE ('',( #1670 ) ) ;
#2938 = DIRECTION ( 'NONE',  ( 0.000000000000000000, -1.000000000000000000, 0.000000000000000000 ) ) ;
#2939 = ORIENTED_EDGE ( 'NONE', *, *, #1277, .T. ) ;
#2940 = ORIENTED_EDGE ( 'NONE', *, *, #2215, .T. ) ;
#2941 = LINE ( 'NONE', #718, #3418 ) ;
#2942 = ORIENTED_EDGE ( 'NONE', *, *, #3057, .F. ) ;
#2943 = FACE_OUTER_BOUND ( 'NONE', #125, .T. ) ;
#2944 = ADVANCED_FACE ( 'NONE', ( #1447 ), #2702, .T. ) ;
#2945 = ADVANCED_FACE ( 'NONE', ( #3204 ), #1571, .T. ) ;
#2946 = SURFACE_STYLE_USAGE ( .BOTH. , #484 ) ;
#2947 = ORIENTED_EDGE ( 'NONE', *, *, #2333, .F. ) ;
#2948 = VECTOR ( 'NONE', #2241, 1000.000000000000000 ) ;
#2949 = DIRECTION ( 'NONE',  ( 2.433723121784102677E-15, 0.000000000000000000, -1.000000000000000000 ) ) ;
#2950 = LINE ( 'NONE', #1352, #1700 ) ;
#2951 = CARTESIAN_POINT ( 'NONE',  ( 1.249999999999999778, 0.1999999999999996503, 2.159499999999999087 ) ) ;
#2952 = DIRECTION ( 'NONE',  ( -1.000000000000000000, 0.000000000000000000, -2.433723121784104254E-15 ) ) ;
#2953 = CLOSED_SHELL ( 'NONE', ( #2112, #396, #1959, #4014, #3029, #1200 ) ) ;
#2954 = DIRECTION ( 'NONE',  ( -1.000000000000000000, 0.000000000000000000, -3.846957460969528355E-15 ) ) ;
#2955 = CARTESIAN_POINT ( 'NONE',  ( 2.389999999999985913, 0.9349829930005185696, 1.700000000000007505 ) ) ;
#2956 = LINE ( 'NONE', #838, #579 ) ;
#2957 = VECTOR ( 'NONE', #1058, 1000.000000000000000 ) ;
#2958 = CIRCLE ( 'NONE', #2671, 0.3084292306793632310 ) ;
#2959 = ORIENTED_EDGE ( 'NONE', *, *, #3638, .T. ) ;
#2960 = AXIS2_PLACEMENT_3D ( 'NONE', #1623, #3372, #2424 ) ;
#2961 = ORIENTED_EDGE ( 'NONE', *, *, #2658, .F. ) ;
#2962 = PLANE ( 'NONE',  #559 ) ;
#2963 = AXIS2_PLACEMENT_3D ( 'NONE', #308, #3146, #2532 ) ;
#2964 = ORIENTED_EDGE ( 'NONE', *, *, #2606, .T. ) ;
#2965 = EDGE_CURVE ( 'NONE', #3104, #3525, #1258, .T. ) ;
#2966 = VERTEX_POINT ( 'NONE', #985 ) ;
#2967 = VECTOR ( 'NONE', #1584, 1000.000000000000000 ) ;
#2968 = SURFACE_SIDE_STYLE ('',( #1699 ) ) ;
#2969 = VECTOR ( 'NONE', #613, 1000.000000000000000 ) ;
#2970 = CARTESIAN_POINT ( 'NONE',  ( -3.000000000000000000, 0.1999999999999999833, -0.8400000000000101830 ) ) ;
#2971 = DIRECTION ( 'NONE',  ( 0.000000000000000000, -1.000000000000000000, 0.000000000000000000 ) ) ;
#2972 = AXIS2_PLACEMENT_3D ( 'NONE', #3102, #1416, #2694 ) ;
#2973 = DIRECTION ( 'NONE',  ( -1.000000000000000000, 0.000000000000000000, -3.491481338843133355E-15 ) ) ;
#2974 = DIRECTION ( 'NONE',  ( 1.000000000000000000, 0.000000000000000000, 2.780529094590343356E-15 ) ) ;
#2975 = VECTOR ( 'NONE', #180, 1000.000000000000000 ) ;
#2976 = DIRECTION ( 'NONE',  ( 1.000000000000000000, 0.000000000000000000, 2.433723121784102677E-15 ) ) ;
#2977 = EDGE_CURVE ( 'NONE', #936, #531, #3460, .T. ) ;
#2978 = EDGE_CURVE ( 'NONE', #1177, #3995, #2876, .T. ) ;
#2979 = VERTEX_POINT ( 'NONE', #1548 ) ;
#2980 = PLANE ( 'NONE',  #3161 ) ;
#2981 = DIRECTION ( 'NONE',  ( 0.000000000000000000, 1.000000000000000000, 0.000000000000000000 ) ) ;
#2982 = DIRECTION ( 'NONE',  ( -2.433723121784104254E-15, 0.000000000000000000, 1.000000000000000000 ) ) ;
#2983 = ORIENTED_EDGE ( 'NONE', *, *, #1587, .F. ) ;
#2984 = ORIENTED_EDGE ( 'NONE', *, *, #247, .T. ) ;
#2985 = ORIENTED_EDGE ( 'NONE', *, *, #4128, .F. ) ;
#2986 = CARTESIAN_POINT ( 'NONE',  ( 3.000000000000006217, 0.9349829930005185696, -1.699999999999990630 ) ) ;
#2987 = EDGE_LOOP ( 'NONE', ( #4001, #2661, #2639, #806 ) ) ;
#2988 = ORIENTED_EDGE ( 'NONE', *, *, #1675, .T. ) ;
#2989 = CARTESIAN_POINT ( 'NONE',  ( -2.390000000000000124, 0.9349829930005185696, -0.8400000000000085176 ) ) ;
#2990 = LINE ( 'NONE', #1410, #3479 ) ;
#2991 = EDGE_CURVE ( 'NONE', #3408, #3932, #2171, .T. ) ;
#2992 =( NAMED_UNIT ( * ) PLANE_ANGLE_UNIT ( ) SI_UNIT ( $, .RADIAN. ) );
#2993 = ORIENTED_EDGE ( 'NONE', *, *, #3885, .F. ) ;
#2994 = DIRECTION ( 'NONE',  ( 0.000000000000000000, -0.000000000000000000, 1.000000000000000000 ) ) ;
#2995 = DIRECTION ( 'NONE',  ( 0.000000000000000000, 1.000000000000000000, 0.000000000000000000 ) ) ;
#2996 = CARTESIAN_POINT ( 'NONE',  ( -2.362567907003926493, 1.500000000000000000, -1.825901045621835195 ) ) ;
#2997 = CARTESIAN_POINT ( 'NONE',  ( 2.389999999999985913, 0.9349829930005185696, 1.700000000000007505 ) ) ;
#2998 = ORIENTED_EDGE ( 'NONE', *, *, #1812, .F. ) ;
#2999 = PLANE ( 'NONE',  #1966 ) ;
#3000 = DIRECTION ( 'NONE',  ( -6.368294698887134525E-16, 0.000000000000000000, 1.000000000000000000 ) ) ;
#3001 = LINE ( 'NONE', #3047, #2975 ) ;
#3002 = ADVANCED_FACE ( 'NONE', ( #903 ), #3498, .F. ) ;
#3003 = FACE_OUTER_BOUND ( 'NONE', #3485, .T. ) ;
#3004 = VERTEX_POINT ( 'NONE', #342 ) ;
#3005 = DIRECTION ( 'NONE',  ( -1.000000000000000000, 0.000000000000000000, -3.491481338843133355E-15 ) ) ;
#3006 = DIRECTION ( 'NONE',  ( 0.000000000000000000, 1.000000000000000000, 0.000000000000000000 ) ) ;
#3007 = ORIENTED_EDGE ( 'NONE', *, *, #3970, .F. ) ;
#3008 = ORIENTED_EDGE ( 'NONE', *, *, #3725, .T. ) ;
#3009 = SURFACE_SIDE_STYLE ('',( #2016 ) ) ;
#3010 = ORIENTED_EDGE ( 'NONE', *, *, #2117, .T. ) ;
#3011 = LINE ( 'NONE', #145, #3629 ) ;
#3012 = LINE ( 'NONE', #490, #3910 ) ;
#3013 = CARTESIAN_POINT ( 'NONE',  ( -3.000000000000007105, 0.2000000000000000111, 1.699999999999989742 ) ) ;
#3014 = CARTESIAN_POINT ( 'NONE',  ( 1.577999999999999625, 6.112726612993349740, 2.159500000000000419 ) ) ;
#3015 = EDGE_CURVE ( 'NONE', #2400, #3369, #1714, .T. ) ;
#3016 = ORIENTED_EDGE ( 'NONE', *, *, #1746, .F. ) ;
#3017 = LINE ( 'NONE', #1441, #3285 ) ;
#3018 = LINE ( 'NONE', #3958, #1101 ) ;
#3019 = VECTOR ( 'NONE', #3741, 1000.000000000000000 ) ;
#3020 = CARTESIAN_POINT ( 'NONE',  ( -2.999999999999993783, 0.2000000000000000111, -1.700000000000011058 ) ) ;
#3021 = VERTEX_POINT ( 'NONE', #4132 ) ;
#3022 = ADVANCED_FACE ( 'NONE', ( #1868 ), #1, .F. ) ;
#3023 = EDGE_CURVE ( 'NONE', #1490, #2150, #2513, .T. ) ;
#3024 = CARTESIAN_POINT ( 'NONE',  ( -2.839999999999998970, 0.2000000000000000111, -1.700000000000010392 ) ) ;
#3025 = VECTOR ( 'NONE', #1984, 1000.000000000000000 ) ;
#3026 = DIRECTION ( 'NONE',  ( -0.000000000000000000, -1.000000000000000000, -0.000000000000000000 ) ) ;
#3027 = ORIENTED_EDGE ( 'NONE', *, *, #1170, .T. ) ;
#3028 = AXIS2_PLACEMENT_3D ( 'NONE', #562, #2833, #223 ) ;
#3029 = ADVANCED_FACE ( 'NONE', ( #1291 ), #669, .F. ) ;
#3030 = ORIENTED_EDGE ( 'NONE', *, *, #3790, .T. ) ;
#3031 = DIRECTION ( 'NONE',  ( 0.000000000000000000, -1.000000000000000000, 0.000000000000000000 ) ) ;
#3032 = VECTOR ( 'NONE', #684, 1000.000000000000000 ) ;
#3033 = CARTESIAN_POINT ( 'NONE',  ( -3.000000000000009326, 1.600000000000000755, 2.499999999999990230 ) ) ;
#3034 = LINE ( 'NONE', #193, #374 ) ;
#3035 = VERTEX_POINT ( 'NONE', #263 ) ;
#3036 = LINE ( 'NONE', #2185, #3499 ) ;
#3037 = VECTOR ( 'NONE', #2663, 1000.000000000000000 ) ;
#3038 = VECTOR ( 'NONE', #2108, 1000.000000000000000 ) ;
#3039 = CARTESIAN_POINT ( 'NONE',  ( 2.999999999999985789, 3.002042352594308776E-17, 1.700000000000009726 ) ) ;
#3040 = CARTESIAN_POINT ( 'NONE',  ( -1.578000000000000291, 0.04999999999999999584, -1.859500000000000153 ) ) ;
#3041 = DIRECTION ( 'NONE',  ( -0.000000000000000000, -1.000000000000000000, 0.000000000000000000 ) ) ;
#3042 = VECTOR ( 'NONE', #881, 1000.000000000000000 ) ;
#3043 = ORIENTED_EDGE ( 'NONE', *, *, #3654, .T. ) ;
#3044 = DIRECTION ( 'NONE',  ( 6.368294698887134525E-16, 0.000000000000000000, -1.000000000000000000 ) ) ;
#3045 = FACE_OUTER_BOUND ( 'NONE', #3719, .T. ) ;
#3046 = AXIS2_PLACEMENT_3D ( 'NONE', #3137, #918, #2448 ) ;
#3047 = CARTESIAN_POINT ( 'NONE',  ( -2.839999999999998970, 0.9349829930005185696, -0.8400000000000097389 ) ) ;
#3048 = FACE_OUTER_BOUND ( 'NONE', #1477, .T. ) ;
#3049 =( GEOMETRIC_REPRESENTATION_CONTEXT ( 3 ) GLOBAL_UNCERTAINTY_ASSIGNED_CONTEXT ( ( #1430 ) ) GLOBAL_UNIT_ASSIGNED_CONTEXT ( ( #2158, #2183, #4081 ) ) REPRESENTATION_CONTEXT ( 'NONE', 'WORKASPACE' ) );
#3050 = EDGE_LOOP ( 'NONE', ( #968, #957, #2488, #2558 ) ) ;
#3051 = PLANE ( 'NONE',  #1963 ) ;
#3052 = DIRECTION ( 'NONE',  ( -2.433723121784104254E-15, 0.000000000000000000, 1.000000000000000000 ) ) ;
#3053 = ORIENTED_EDGE ( 'NONE', *, *, #4, .T. ) ;
#3054 = ORIENTED_EDGE ( 'NONE', *, *, #323, .T. ) ;
#3055 = SURFACE_STYLE_FILL_AREA ( #2073 ) ;
#3056 = FACE_OUTER_BOUND ( 'NONE', #2249, .T. ) ;
#3057 = EDGE_CURVE ( 'NONE', #3155, #3035, #961, .T. ) ;
#3058 = EDGE_CURVE ( 'NONE', #4100, #3630, #3837, .T. ) ;
#3059 = EDGE_LOOP ( 'NONE', ( #3296, #3873, #1292, #1725 ) ) ;
#3060 = FACE_OUTER_BOUND ( 'NONE', #1282, .T. ) ;
#3061 = DIRECTION ( 'NONE',  ( -2.433723121784102677E-15, 0.000000000000000000, 1.000000000000000000 ) ) ;
#3062 = EDGE_LOOP ( 'NONE', ( #438, #2263, #2319, #2479, #2374, #910, #1495, #3326, #975, #2179, #1333, #3767, #554, #3735, #3175, #1870, #1049, #161, #130, #2939, #4078 ) ) ;
#3063 = CARTESIAN_POINT ( 'NONE',  ( 3.000000000000002220, 0.2000000000000000111, -0.8399999999999903100 ) ) ;
#3064 = DIRECTION ( 'NONE',  ( -2.433723121784104254E-15, 0.000000000000000000, 1.000000000000000000 ) ) ;
#3065 = DIRECTION ( 'NONE',  ( 0.000000000000000000, -1.000000000000000000, 0.000000000000000000 ) ) ;
#3066 = ORIENTED_EDGE ( 'NONE', *, *, #3458, .T. ) ;
#3067 = LINE ( 'NONE', #1196, #564 ) ;
#3068 = DIRECTION ( 'NONE',  ( -0.000000000000000000, 0.000000000000000000, 1.000000000000000000 ) ) ;
#3069 = ORIENTED_EDGE ( 'NONE', *, *, #2245, .F. ) ;
#3070 = FACE_OUTER_BOUND ( 'NONE', #444, .T. ) ;
#3071 = ORIENTED_EDGE ( 'NONE', *, *, #341, .T. ) ;
#3072 = DIRECTION ( 'NONE',  ( -0.000000000000000000, -0.000000000000000000, -1.000000000000000000 ) ) ;
#3073 = FACE_OUTER_BOUND ( 'NONE', #370, .T. ) ;
#3074 = EDGE_LOOP ( 'NONE', ( #3991, #797, #71, #2356 ) ) ;
#3075 = LINE ( 'NONE', #1766, #1176 ) ;
#3076 = EDGE_CURVE ( 'NONE', #332, #321, #1901, .T. ) ;
#3077 = EDGE_CURVE ( 'NONE', #691, #3455, #1232, .T. ) ;
#3078 = CARTESIAN_POINT ( 'NONE',  ( -2.839999999999998970, 0.000000000000000000, -0.4300000000000085976 ) ) ;
#3079 = FACE_OUTER_BOUND ( 'NONE', #2217, .T. ) ;
#3080 = ORIENTED_EDGE ( 'NONE', *, *, #1841, .T. ) ;
#3081 = CARTESIAN_POINT ( 'NONE',  ( 2.389999999999992575, 0.2000000000000000111, 2.110000000000007425 ) ) ;
#3082 = VERTEX_POINT ( 'NONE', #1609 ) ;
#3083 = LINE ( 'NONE', #3665, #1505 ) ;
#3084 = DIRECTION ( 'NONE',  ( 0.000000000000000000, 0.000000000000000000, 1.000000000000000000 ) ) ;
#3085 = PLANE ( 'NONE',  #3301 ) ;
#3086 = VECTOR ( 'NONE', #574, 1000.000000000000000 ) ;
#3087 = CARTESIAN_POINT ( 'NONE',  ( -2.999999999999992895, 0.05000000000000000278, -2.500000000000010214 ) ) ;
#3088 = VECTOR ( 'NONE', #2175, 1000.000000000000000 ) ;
#3089 = CARTESIAN_POINT ( 'NONE',  ( -3.000000000000007994, 0.2000000000000000111, 0.8399999999999891998 ) ) ;
#3090 = ORIENTED_EDGE ( 'NONE', *, *, #627, .T. ) ;
#3091 = CARTESIAN_POINT ( 'NONE',  ( -2.390000000000007230, 0.2000000000000000111, 0.4299999999999916112 ) ) ;
#3092 = EDGE_LOOP ( 'NONE', ( #2683, #42, #769, #1638 ) ) ;
#3093 = DIRECTION ( 'NONE',  ( 1.000000000000000000, 0.000000000000000000, -6.368294698887134525E-16 ) ) ;
#3094 = AXIS2_PLACEMENT_3D ( 'NONE', #4010, #1740, #2711 ) ;
#3095 = EDGE_CURVE ( 'NONE', #3803, #3515, #2492, .T. ) ;
#3096 = ORIENTED_EDGE ( 'NONE', *, *, #3663, .F. ) ;
#3097 = CARTESIAN_POINT ( 'NONE',  ( 1.249999999999999778, 0.2000000000000000111, -2.159499999999999087 ) ) ;
#3098 = VECTOR ( 'NONE', #3793, 1000.000000000000000 ) ;
#3099 = CARTESIAN_POINT ( 'NONE',  ( -1.577999999999999625, 0.2000000000000000111, 2.159500000000000419 ) ) ;
#3100 = PLANE ( 'NONE',  #3046 ) ;
#3101 = AXIS2_PLACEMENT_3D ( 'NONE', #2593, #1063, #2612 ) ;
#3102 = CARTESIAN_POINT ( 'NONE',  ( 1.000000000000000000, 0.2000000000000000111, 2.159499999999999531 ) ) ;
#3103 = VECTOR ( 'NONE', #1326, 1000.000000000000000 ) ;
#3104 = VERTEX_POINT ( 'NONE', #1881 ) ;
#3105 = CARTESIAN_POINT ( 'NONE',  ( 2.390000000000007230, 0.04999999999999999584, -2.109999999999992326 ) ) ;
#3106 = CARTESIAN_POINT ( 'NONE',  ( -3.000000000000000000, 1.000680784198103080E-17, -0.8400000000000101830 ) ) ;
#3107 = VECTOR ( 'NONE', #4088, 1000.000000000000000 ) ;
#3108 = ADVANCED_FACE ( 'NONE', ( #3142 ), #2344, .F. ) ;
#3109 = LINE ( 'NONE', #4072, #3502 ) ;
#3110 = EDGE_CURVE ( 'NONE', #310, #551, #29, .T. ) ;
#3111 = VECTOR ( 'NONE', #2548, 1000.000000000000000 ) ;
#3112 = LINE ( 'NONE', #653, #2827 ) ;
#3113 = CARTESIAN_POINT ( 'NONE',  ( 1.249999999999999778, 6.112726612993349740, 2.159499999999999087 ) ) ;
#3114 = AXIS2_PLACEMENT_3D ( 'NONE', #3913, #3299, #1136 ) ;
#3115 = VERTEX_POINT ( 'NONE', #3243 ) ;
#3116 = ORIENTED_EDGE ( 'NONE', *, *, #2082, .F. ) ;
#3117 = ORIENTED_EDGE ( 'NONE', *, *, #3898, .F. ) ;
#3118 = CARTESIAN_POINT ( 'NONE',  ( -1.408958544150929156E-14, 2.001361568396206159E-17, 2.540000000000000036 ) ) ;
#3119 = CARTESIAN_POINT ( 'NONE',  ( 2.390000000000000124, 0.9349829930005185696, -0.8399999999999924194 ) ) ;
#3120 = ORIENTED_EDGE ( 'NONE', *, *, #3943, .F. ) ;
#3121 = CARTESIAN_POINT ( 'NONE',  ( -3.000000000000015099, 0.9349829930005185696, 2.109999999999989218 ) ) ;
#3122 = DIRECTION ( 'NONE',  ( 1.000000000000000000, 0.000000000000000000, -3.966593313971360706E-15 ) ) ;
#3123 = ORIENTED_EDGE ( 'NONE', *, *, #3015, .T. ) ;
#3124 = CARTESIAN_POINT ( 'NONE',  ( -2.390000000000002345, 0.2000000000000000111, 0.4299999999999916112 ) ) ;
#3125 = CARTESIAN_POINT ( 'NONE',  ( -2.390000000000008118, 0.2000000000000000111, 2.109999999999991438 ) ) ;
#3126 = DIRECTION ( 'NONE',  ( 1.000000000000000000, 0.000000000000000000, 3.491481338843133355E-15 ) ) ;
#3127 = DIRECTION ( 'NONE',  ( 0.000000000000000000, -1.000000000000000000, 0.000000000000000000 ) ) ;
#3128 = EDGE_CURVE ( 'NONE', #465, #2525, #2610, .T. ) ;
#3129 = CARTESIAN_POINT ( 'NONE',  ( 2.389999999999993463, 0.2000000000000000111, 0.4300000000000076539 ) ) ;
#3130 = ORIENTED_EDGE ( 'NONE', *, *, #2734, .F. ) ;
#3131 = ORIENTED_EDGE ( 'NONE', *, *, #1059, .T. ) ;
#3132 = ORIENTED_EDGE ( 'NONE', *, *, #2508, .F. ) ;
#3133 = LINE ( 'NONE', #2261, #84 ) ;
#3134 = ORIENTED_EDGE ( 'NONE', *, *, #1588, .F. ) ;
#3135 = DIRECTION ( 'NONE',  ( 1.000000000000000000, 0.000000000000000000, 3.846957460969528355E-15 ) ) ;
#3136 = PLANE ( 'NONE',  #3362 ) ;
#3137 = CARTESIAN_POINT ( 'NONE',  ( -2.839999999999998970, 1.939223964876290340, -0.4300000000000085976 ) ) ;
#3138 = ORIENTED_EDGE ( 'NONE', *, *, #3302, .T. ) ;
#3139 = VERTEX_POINT ( 'NONE', #1730 ) ;
#3140 = FACE_OUTER_BOUND ( 'NONE', #2474, .T. ) ;
#3141 = CARTESIAN_POINT ( 'NONE',  ( 2.999999999999993339, 0.05000000000000000278, 1.700000000000009726 ) ) ;
#3142 = FACE_OUTER_BOUND ( 'NONE', #2806, .T. ) ;
#3143 = EDGE_CURVE ( 'NONE', #681, #3570, #3859, .T. ) ;
#3144 = ORIENTED_EDGE ( 'NONE', *, *, #622, .F. ) ;
#3145 = CARTESIAN_POINT ( 'NONE',  ( -1.250000000000000000, 6.112726612993349740, -2.499999999999989786 ) ) ;
#3146 = DIRECTION ( 'NONE',  ( -1.000000000000000000, 0.000000000000000000, 0.000000000000000000 ) ) ;
#3147 = PRESENTATION_STYLE_ASSIGNMENT (( #3522 ) ) ;
#3148 = ORIENTED_EDGE ( 'NONE', *, *, #1374, .T. ) ;
#3149 = EDGE_CURVE ( 'NONE', #1023, #332, #2021, .T. ) ;
#3150 = EDGE_CURVE ( 'NONE', #3864, #1177, #1019, .T. ) ;
#3151 = ORIENTED_EDGE ( 'NONE', *, *, #503, .T. ) ;
#3152 = EDGE_LOOP ( 'NONE', ( #1130, #2570, #2155, #3096 ) ) ;
#3153 = DIRECTION ( 'NONE',  ( -1.000000000000000000, 0.000000000000000000, -2.780529094590343750E-15 ) ) ;
#3154 = CARTESIAN_POINT ( 'NONE',  ( 1.950038486792894575E-15, 0.05000000000000000278, -0.4299999999999993827 ) ) ;
#3155 = VERTEX_POINT ( 'NONE', #2326 ) ;
#3156 = AXIS2_PLACEMENT_3D ( 'NONE', #1550, #2878, #3170 ) ;
#3157 = EDGE_CURVE ( 'NONE', #3349, #3104, #3581, .T. ) ;
#3158 = ADVANCED_FACE ( 'NONE', ( #67 ), #362, .F. ) ;
#3159 = CARTESIAN_POINT ( 'NONE',  ( 2.390000000000002345, 0.2000000000000000111, -0.8399999999999924194 ) ) ;
#3160 = CARTESIAN_POINT ( 'NONE',  ( -2.390000000000008118, 0.2000000000000000111, 2.109999999999991438 ) ) ;
#3161 = AXIS2_PLACEMENT_3D ( 'NONE', #1002, #3205, #1651 ) ;
#3162 = VERTEX_POINT ( 'NONE', #2041 ) ;
#3163 = VECTOR ( 'NONE', #3031, 1000.000000000000000 ) ;
#3164 = ORIENTED_EDGE ( 'NONE', *, *, #2063, .F. ) ;
#3165 = LINE ( 'NONE', #4130, #1900 ) ;
#3166 = LINE ( 'NONE', #3203, #1647 ) ;
#3167 = AXIS2_PLACEMENT_3D ( 'NONE', #430, #1713, #116 ) ;
#3168 = CARTESIAN_POINT ( 'NONE',  ( 2.390000000000000124, 0.1999999999999999833, -0.8399999999999924194 ) ) ;
#3169 = VECTOR ( 'NONE', #2949, 1000.000000000000000 ) ;
#3170 = DIRECTION ( 'NONE',  ( 0.000000000000000000, 0.000000000000000000, 1.000000000000000000 ) ) ;
#3171 = FACE_OUTER_BOUND ( 'NONE', #3249, .T. ) ;
#3172 = VERTEX_POINT ( 'NONE', #1378 ) ;
#3173 = VECTOR ( 'NONE', #1626, 1000.000000000000000 ) ;
#3174 = EDGE_LOOP ( 'NONE', ( #267, #2178, #1990, #1838 ) ) ;
#3175 = ORIENTED_EDGE ( 'NONE', *, *, #3852, .T. ) ;
#3176 = UNCERTAINTY_MEASURE_WITH_UNIT (LENGTH_MEASURE( 1.000000000000000082E-05 ), #2125, 'distance_accuracy_value', 'NONE');
#3177 = VECTOR ( 'NONE', #2490, 1000.000000000000000 ) ;
#3178 = DIRECTION ( 'NONE',  ( 0.000000000000000000, -1.000000000000000000, 0.000000000000000000 ) ) ;
#3179 = VERTEX_POINT ( 'NONE', #1040 ) ;
#3180 = LINE ( 'NONE', #1346, #3895 ) ;
#3181 = ADVANCED_FACE ( 'NONE', ( #3307 ), #448, .T. ) ;
#3182 = DIRECTION ( 'NONE',  ( 0.000000000000000000, 0.000000000000000000, -1.000000000000000000 ) ) ;
#3183 = EDGE_LOOP ( 'NONE', ( #2136, #2258, #1421, #2887 ) ) ;
#3184 = EDGE_LOOP ( 'NONE', ( #3144, #549, #629, #286 ) ) ;
#3185 = PLANE ( 'NONE',  #2235 ) ;
#3186 = CARTESIAN_POINT ( 'NONE',  ( -1.000000000000000000, 0.2000000000000000111, -2.499999999999989342 ) ) ;
#3187 = DIRECTION ( 'NONE',  ( 3.846957460969528355E-15, 0.000000000000000000, -1.000000000000000000 ) ) ;
#3188 = DIRECTION ( 'NONE',  ( -0.000000000000000000, -1.000000000000000000, 0.000000000000000000 ) ) ;
#3189 = FACE_BOUND ( 'NONE', #3524, .T. ) ;
#3190 = SURFACE_STYLE_FILL_AREA ( #1927 ) ;
#3191 = VERTEX_POINT ( 'NONE', #1648 ) ;
#3192 = EDGE_LOOP ( 'NONE', ( #610, #528, #3847, #1933 ) ) ;
#3193 = ORIENTED_EDGE ( 'NONE', *, *, #1015, .T. ) ;
#3194 = FACE_OUTER_BOUND ( 'NONE', #3050, .T. ) ;
#3195 = VERTEX_POINT ( 'NONE', #2003 ) ;
#3196 = DIRECTION ( 'NONE',  ( 1.000000000000000000, 0.000000000000000000, 3.491481338843133355E-15 ) ) ;
#3197 = CARTESIAN_POINT ( 'NONE',  ( 2.999999999999984901, 3.002042352594308776E-17, 2.110000000000009646 ) ) ;
#3198 = ORIENTED_EDGE ( 'NONE', *, *, #1787, .T. ) ;
#3199 = ADVANCED_FACE ( 'NONE', ( #1686 ), #3600, .T. ) ;
#3200 = EDGE_CURVE ( 'NONE', #2486, #2865, #686, .T. ) ;
#3201 = VERTEX_POINT ( 'NONE', #1061 ) ;
#3202 = FACE_OUTER_BOUND ( 'NONE', #1603, .T. ) ;
#3203 = CARTESIAN_POINT ( 'NONE',  ( -3.000000000000009326, 11.01024967590665504, 2.499999999999990230 ) ) ;
#3204 = FACE_OUTER_BOUND ( 'NONE', #243, .T. ) ;
#3205 = DIRECTION ( 'NONE',  ( -1.000000000000000000, 0.000000000000000000, -2.433723121784104254E-15 ) ) ;
#3206 = DIRECTION ( 'NONE',  ( -0.000000000000000000, 0.000000000000000000, -1.000000000000000000 ) ) ;
#3207 = SURFACE_SIDE_STYLE ('',( #3478 ) ) ;
#3208 = VERTEX_POINT ( 'NONE', #3221 ) ;
#3209 = ORIENTED_EDGE ( 'NONE', *, *, #2436, .F. ) ;
#3210 = CARTESIAN_POINT ( 'NONE',  ( 2.999999999999991118, 0.05000000000000000278, 2.500000000000011102 ) ) ;
#3211 = LINE ( 'NONE', #1932, #17 ) ;
#3212 = ORIENTED_EDGE ( 'NONE', *, *, #34, .T. ) ;
#3213 = VECTOR ( 'NONE', #4040, 1000.000000000000000 ) ;
#3214 = DIRECTION ( 'NONE',  ( -2.433723121784104254E-15, 0.000000000000000000, 1.000000000000000000 ) ) ;
#3215 = ADVANCED_FACE ( 'NONE', ( #89 ), #3877, .T. ) ;
#3216 = PLANE ( 'NONE',  #2635 ) ;
#3217 = ORIENTED_EDGE ( 'NONE', *, *, #1604, .T. ) ;
#3218 = VECTOR ( 'NONE', #4057, 1000.000000000000000 ) ;
#3219 = DIRECTION ( 'NONE',  ( 0.000000000000000000, -1.000000000000000000, 0.000000000000000000 ) ) ;
#3220 = DIRECTION ( 'NONE',  ( -0.000000000000000000, -1.000000000000000000, 0.000000000000000000 ) ) ;
#3221 = CARTESIAN_POINT ( 'NONE',  ( -1.249999999999999778, 0.04999999999999999584, 2.159499999999999087 ) ) ;
#3222 = LINE ( 'NONE', #3840, #79 ) ;
#3223 = VECTOR ( 'NONE', #1118, 1000.000000000000000 ) ;
#3224 = CARTESIAN_POINT ( 'NONE',  ( -3.000000000000009326, 0.05000000000000000278, 2.499999999999990230 ) ) ;
#3225 = EDGE_CURVE ( 'NONE', #3494, #1122, #1396, .T. ) ;
#3226 = EDGE_CURVE ( 'NONE', #1739, #2200, #2650, .T. ) ;
#3227 = DIRECTION ( 'NONE',  ( 1.000000000000000000, 0.000000000000000000, 3.491481338843133750E-15 ) ) ;
#3228 = DIRECTION ( 'NONE',  ( 1.000000000000000000, 0.000000000000000000, 3.491481338843133355E-15 ) ) ;
#3229 = ORIENTED_EDGE ( 'NONE', *, *, #2720, .F. ) ;
#3230 = VECTOR ( 'NONE', #2006, 1000.000000000000000 ) ;
#3231 = ORIENTED_EDGE ( 'NONE', *, *, #1561, .F. ) ;
#3232 = VECTOR ( 'NONE', #2938, 1000.000000000000000 ) ;
#3233 = EDGE_LOOP ( 'NONE', ( #1892, #56, #2243, #1723 ) ) ;
#3234 = CARTESIAN_POINT ( 'NONE',  ( -2.362567907003926493, 1.600000000000000089, -1.825901045621835195 ) ) ;
#3235 = VECTOR ( 'NONE', #2287, 1000.000000000000000 ) ;
#3236 = VERTEX_POINT ( 'NONE', #3557 ) ;
#3237 = AXIS2_PLACEMENT_3D ( 'NONE', #2996, #2692, #3977 ) ;
#3238 = DIRECTION ( 'NONE',  ( 1.000000000000000000, -0.000000000000000000, -0.000000000000000000 ) ) ;
#3239 = CARTESIAN_POINT ( 'NONE',  ( -3.000000000000009326, 0.05000000000000000278, 2.499999999999990230 ) ) ;
#3240 = VECTOR ( 'NONE', #3749, 1000.000000000000000 ) ;
#3241 = CARTESIAN_POINT ( 'NONE',  ( -2.390000000000003233, 0.2000000000000000111, 0.8399999999999915312 ) ) ;
#3242 = DIRECTION ( 'NONE',  ( 0.000000000000000000, 0.000000000000000000, 1.000000000000000000 ) ) ;
#3243 = CARTESIAN_POINT ( 'NONE',  ( -2.362567907003926493, 1.600000000000000089, -1.517471814942471964 ) ) ;
#3244 = CARTESIAN_POINT ( 'NONE',  ( -2.390000000000007230, 0.2000000000000000111, 1.699999999999991518 ) ) ;
#3245 = LINE ( 'NONE', #3939, #3230 ) ;
#3246 = SURFACE_STYLE_FILL_AREA ( #2293 ) ;
#3247 = CARTESIAN_POINT ( 'NONE',  ( 3.000000000000000000, 0.9349829930005185696, -0.8399999999999903100 ) ) ;
#3248 = DIRECTION ( 'NONE',  ( 1.000000000000000000, 0.000000000000000000, 0.000000000000000000 ) ) ;
#3249 = EDGE_LOOP ( 'NONE', ( #2556, #3198, #1279, #90 ) ) ;
#3250 = EDGE_CURVE ( 'NONE', #311, #1786, #2590, .T. ) ;
#3251 = EDGE_CURVE ( 'NONE', #1152, #1560, #1190, .T. ) ;
#3252 = ORIENTED_EDGE ( 'NONE', *, *, #3770, .T. ) ;
#3253 = DIRECTION ( 'NONE',  ( 1.000000000000000000, 0.000000000000000000, 3.491481338843133750E-15 ) ) ;
#3254 = EDGE_LOOP ( 'NONE', ( #3850, #1781, #414, #2451 ) ) ;
#3255 = DIRECTION ( 'NONE',  ( 0.000000000000000000, -1.000000000000000000, 0.000000000000000000 ) ) ;
#3256 = DIRECTION ( 'NONE',  ( -0.000000000000000000, -0.000000000000000000, -1.000000000000000000 ) ) ;
#3257 = ORIENTED_EDGE ( 'NONE', *, *, #1328, .F. ) ;
#3258 = CARTESIAN_POINT ( 'NONE',  ( -3.000000000000000888, 0.1999999999999999833, -0.4300000000000108735 ) ) ;
#3259 = CARTESIAN_POINT ( 'NONE',  ( 1.577999999999999625, 0.04999999999999999584, 2.159500000000000419 ) ) ;
#3260 = DIRECTION ( 'NONE',  ( 1.000000000000000000, 0.000000000000000000, 3.491481338843133355E-15 ) ) ;
#3261 = DIRECTION ( 'NONE',  ( 2.433723121784104254E-15, 0.000000000000000000, -1.000000000000000000 ) ) ;
#3262 = LINE ( 'NONE', #363, #1764 ) ;
#3263 = PLANE ( 'NONE',  #3101 ) ;
#3264 = EDGE_CURVE ( 'NONE', #651, #338, #3711, .T. ) ;
#3265 = CARTESIAN_POINT ( 'NONE',  ( 2.389999999999997016, 0.05000000000000000278, 0.8400000000000074074 ) ) ;
#3266 = EDGE_LOOP ( 'NONE', ( #2832, #1363, #260, #851 ) ) ;
#3267 = VERTEX_POINT ( 'NONE', #469 ) ;
#3268 = DIRECTION ( 'NONE',  ( 1.000000000000000000, 0.000000000000000000, 3.491481338843133355E-15 ) ) ;
#3269 = EDGE_CURVE ( 'NONE', #914, #3669, #2145, .T. ) ;
#3270 = ORIENTED_EDGE ( 'NONE', *, *, #2605, .T. ) ;
#3271 = CARTESIAN_POINT ( 'NONE',  ( -2.390000000000008118, 0.2000000000000000111, 2.109999999999991438 ) ) ;
#3272 = EDGE_LOOP ( 'NONE', ( #182, #2520, #320, #3131 ) ) ;
#3273 = ADVANCED_FACE ( 'NONE', ( #1748 ), #2101, .T. ) ;
#3274 = EDGE_CURVE ( 'NONE', #566, #4117, #1504, .T. ) ;
#3275 = VERTEX_POINT ( 'NONE', #3374 ) ;
#3276 = VECTOR ( 'NONE', #3927, 1000.000000000000000 ) ;
#3277 = CARTESIAN_POINT ( 'NONE',  ( -2.389999999999998792, 0.04999999999999999584, -0.4300000000000084865 ) ) ;
#3278 = AXIS2_PLACEMENT_3D ( 'NONE', #530, #1807, #3068 ) ;
#3279 = PLANE ( 'NONE',  #2905 ) ;
#3280 = DIRECTION ( 'NONE',  ( 1.000000000000000000, 0.000000000000000000, 3.491481338843133355E-15 ) ) ;
#3281 = ORIENTED_EDGE ( 'NONE', *, *, #1914, .T. ) ;
#3282 = LINE ( 'NONE', #1355, #3357 ) ;
#3283 = FACE_OUTER_BOUND ( 'NONE', #3424, .T. ) ;
#3284 = LINE ( 'NONE', #1125, #1782 ) ;
#3285 = VECTOR ( 'NONE', #2406, 1000.000000000000000 ) ;
#3286 = VECTOR ( 'NONE', #138, 1000.000000000000000 ) ;
#3287 = DIRECTION ( 'NONE',  ( -0.000000000000000000, -1.000000000000000000, 0.000000000000000000 ) ) ;
#3288 = EDGE_LOOP ( 'NONE', ( #188, #825, #428, #2445 ) ) ;
#3289 = ORIENTED_EDGE ( 'NONE', *, *, #2582, .T. ) ;
#3290 = VECTOR ( 'NONE', #65, 1000.000000000000000 ) ;
#3291 = LINE ( 'NONE', #435, #4024 ) ;
#3292 = CARTESIAN_POINT ( 'NONE',  ( 2.389999999999988134, 0.05000000000000000971, 3.810000000000005826 ) ) ;
#3293 = VECTOR ( 'NONE', #1478, 1000.000000000000000 ) ;
#3294 = EDGE_LOOP ( 'NONE', ( #1324, #2238, #4069, #1215 ) ) ;
#3295 = MECHANICAL_DESIGN_GEOMETRIC_PRESENTATION_REPRESENTATION (  '', ( #4106 ), #236 ) ;
#3296 = ORIENTED_EDGE ( 'NONE', *, *, #85, .F. ) ;
#3297 = CARTESIAN_POINT ( 'NONE',  ( -3.000000000000000000, 0.9349829930005185696, -0.8400000000000101830 ) ) ;
#3298 = AXIS2_PLACEMENT_3D ( 'NONE', #2254, #1317, #4111 ) ;
#3299 = DIRECTION ( 'NONE',  ( -1.000000000000000000, 0.000000000000000000, -2.433723121784104254E-15 ) ) ;
#3300 = PLANE ( 'NONE',  #1038 ) ;
#3301 = AXIS2_PLACEMENT_3D ( 'NONE', #840, #2749, #818 ) ;
#3302 = EDGE_CURVE ( 'NONE', #2712, #1205, #2434, .T. ) ;
#3303 = EDGE_CURVE ( 'NONE', #1023, #3787, #2449, .T. ) ;
#3304 = FACE_OUTER_BOUND ( 'NONE', #980, .T. ) ;
#3305 = LINE ( 'NONE', #1376, #3975 ) ;
#3306 = AXIS2_PLACEMENT_3D ( 'NONE', #1224, #3395, #1161 ) ;
#3307 = FACE_OUTER_BOUND ( 'NONE', #2717, .T. ) ;
#3308 = EDGE_LOOP ( 'NONE', ( #2656, #3823, #2199, #1937 ) ) ;
#3309 = DIRECTION ( 'NONE',  ( 0.000000000000000000, 0.000000000000000000, -1.000000000000000000 ) ) ;
#3310 = PLANE ( 'NONE',  #573 ) ;
#3311 = PLANE ( 'NONE',  #4050 ) ;
#3312 = DIRECTION ( 'NONE',  ( -1.000000000000000000, 0.000000000000000000, -3.846957460969528355E-15 ) ) ;
#3313 = ORIENTED_EDGE ( 'NONE', *, *, #1483, .T. ) ;
#3314 = CARTESIAN_POINT ( 'NONE',  ( 2.389999999999997016, 0.2000000000000000111, 0.8400000000000074074 ) ) ;
#3315 = CARTESIAN_POINT ( 'NONE',  ( -2.362567907003926493, 1.500000000000000000, -1.517471814942471964 ) ) ;
#3316 = ORIENTED_EDGE ( 'NONE', *, *, #3143, .F. ) ;
#3317 = DIRECTION ( 'NONE',  ( 0.000000000000000000, 0.000000000000000000, -1.000000000000000000 ) ) ;
#3318 = ORIENTED_EDGE ( 'NONE', *, *, #1219, .T. ) ;
#3319 = LINE ( 'NONE', #2091, #3037 ) ;
#3320 =( LENGTH_UNIT ( ) NAMED_UNIT ( * ) SI_UNIT ( .MILLI., .METRE. ) );
#3321 = VERTEX_POINT ( 'NONE', #2724 ) ;
#3322 = DIRECTION ( 'NONE',  ( 0.000000000000000000, -1.000000000000000000, 0.000000000000000000 ) ) ;
#3323 = CARTESIAN_POINT ( 'NONE',  ( -1.577999999999999625, 0.2000000000000000111, 2.159500000000000419 ) ) ;
#3324 = CARTESIAN_POINT ( 'NONE',  ( -1.250000000000000000, 0.2000000000000000111, -2.499999999999989786 ) ) ;
#3326 = ORIENTED_EDGE ( 'NONE', *, *, #4128, .T. ) ;
#3325 = ADVANCED_FACE ( 'NONE', ( #1799 ), #199, .F. ) ;
#3327 = EDGE_CURVE ( 'NONE', #1555, #749, #1465, .T. ) ;
#3328 = VERTEX_POINT ( 'NONE', #2654 ) ;
#3329 = CARTESIAN_POINT ( 'NONE',  ( -2.999999999999992895, 0.05000000000000000278, -2.500000000000010214 ) ) ;
#3330 = CARTESIAN_POINT ( 'NONE',  ( -2.999999999999993783, 0.2000000000000000111, -1.700000000000011058 ) ) ;
#3331 = CARTESIAN_POINT ( 'NONE',  ( -1.718750000000000666, 0.05000000000000000278, -1.718749999999999334 ) ) ;
#3332 = DIRECTION ( 'NONE',  ( 1.000000000000000000, 0.000000000000000000, 0.000000000000000000 ) ) ;
#3333 = ORIENTED_EDGE ( 'NONE', *, *, #3358, .F. ) ;
#3334 = FACE_OUTER_BOUND ( 'NONE', #3059, .T. ) ;
#3335 = CARTESIAN_POINT ( 'NONE',  ( -2.390000000000008118, 2.001361568396206159E-17, 0.8399999999999915312 ) ) ;
#3336 = ORIENTED_EDGE ( 'NONE', *, *, #638, .T. ) ;
#3337 = PLANE ( 'NONE',  #2032 ) ;
#3338 = ORIENTED_EDGE ( 'NONE', *, *, #4059, .T. ) ;
#3339 = UNCERTAINTY_MEASURE_WITH_UNIT (LENGTH_MEASURE( 1.000000000000000082E-05 ), #2273, 'distance_accuracy_value', 'NONE');
#3340 = CARTESIAN_POINT ( 'NONE',  ( -1.249999999999999778, 0.04999999999999999584, -2.159499999999999087 ) ) ;
#3341 = FILL_AREA_STYLE ('',( #2074 ) ) ;
#3342 = ORIENTED_EDGE ( 'NONE', *, *, #1142, .F. ) ;
#3343 = LINE ( 'NONE', #1206, #432 ) ;
#3344 = DIRECTION ( 'NONE',  ( -3.318008991245452646E-15, 0.000000000000000000, 1.000000000000000000 ) ) ;
#3345 = EDGE_CURVE ( 'NONE', #566, #1878, #1065, .T. ) ;
#3346 = FACE_OUTER_BOUND ( 'NONE', #2275, .T. ) ;
#3347 = SURFACE_SIDE_STYLE ('',( #2078 ) ) ;
#3348 = DIRECTION ( 'NONE',  ( 0.000000000000000000, -1.000000000000000000, 0.000000000000000000 ) ) ;
#3349 = VERTEX_POINT ( 'NONE', #1690 ) ;
#3350 = VECTOR ( 'NONE', #3785, 1000.000000000000000 ) ;
#3351 = CARTESIAN_POINT ( 'NONE',  ( -1.578000000000000291, 0.2000000000000000111, -1.859500000000000153 ) ) ;
#3352 = DIRECTION ( 'NONE',  ( 1.000000000000000000, 0.000000000000000000, 3.491481338843133750E-15 ) ) ;
#3353 = LINE ( 'NONE', #2674, #4110 ) ;
#3354 = LINE ( 'NONE', #1489, #2627 ) ;
#3355 = ORIENTED_EDGE ( 'NONE', *, *, #1070, .T. ) ;
#3356 = DIRECTION ( 'NONE',  ( 2.433723121784102677E-15, 0.000000000000000000, -1.000000000000000000 ) ) ;
#3357 = VECTOR ( 'NONE', #3861, 1000.000000000000000 ) ;
#3358 = EDGE_CURVE ( 'NONE', #715, #2914, #3605, .T. ) ;
#3359 = EDGE_CURVE ( 'NONE', #3730, #863, #1103, .T. ) ;
#3360 = CARTESIAN_POINT ( 'NONE',  ( -2.390000000000008118, 0.9349829930005185696, 0.8399999999999915312 ) ) ;
#3361 = ORIENTED_EDGE ( 'NONE', *, *, #1235, .F. ) ;
#3362 = AXIS2_PLACEMENT_3D ( 'NONE', #2789, #4066, #4083 ) ;
#3363 = CARTESIAN_POINT ( 'NONE',  ( 2.999999999999985789, 0.2000000000000000111, 1.700000000000009726 ) ) ;
#3364 = VERTEX_POINT ( 'NONE', #1083 ) ;
#3365 = DIRECTION ( 'NONE',  ( 0.000000000000000000, 0.000000000000000000, -1.000000000000000000 ) ) ;
#3366 = AXIS2_PLACEMENT_3D ( 'NONE', #3390, #3206, #4038 ) ;
#3367 = CARTESIAN_POINT ( 'NONE',  ( 3.000000000000001332, 0.2000000000000000111, -0.4299999999999905009 ) ) ;
#3368 = DIRECTION ( 'NONE',  ( 0.000000000000000000, -1.000000000000000000, 0.000000000000000000 ) ) ;
#3369 = VERTEX_POINT ( 'NONE', #4004 ) ;
#3370 = CARTESIAN_POINT ( 'NONE',  ( -2.113437816226393418E-14, 3.002042352594308776E-17, 3.810000000000000053 ) ) ;
#3371 = VECTOR ( 'NONE', #2718, 1000.000000000000000 ) ;
#3372 = DIRECTION ( 'NONE',  ( -1.000000000000000000, 0.000000000000000000, -6.368294698887134525E-16 ) ) ;
#3373 = DIRECTION ( 'NONE',  ( 0.000000000000000000, 0.000000000000000000, -1.000000000000000000 ) ) ;
#3374 = CARTESIAN_POINT ( 'NONE',  ( 3.000000000000000000, 1.000680784198103080E-17, -0.8399999999999903100 ) ) ;
#3375 = AXIS2_PLACEMENT_3D ( 'NONE', #3081, #219, #148 ) ;
#3376 = EDGE_LOOP ( 'NONE', ( #3361, #252, #305, #1908 ) ) ;
#3377 = DIRECTION ( 'NONE',  ( 1.000000000000000000, 0.000000000000000000, 3.491481338843133750E-15 ) ) ;
#3378 = CARTESIAN_POINT ( 'NONE',  ( 1.000000000000000000, 6.112726612993349740, 2.499999999999989342 ) ) ;
#3379 = AXIS2_PLACEMENT_3D ( 'NONE', #1685, #110, #1060 ) ;
#3380 = DIRECTION ( 'NONE',  ( 2.433723121784104254E-15, 0.000000000000000000, -1.000000000000000000 ) ) ;
#3381 = LINE ( 'NONE', #500, #509 ) ;
#3382 = AXIS2_PLACEMENT_3D ( 'NONE', #3119, #2805, #517 ) ;
#3383 = ORIENTED_EDGE ( 'NONE', *, *, #4104, .T. ) ;
#3384 = CARTESIAN_POINT ( 'NONE',  ( -3.000000000000007105, 0.9349829930005185696, 0.4299999999999898348 ) ) ;
#3385 = DIRECTION ( 'NONE',  ( -1.000000000000000000, 0.000000000000000000, -3.846957460969528355E-15 ) ) ;
#3386 = ORIENTED_EDGE ( 'NONE', *, *, #322, .T. ) ;
#3387 = ADVANCED_FACE ( 'NONE', ( #1147 ), #2408, .T. ) ;
#3388 = EDGE_CURVE ( 'NONE', #3672, #3705, #3284, .T. ) ;
#3389 = VERTEX_POINT ( 'NONE', #2067 ) ;
#3390 = CARTESIAN_POINT ( 'NONE',  ( 1.000000000000000000, 6.112726612993349740, -2.159499999999999531 ) ) ;
#3391 = CARTESIAN_POINT ( 'NONE',  ( 3.000000000000007994, 0.05000000000000000278, -2.499999999999989342 ) ) ;
#3392 = VERTEX_POINT ( 'NONE', #2701 ) ;
#3393 = DIRECTION ( 'NONE',  ( -0.000000000000000000, -1.000000000000000000, 0.000000000000000000 ) ) ;
#3394 = CARTESIAN_POINT ( 'NONE',  ( -2.390000000000008118, 2.001361568396206159E-17, 0.8399999999999915312 ) ) ;
#3395 = DIRECTION ( 'NONE',  ( 0.000000000000000000, -1.000000000000000000, 0.000000000000000000 ) ) ;
#3396 = ORIENTED_EDGE ( 'NONE', *, *, #221, .F. ) ;
#3397 = CARTESIAN_POINT ( 'NONE',  ( 2.389999999999992575, 2.001361568396206159E-17, 0.8400000000000074074 ) ) ;
#3398 = DIRECTION ( 'NONE',  ( 0.000000000000000000, 0.000000000000000000, -1.000000000000000000 ) ) ;
#3399 = DIRECTION ( 'NONE',  ( -0.7071067811865472397, 0.000000000000000000, 0.7071067811865479058 ) ) ;
#3400 = ORIENTED_EDGE ( 'NONE', *, *, #2382, .T. ) ;
#3401 = DIRECTION ( 'NONE',  ( 0.000000000000000000, -1.000000000000000000, 0.000000000000000000 ) ) ;
#3402 = PRODUCT_DEFINITION_SHAPE ( 'NONE', 'NONE',  #3573 ) ;
#3403 = EDGE_CURVE ( 'NONE', #3918, #2783, #2956, .T. ) ;
#3404 = DIRECTION ( 'NONE',  ( -6.368294698887134525E-16, 0.000000000000000000, -1.000000000000000000 ) ) ;
#3405 = EDGE_LOOP ( 'NONE', ( #122, #253, #2027, #1024 ) ) ;
#3406 = ORIENTED_EDGE ( 'NONE', *, *, #1348, .T. ) ;
#3407 = DIRECTION ( 'NONE',  ( 0.7071067811865472397, 0.000000000000000000, -0.7071067811865479058 ) ) ;
#3408 = VERTEX_POINT ( 'NONE', #133 ) ;
#3409 = LINE ( 'NONE', #1586, #2034 ) ;
#3410 = EDGE_CURVE ( 'NONE', #2778, #3646, #2389, .T. ) ;
#3411 = EDGE_CURVE ( 'NONE', #2159, #3730, #93, .T. ) ;
#3412 = DIRECTION ( 'NONE',  ( -1.000000000000000000, 0.000000000000000000, 6.368294698887134525E-16 ) ) ;
#3413 = DIRECTION ( 'NONE',  ( 0.000000000000000000, 0.000000000000000000, 1.000000000000000000 ) ) ;
#3414 = ORIENTED_EDGE ( 'NONE', *, *, #1705, .F. ) ;
#3415 = CARTESIAN_POINT ( 'NONE',  ( 2.389999999999993463, 0.2000000000000000111, 0.4300000000000076539 ) ) ;
#3416 = DIRECTION ( 'NONE',  ( -0.000000000000000000, -1.000000000000000000, -0.000000000000000000 ) ) ;
#3417 = CARTESIAN_POINT ( 'NONE',  ( 1.578000000000000513, 0.2000000000000000111, -2.159499999999999531 ) ) ;
#3418 = VECTOR ( 'NONE', #1721, 999.9999999999998863 ) ;
#3419 = ORIENTED_EDGE ( 'NONE', *, *, #1755, .F. ) ;
#3420 = LINE ( 'NONE', #3145, #4092 ) ;
#3421 = CARTESIAN_POINT ( 'NONE',  ( 3.000000000000007105, 0.1999999999999999833, -2.109999999999990550 ) ) ;
#3422 = VERTEX_POINT ( 'NONE', #473 ) ;
#3423 = EDGE_CURVE ( 'NONE', #3574, #3515, #3626, .T. ) ;
#3424 = EDGE_LOOP ( 'NONE', ( #2579, #222, #1995, #357 ) ) ;
#3425 = AXIS2_PLACEMENT_3D ( 'NONE', #2707, #3963, #546 ) ;
#3426 = ORIENTED_EDGE ( 'NONE', *, *, #1201, .T. ) ;
#3427 = UNCERTAINTY_MEASURE_WITH_UNIT (LENGTH_MEASURE( 1.000000000000000082E-05 ), #1074, 'distance_accuracy_value', 'NONE');
#3428 = CARTESIAN_POINT ( 'NONE',  ( -2.390000000000003233, 0.2000000000000000111, 0.8399999999999915312 ) ) ;
#3429 = DIRECTION ( 'NONE',  ( -2.891205793294680200E-15, 0.000000000000000000, -1.000000000000000000 ) ) ;
#3430 = ORIENTED_EDGE ( 'NONE', *, *, #1756, .F. ) ;
#3431 = VECTOR ( 'NONE', #1435, 1000.000000000000000 ) ;
#3432 = DIRECTION ( 'NONE',  ( 3.966593313971360706E-15, -0.000000000000000000, 1.000000000000000000 ) ) ;
#3433 = VECTOR ( 'NONE', #2388, 1000.000000000000000 ) ;
#3434 = ORIENTED_EDGE ( 'NONE', *, *, #778, .T. ) ;
#3435 = ADVANCED_FACE ( 'NONE', ( #2047 ), #3311, .F. ) ;
#3436 = STYLED_ITEM ( 'NONE', ( #2496 ), #2644 ) ;
#3437 = EDGE_CURVE ( 'NONE', #3803, #1717, #3353, .T. ) ;
#3438 = VERTEX_POINT ( 'NONE', #1778 ) ;
#3439 = DIRECTION ( 'NONE',  ( 1.000000000000000000, 0.000000000000000000, 2.780529094590343356E-15 ) ) ;
#3440 = CARTESIAN_POINT ( 'NONE',  ( 2.390000000000002345, 0.04999999999999999584, -0.8399999999999924194 ) ) ;
#3441 = VECTOR ( 'NONE', #2231, 1000.000000000000000 ) ;
#3442 = DIRECTION ( 'NONE',  ( -2.433723121784104254E-15, 0.000000000000000000, 1.000000000000000000 ) ) ;
#3443 = VECTOR ( 'NONE', #832, 1000.000000000000000 ) ;
#3444 = DIRECTION ( 'NONE',  ( 0.000000000000000000, -1.000000000000000000, 0.000000000000000000 ) ) ;
#3445 =( LENGTH_UNIT ( ) NAMED_UNIT ( * ) SI_UNIT ( .MILLI., .METRE. ) );
#3446 = ORIENTED_EDGE ( 'NONE', *, *, #2278, .T. ) ;
#3447 = ORIENTED_EDGE ( 'NONE', *, *, #1656, .F. ) ;
#3448 = ORIENTED_EDGE ( 'NONE', *, *, #758, .T. ) ;
#3449 = CARTESIAN_POINT ( 'NONE',  ( 2.390000000000006342, 0.2000000000000000111, -1.699999999999992850 ) ) ;
#3450 = ORIENTED_EDGE ( 'NONE', *, *, #3720, .T. ) ;
#3451 = LINE ( 'NONE', #3394, #2096 ) ;
#3452 = FACE_OUTER_BOUND ( 'NONE', #1050, .T. ) ;
#3453 = EDGE_CURVE ( 'NONE', #2500, #3422, #3001, .T. ) ;
#3454 = VERTEX_POINT ( 'NONE', #4054 ) ;
#3455 = VERTEX_POINT ( 'NONE', #2512 ) ;
#3456 = CYLINDRICAL_SURFACE ( 'NONE', #493, 0.3084292306793634530 ) ;
#3457 = LINE ( 'NONE', #202, #306 ) ;
#3458 = EDGE_CURVE ( 'NONE', #651, #2778, #4071, .T. ) ;
#3459 = EDGE_CURVE ( 'NONE', #1692, #1711, #1569, .T. ) ;
#3460 = LINE ( 'NONE', #2891, #3173 ) ;
#3461 = LINE ( 'NONE', #1259, #1160 ) ;
#3462 = CARTESIAN_POINT ( 'NONE',  ( -2.390000000000015223, 0.2000000000000000111, 2.109999999999991438 ) ) ;
#3463 = ADVANCED_FACE ( 'NONE', ( #563 ), #2453, .T. ) ;
#3464 = EDGE_CURVE ( 'NONE', #2464, #480, #3457, .T. ) ;
#3465 = FACE_OUTER_BOUND ( 'NONE', #1453, .T. ) ;
#3466 = ORIENTED_EDGE ( 'NONE', *, *, #3157, .F. ) ;
#3467 = ORIENTED_EDGE ( 'NONE', *, *, #3820, .F. ) ;
#3468 = CARTESIAN_POINT ( 'NONE',  ( 1.249999999999999778, 0.000000000000000000, -2.159499999999999087 ) ) ;
#3469 = ORIENTED_EDGE ( 'NONE', *, *, #4025, .T. ) ;
#3470 = DIRECTION ( 'NONE',  ( 2.433723121784104254E-15, 0.000000000000000000, -1.000000000000000000 ) ) ;
#3471 = EDGE_CURVE ( 'NONE', #3932, #39, #2794, .T. ) ;
#3472 = ORIENTED_EDGE ( 'NONE', *, *, #1630, .F. ) ;
#3473 = DIRECTION ( 'NONE',  ( -2.780529094590343356E-15, 0.000000000000000000, 1.000000000000000000 ) ) ;
#3474 = FACE_OUTER_BOUND ( 'NONE', #2599, .T. ) ;
#3475 = DIRECTION ( 'NONE',  ( -0.000000000000000000, -1.000000000000000000, -0.000000000000000000 ) ) ;
#3476 = CARTESIAN_POINT ( 'NONE',  ( 0.000000000000000000, 0.05000000000000000278, 2.159499999999999531 ) ) ;
#3477 = FACE_OUTER_BOUND ( 'NONE', #4061, .T. ) ;
#3478 = SURFACE_STYLE_FILL_AREA ( #1551 ) ;
#3479 = VECTOR ( 'NONE', #3639, 1000.000000000000000 ) ;
#3480 = VERTEX_POINT ( 'NONE', #2169 ) ;
#3481 = ADVANCED_FACE ( 'NONE', ( #224 ), #3778, .F. ) ;
#3482 = EDGE_CURVE ( 'NONE', #1565, #1634, #2128, .T. ) ;
#3483 = ORIENTED_EDGE ( 'NONE', *, *, #2813, .F. ) ;
#3484 = CARTESIAN_POINT ( 'NONE',  ( 2.390000000000000124, 1.000680784198103080E-17, -0.8399999999999924194 ) ) ;
#3485 = EDGE_LOOP ( 'NONE', ( #4136, #2998, #1084, #1179 ) ) ;
#3486 = AXIS2_PLACEMENT_3D ( 'NONE', #927, #3817, #1293 ) ;
#3487 = CARTESIAN_POINT ( 'NONE',  ( 1.577999999999999625, 0.2000000000000000111, 2.159500000000000419 ) ) ;
#3488 = CARTESIAN_POINT ( 'NONE',  ( -2.362567907003926493, 1.500000000000000000, -1.825901045621835195 ) ) ;
#3489 = VECTOR ( 'NONE', #3813, 1000.000000000000000 ) ;
#3490 = VECTOR ( 'NONE', #458, 1000.000000000000000 ) ;
#3491 = LINE ( 'NONE', #3549, #2309 ) ;
#3492 = EDGE_LOOP ( 'NONE', ( #456, #3396, #155, #1471 ) ) ;
#3493 = AXIS2_PLACEMENT_3D ( 'NONE', #1951, #1011, #2568 ) ;
#3494 = VERTEX_POINT ( 'NONE', #1880 ) ;
#3495 = PLANE ( 'NONE',  #630 ) ;
#3496 = CARTESIAN_POINT ( 'NONE',  ( -1.000000000000000000, 0.1999999999999996503, 2.499999999999989342 ) ) ;
#3497 = VECTOR ( 'NONE', #944, 1000.000000000000000 ) ;
#3498 = PLANE ( 'NONE',  #1585 ) ;
#3499 = VECTOR ( 'NONE', #274, 1000.000000000000000 ) ;
#3500 = CARTESIAN_POINT ( 'NONE',  ( -2.362567907003926493, 1.600000000000000089, -1.825901045621835195 ) ) ;
#3501 = DIRECTION ( 'NONE',  ( 0.000000000000000000, -1.000000000000000000, 0.000000000000000000 ) ) ;
#3502 = VECTOR ( 'NONE', #1211, 1000.000000000000000 ) ;
#3503 = ORIENTED_EDGE ( 'NONE', *, *, #3149, .T. ) ;
#3504 = VECTOR ( 'NONE', #498, 999.9999999999998863 ) ;
#3505 = VERTEX_POINT ( 'NONE', #924 ) ;
#3506 = EDGE_LOOP ( 'NONE', ( #2929, #1112, #2331, #4120 ) ) ;
#3507 = AXIS2_PLACEMENT_3D ( 'NONE', #938, #1167, #1547 ) ;
#3508 = CARTESIAN_POINT ( 'NONE',  ( 2.390000000000006342, 0.1999999999999999833, -1.699999999999992850 ) ) ;
#3509 = EDGE_CURVE ( 'NONE', #2208, #1105, #1802, .T. ) ;
#3510 = EDGE_CURVE ( 'NONE', #1819, #3944, #1845, .T. ) ;
#3511 = EDGE_LOOP ( 'NONE', ( #1960, #392, #1677, #2084 ) ) ;
#3512 = VECTOR ( 'NONE', #3182, 1000.000000000000000 ) ;
#3513 = LINE ( 'NONE', #15, #1438 ) ;
#3514 = CARTESIAN_POINT ( 'NONE',  ( -2.389999999999993907, 0.1999999999999999833, -1.700000000000008615 ) ) ;
#3515 = VERTEX_POINT ( 'NONE', #3737 ) ;
#3516 = LINE ( 'NONE', #1940, #908 ) ;
#3517 = DIRECTION ( 'NONE',  ( 3.097720492815652125E-14, 0.000000000000000000, -1.000000000000000000 ) ) ;
#3518 = DIRECTION ( 'NONE',  ( -1.000000000000000000, 0.000000000000000000, 1.322197771323783418E-15 ) ) ;
#3519 = ORIENTED_EDGE ( 'NONE', *, *, #1992, .F. ) ;
#3520 = DIRECTION ( 'NONE',  ( -2.780529094590343356E-15, 0.000000000000000000, 1.000000000000000000 ) ) ;
#3521 = DIRECTION ( 'NONE',  ( 0.000000000000000000, 1.000000000000000000, 0.000000000000000000 ) ) ;
#3522 = SURFACE_STYLE_USAGE ( .BOTH. , #2880 ) ;
#3523 = VERTEX_POINT ( 'NONE', #245 ) ;
#3524 = EDGE_LOOP ( 'NONE', ( #409, #716 ) ) ;
#3525 = VERTEX_POINT ( 'NONE', #1230 ) ;
#3526 = EDGE_CURVE ( 'NONE', #989, #1023, #1509, .T. ) ;
#3527 = LINE ( 'NONE', #2563, #1154 ) ;
#3528 = DIRECTION ( 'NONE',  ( -3.318008991245452646E-15, 0.000000000000000000, 1.000000000000000000 ) ) ;
#3529 = ORIENTED_EDGE ( 'NONE', *, *, #1253, .T. ) ;
#3530 = DIRECTION ( 'NONE',  ( 0.000000000000000000, -0.000000000000000000, 1.000000000000000000 ) ) ;
#3531 = DIRECTION ( 'NONE',  ( -0.000000000000000000, -0.000000000000000000, 1.000000000000000000 ) ) ;
#3532 = VERTEX_POINT ( 'NONE', #3106 ) ;
#3533 = EDGE_CURVE ( 'NONE', #1606, #1950, #4023, .T. ) ;
#3534 = ADVANCED_FACE ( 'NONE', ( #3796 ), #1823, .T. ) ;
#3535 = DIRECTION ( 'NONE',  ( 0.000000000000000000, -1.000000000000000000, 0.000000000000000000 ) ) ;
#3536 = LINE ( 'NONE', #2932, #920 ) ;
#3537 = DIRECTION ( 'NONE',  ( 3.846957460969528355E-15, 0.000000000000000000, -1.000000000000000000 ) ) ;
#3538 = ORIENTED_EDGE ( 'NONE', *, *, #4059, .F. ) ;
#3539 = CARTESIAN_POINT ( 'NONE',  ( 1.250000000000000000, 0.2000000000000000111, 2.499999999999989786 ) ) ;
#3540 = DIRECTION ( 'NONE',  ( -0.000000000000000000, -1.000000000000000000, -0.000000000000000000 ) ) ;
#3541 = CARTESIAN_POINT ( 'NONE',  ( 2.390000000000001457, 0.2000000000000000111, -0.4299999999999926659 ) ) ;
#3542 = EDGE_LOOP ( 'NONE', ( #3723, #2475, #1286, #2848 ) ) ;
#3543 = ORIENTED_EDGE ( 'NONE', *, *, #2991, .F. ) ;
#3544 = PLANE ( 'NONE',  #2750 ) ;
#3545 = VERTEX_POINT ( 'NONE', #3440 ) ;
#3546 = STYLED_ITEM ( 'NONE', ( #3147 ), #2626 ) ;
#3547 = CARTESIAN_POINT ( 'NONE',  ( -2.389999999999993463, 0.2000000000000000111, -2.110000000000008757 ) ) ;
#3548 = VECTOR ( 'NONE', #3401, 1000.000000000000000 ) ;
#3549 = CARTESIAN_POINT ( 'NONE',  ( 1.578000000000000069, 0.05000000000000000278, 3.169013249700627190E-16 ) ) ;
#3550 = ORIENTED_EDGE ( 'NONE', *, *, #2195, .T. ) ;
#3551 = LINE ( 'NONE', #1371, #1910 ) ;
#3552 = VECTOR ( 'NONE', #3795, 1000.000000000000000 ) ;
#3553 = LINE ( 'NONE', #982, #358 ) ;
#3554 = CARTESIAN_POINT ( 'NONE',  ( 1.577999999999999625, 0.000000000000000000, 2.159500000000000419 ) ) ;
#3555 = AXIS2_PLACEMENT_3D ( 'NONE', #1954, #2628, #324 ) ;
#3556 = ADVANCED_FACE ( 'NONE', ( #585 ), #262, .T. ) ;
#3557 = CARTESIAN_POINT ( 'NONE',  ( 2.390000000000001457, 0.04999999999999999584, -0.4299999999999926659 ) ) ;
#3558 = EDGE_CURVE ( 'NONE', #2221, #1486, #2210, .T. ) ;
#3559 = ORIENTED_EDGE ( 'NONE', *, *, #2714, .F. ) ;
#3560 = LINE ( 'NONE', #344, #3025 ) ;
#3561 = VECTOR ( 'NONE', #720, 1000.000000000000000 ) ;
#3562 = DIRECTION ( 'NONE',  ( 2.433723121784104254E-15, 0.000000000000000000, -1.000000000000000000 ) ) ;
#3563 = LINE ( 'NONE', #747, #913 ) ;
#3564 = ORIENTED_EDGE ( 'NONE', *, *, #1604, .F. ) ;
#3565 = VECTOR ( 'NONE', #1431, 1000.000000000000000 ) ;
#3566 = ORIENTED_EDGE ( 'NONE', *, *, #2013, .F. ) ;
#3567 = VERTEX_POINT ( 'NONE', #1257 ) ;
#3568 = CARTESIAN_POINT ( 'NONE',  ( -1.577999999999999625, 0.2000000000000000111, 2.159500000000000419 ) ) ;
#3569 = VECTOR ( 'NONE', #1839, 1000.000000000000000 ) ;
#3570 = VERTEX_POINT ( 'NONE', #2192 ) ;
#3571 = VECTOR ( 'NONE', #3398, 1000.000000000000000 ) ;
#3572 = DIRECTION ( 'NONE',  ( -0.000000000000000000, -1.000000000000000000, -0.000000000000000000 ) ) ;
#3573 = PRODUCT_DEFINITION ( 'UNKNOWN', '', #1983, #852 ) ;
#3574 = VERTEX_POINT ( 'NONE', #3141 ) ;
#3575 = STYLED_ITEM ( 'NONE', ( #1094 ), #4028 ) ;
#3576 = LINE ( 'NONE', #3258, #3169 ) ;
#3577 = CARTESIAN_POINT ( 'NONE',  ( -2.839999999999998970, 0.04999999999999999584, -0.8400000000000097389 ) ) ;
#3578 = EDGE_CURVE ( 'NONE', #2830, #3392, #1980, .T. ) ;
#3579 = DIRECTION ( 'NONE',  ( 0.000000000000000000, 0.000000000000000000, -1.000000000000000000 ) ) ;
#3580 = ORIENTED_EDGE ( 'NONE', *, *, #269, .F. ) ;
#3581 = LINE ( 'NONE', #2933, #3842 ) ;
#3582 = VERTEX_POINT ( 'NONE', #1941 ) ;
#3583 = CARTESIAN_POINT ( 'NONE',  ( -1.577999999999999625, 0.2000000000000000111, 2.159500000000000419 ) ) ;
#3584 = EDGE_CURVE ( 'NONE', #3162, #31, #1273, .T. ) ;
#3585 = CARTESIAN_POINT ( 'NONE',  ( 1.250000000000000000, 0.1999999999999996503, -2.499999999999989786 ) ) ;
#3586 = EDGE_CURVE ( 'NONE', #3523, #719, #1018, .T. ) ;
#3587 = DIRECTION ( 'NONE',  ( 0.000000000000000000, 0.000000000000000000, 1.000000000000000000 ) ) ;
#3588 = ORIENTED_EDGE ( 'NONE', *, *, #4076, .F. ) ;
#3589 = EDGE_LOOP ( 'NONE', ( #3559, #76, #300, #2826, #3641, #1720, #139, #10, #3650, #1427, #1208, #3860, #1327, #997, #2415, #3822, #3613, #385, #955, #1323, #3229 ) ) ;
#3590 = ADVANCED_FACE ( 'NONE', ( #648 ), #4131, .T. ) ;
#3591 = ADVANCED_FACE ( 'NONE', ( #983 ), #668, .F. ) ;
#3592 = FACE_OUTER_BOUND ( 'NONE', #1673, .T. ) ;
#3593 = ORIENTED_EDGE ( 'NONE', *, *, #2117, .F. ) ;
#3594 = VERTEX_POINT ( 'NONE', #2253 ) ;
#3595 = PRESENTATION_STYLE_ASSIGNMENT (( #2946 ) ) ;
#3596 = ORIENTED_EDGE ( 'NONE', *, *, #1116, .F. ) ;
#3597 = LINE ( 'NONE', #1702, #3903 ) ;
#3598 = PLANE ( 'NONE',  #4035 ) ;
#3599 = CARTESIAN_POINT ( 'NONE',  ( 1.578000000000000513, 0.000000000000000000, -2.159499999999999531 ) ) ;
#3600 = PLANE ( 'NONE',  #1181 ) ;
#3601 = EDGE_CURVE ( 'NONE', #3929, #477, #1353, .T. ) ;
#3602 = EDGE_LOOP ( 'NONE', ( #1854, #3825, #1306, #1576 ) ) ;
#3603 = DIRECTION ( 'NONE',  ( -0.000000000000000000, -1.000000000000000000, -0.000000000000000000 ) ) ;
#3604 = PLANE ( 'NONE',  #2298 ) ;
#3605 = LINE ( 'NONE', #117, #1644 ) ;
#3606 = ORIENTED_EDGE ( 'NONE', *, *, #3388, .F. ) ;
#3607 = ORIENTED_EDGE ( 'NONE', *, *, #2161, .F. ) ;
#3608 = DIRECTION ( 'NONE',  ( 1.618614838246585458E-16, 0.000000000000000000, 1.000000000000000000 ) ) ;
#3609 = LINE ( 'NONE', #375, #3276 ) ;
#3610 = ORIENTED_EDGE ( 'NONE', *, *, #1979, .T. ) ;
#3611 = EDGE_CURVE ( 'NONE', #1392, #691, #3166, .T. ) ;
#3612 = ADVANCED_FACE ( 'NONE', ( #3474 ), #3835, .T. ) ;
#3613 = ORIENTED_EDGE ( 'NONE', *, *, #711, .F. ) ;
#3614 =( LENGTH_UNIT ( ) NAMED_UNIT ( * ) SI_UNIT ( .MILLI., .METRE. ) );
#3615 = ORIENTED_EDGE ( 'NONE', *, *, #2303, .F. ) ;
#3616 = VECTOR ( 'NONE', #3153, 1000.000000000000000 ) ;
#3617 = CARTESIAN_POINT ( 'NONE',  ( -2.390000000000008118, 2.001361568396206159E-17, 0.8399999999999915312 ) ) ;
#3618 = CARTESIAN_POINT ( 'NONE',  ( -2.390000000000014335, 3.002042352594308776E-17, 1.699999999999991518 ) ) ;
#3619 = COLOUR_RGB ( '',0.7921568627450980005, 0.8196078431372548767, 0.9333333333333333481 ) ;
#3620 = CARTESIAN_POINT ( 'NONE',  ( -1.278000000000000469, 0.2000000000000000111, -2.159499999999999975 ) ) ;
#3621 = DIRECTION ( 'NONE',  ( 0.000000000000000000, 1.000000000000000000, 0.000000000000000000 ) ) ;
#3622 = VECTOR ( 'NONE', #2085, 1000.000000000000000 ) ;
#3623 = ORIENTED_EDGE ( 'NONE', *, *, #1201, .F. ) ;
#3624 = FACE_OUTER_BOUND ( 'NONE', #2810, .T. ) ;
#3625 = CARTESIAN_POINT ( 'NONE',  ( -2.389999999999998792, 0.000000000000000000, -0.4300000000000084865 ) ) ;
#3626 = LINE ( 'NONE', #3667, #3779 ) ;
#3627 = VECTOR ( 'NONE', #1111, 1000.000000000000000 ) ;
#3628 = EDGE_LOOP ( 'NONE', ( #3856, #2740, #3679, #1262 ) ) ;
#3629 = VECTOR ( 'NONE', #521, 1000.000000000000000 ) ;
#3630 = VERTEX_POINT ( 'NONE', #3496 ) ;
#3631 = DIRECTION ( 'NONE',  ( 2.433723121784104254E-15, 0.000000000000000000, -1.000000000000000000 ) ) ;
#3632 = VECTOR ( 'NONE', #534, 1000.000000000000000 ) ;
#3633 = ORIENTED_EDGE ( 'NONE', *, *, #3996, .F. ) ;
#3634 = AXIS2_PLACEMENT_3D ( 'NONE', #407, #1716, #1384 ) ;
#3635 = EDGE_LOOP ( 'NONE', ( #2587, #26 ) ) ;
#3636 = ADVANCED_FACE ( 'NONE', ( #1956 ), #999, .T. ) ;
#3637 = AXIS2_PLACEMENT_3D ( 'NONE', #2470, #3332, #1126 ) ;
#3638 = EDGE_CURVE ( 'NONE', #1878, #3574, #1625, .T. ) ;
#3639 = DIRECTION ( 'NONE',  ( 1.000000000000000000, 0.000000000000000000, 2.780529094590343356E-15 ) ) ;
#3640 = DIRECTION ( 'NONE',  ( -1.000000000000000000, 0.000000000000000000, -2.433723121784104254E-15 ) ) ;
#3641 = ORIENTED_EDGE ( 'NONE', *, *, #945, .F. ) ;
#3642 = VECTOR ( 'NONE', #884, 1000.000000000000000 ) ;
#3643 = CARTESIAN_POINT ( 'NONE',  ( 1.000000000000000000, 0.1999999999999996503, 2.499999999999989342 ) ) ;
#3644 = LINE ( 'NONE', #2040, #714 ) ;
#3645 = COLOUR_RGB ( '',0.7921568627450980005, 0.8196078431372548767, 0.9333333333333333481 ) ;
#3646 = VERTEX_POINT ( 'NONE', #1665 ) ;
#3647 = LINE ( 'NONE', #3351, #3766 ) ;
#3648 = CARTESIAN_POINT ( 'NONE',  ( 3.000000000000006217, 0.2000000000000000111, -1.699999999999990630 ) ) ;
#3649 = DIRECTION ( 'NONE',  ( 1.000000000000000000, 0.000000000000000000, 3.491481338843133750E-15 ) ) ;
#3650 = ORIENTED_EDGE ( 'NONE', *, *, #3359, .T. ) ;
#3651 = CARTESIAN_POINT ( 'NONE',  ( -2.390000000000008118, 0.2000000000000000111, 0.8399999999999915312 ) ) ;
#3652 = DIRECTION ( 'NONE',  ( 1.000000000000000000, 0.000000000000000000, 3.491481338843133355E-15 ) ) ;
#3653 = EDGE_LOOP ( 'NONE', ( #1137, #2071, #935, #3816 ) ) ;
#3654 = EDGE_CURVE ( 'NONE', #2914, #2095, #703, .T. ) ;
#3655 = EDGE_LOOP ( 'NONE', ( #1342, #1360, #3764, #730 ) ) ;
#3656 = DIRECTION ( 'NONE',  ( 1.000000000000000000, 0.000000000000000000, -3.966593313971360706E-15 ) ) ;
#3657 = DIRECTION ( 'NONE',  ( 0.000000000000000000, -1.000000000000000000, 0.000000000000000000 ) ) ;
#3658 = ORIENTED_EDGE ( 'NONE', *, *, #1284, .T. ) ;
#3659 = CARTESIAN_POINT ( 'NONE',  ( -1.000000000000000000, 0.04999999999999969746, 2.499999999999989342 ) ) ;
#3660 = CARTESIAN_POINT ( 'NONE',  ( 1.250000000000000000, 0.2000000000000000111, -2.499999999999989786 ) ) ;
#3661 = DIRECTION ( 'NONE',  ( 0.000000000000000000, -1.000000000000000000, 0.000000000000000000 ) ) ;
#3662 = EDGE_CURVE ( 'NONE', #3937, #909, #2890, .T. ) ;
#3663 = EDGE_CURVE ( 'NONE', #551, #3115, #360, .T. ) ;
#3664 = EDGE_LOOP ( 'NONE', ( #2621, #508, #2625, #2427 ) ) ;
#3665 = CARTESIAN_POINT ( 'NONE',  ( -2.390000000000014335, 0.9349829930005185696, 1.699999999999991518 ) ) ;
#3666 = DIRECTION ( 'NONE',  ( -1.000000000000000000, 0.000000000000000000, -3.491481338843133355E-15 ) ) ;
#3667 = CARTESIAN_POINT ( 'NONE',  ( 2.999999999999991118, 0.05000000000000000278, 2.500000000000011102 ) ) ;
#3668 = CARTESIAN_POINT ( 'NONE',  ( -1.000000000000000000, 0.1999999999999996503, -2.499999999999989342 ) ) ;
#3669 = VERTEX_POINT ( 'NONE', #3554 ) ;
#3670 = CARTESIAN_POINT ( 'NONE',  ( -3.000000000000007994, 0.9349829930005185696, 0.8399999999999891998 ) ) ;
#3671 = LINE ( 'NONE', #1885, #3088 ) ;
#3672 = VERTEX_POINT ( 'NONE', #2874 ) ;
#3673 = DIRECTION ( 'NONE',  ( 3.491481338843133355E-15, 0.000000000000000000, -1.000000000000000000 ) ) ;
#3674 = ORIENTED_EDGE ( 'NONE', *, *, #1816, .T. ) ;
#3675 = CARTESIAN_POINT ( 'NONE',  ( -1.000000000000000000, 0.2000000000000000111, -2.499999999999989342 ) ) ;
#3676 = CARTESIAN_POINT ( 'NONE',  ( 1.249999999999999778, 0.2000000000000000111, 2.159499999999999087 ) ) ;
#3677 = EDGE_CURVE ( 'NONE', #3505, #315, #23, .T. ) ;
#3678 =( NAMED_UNIT ( * ) PLANE_ANGLE_UNIT ( ) SI_UNIT ( $, .RADIAN. ) );
#3679 = ORIENTED_EDGE ( 'NONE', *, *, #2925, .F. ) ;
#3680 = CARTESIAN_POINT ( 'NONE',  ( -1.250000000000000000, 6.112726612993349740, -2.499999999999989786 ) ) ;
#3681 = CARTESIAN_POINT ( 'NONE',  ( 2.390000000000007230, 0.2000000000000000111, -2.109999999999992326 ) ) ;
#3682 = LINE ( 'NONE', #1818, #3443 ) ;
#3683 = DIRECTION ( 'NONE',  ( -2.433723121784102677E-15, 0.000000000000000000, 1.000000000000000000 ) ) ;
#3684 = ORIENTED_EDGE ( 'NONE', *, *, #817, .T. ) ;
#3685 = COLOUR_RGB ( '',0.7921568627450980005, 0.8196078431372548767, 0.9333333333333333481 ) ;
#3686 = CARTESIAN_POINT ( 'NONE',  ( -2.362567907003926493, 1.500000000000000000, -1.517471814942471964 ) ) ;
#3687 = PLANE ( 'NONE',  #502 ) ;
#3688 = DIRECTION ( 'NONE',  ( 1.000000000000000000, 0.000000000000000000, 3.491481338843133355E-15 ) ) ;
#3689 = EDGE_CURVE ( 'NONE', #1066, #3523, #620, .T. ) ;
#3690 = EDGE_CURVE ( 'NONE', #1560, #1614, #3536, .T. ) ;
#3691 = AXIS2_PLACEMENT_3D ( 'NONE', #3500, #2197, #1883 ) ;
#3692 = DIRECTION ( 'NONE',  ( -0.000000000000000000, -1.000000000000000000, 0.000000000000000000 ) ) ;
#3693 = EDGE_LOOP ( 'NONE', ( #4094, #3727, #2122, #3762 ) ) ;
#3694 = DIRECTION ( 'NONE',  ( 0.000000000000000000, -1.000000000000000000, 0.000000000000000000 ) ) ;
#3695 = VECTOR ( 'NONE', #727, 1000.000000000000000 ) ;
#3696 = VECTOR ( 'NONE', #271, 1000.000000000000000 ) ;
#3697 = LINE ( 'NONE', #251, #413 ) ;
#3698 = VERTEX_POINT ( 'NONE', #1336 ) ;
#3699 = STYLED_ITEM ( 'NONE', ( #1742 ), #1274 ) ;
#3700 = CARTESIAN_POINT ( 'NONE',  ( -2.839999999999998970, 0.2000000000000000944, -0.4300000000000085976 ) ) ;
#3701 = EDGE_LOOP ( 'NONE', ( #2764, #2251, #1311, #391 ) ) ;
#3702 = PLANE ( 'NONE',  #3366 ) ;
#3703 = VECTOR ( 'NONE', #3983, 1000.000000000000000 ) ;
#3704 = PLANE ( 'NONE',  #3951 ) ;
#3705 = VERTEX_POINT ( 'NONE', #2589 ) ;
#3706 = CARTESIAN_POINT ( 'NONE',  ( 2.390000000000002345, 0.2000000000000000111, -0.8399999999999924194 ) ) ;
#3707 = AXIS2_PLACEMENT_3D ( 'NONE', #3487, #4101, #660 ) ;
#3708 = STYLED_ITEM ( 'NONE', ( #2723 ), #2698 ) ;
#3709 = LINE ( 'NONE', #1706, #3431 ) ;
#3710 = LINE ( 'NONE', #2485, #3848 ) ;
#3711 = LINE ( 'NONE', #492, #2368 ) ;
#3712 = VECTOR ( 'NONE', #603, 1000.000000000000000 ) ;
#3713 = EDGE_CURVE ( 'NONE', #3833, #31, #3012, .T. ) ;
#3714 = ORIENTED_EDGE ( 'NONE', *, *, #2528, .T. ) ;
#3715 = CARTESIAN_POINT ( 'NONE',  ( 1.577999999999999625, 0.2000000000000000111, 2.159500000000000419 ) ) ;
#3716 = VECTOR ( 'NONE', #3416, 1000.000000000000000 ) ;
#3717 = CARTESIAN_POINT ( 'NONE',  ( 1.000000000000000000, 6.112726612993349740, 2.159499999999999531 ) ) ;
#3718 = FACE_OUTER_BOUND ( 'NONE', #3941, .T. ) ;
#3719 = EDGE_LOOP ( 'NONE', ( #592, #700, #3472, #256 ) ) ;
#3720 = EDGE_CURVE ( 'NONE', #753, #1507, #3954, .T. ) ;
#3721 = CARTESIAN_POINT ( 'NONE',  ( -2.390000000000008118, 0.9349829930005185696, 0.8399999999999915312 ) ) ;
#3722 = DIRECTION ( 'NONE',  ( -1.000000000000000000, 0.000000000000000000, -3.491481338843133750E-15 ) ) ;
#3723 = ORIENTED_EDGE ( 'NONE', *, *, #3510, .F. ) ;
#3724 = CARTESIAN_POINT ( 'NONE',  ( 1.250000000000000000, 0.000000000000000000, -2.499999999999989786 ) ) ;
#3725 = EDGE_CURVE ( 'NONE', #1233, #1711, #1769, .T. ) ;
#3726 = ADVANCED_FACE ( 'NONE', ( #3999 ), #87, .T. ) ;
#3727 = ORIENTED_EDGE ( 'NONE', *, *, #190, .T. ) ;
#3728 = PLANE ( 'NONE',  #3758 ) ;
#3729 = FACE_OUTER_BOUND ( 'NONE', #1530, .T. ) ;
#3730 = VERTEX_POINT ( 'NONE', #3040 ) ;
#3731 = FACE_OUTER_BOUND ( 'NONE', #213, .T. ) ;
#3732 = FACE_OUTER_BOUND ( 'NONE', #1814, .T. ) ;
#3733 = DIRECTION ( 'NONE',  ( -2.433723121784102677E-15, 0.000000000000000000, 1.000000000000000000 ) ) ;
#3734 = ORIENTED_EDGE ( 'NONE', *, *, #1374, .F. ) ;
#3735 = ORIENTED_EDGE ( 'NONE', *, *, #2035, .T. ) ;
#3736 = DIRECTION ( 'NONE',  ( -1.000000000000000000, 0.000000000000000000, -3.491481338843133355E-15 ) ) ;
#3737 = CARTESIAN_POINT ( 'NONE',  ( 2.999999999999996447, 0.05000000000000000278, 0.8400000000000085176 ) ) ;
#3738 = ADVANCED_FACE ( 'NONE', ( #791 ), #1097, .T. ) ;
#3739 = CARTESIAN_POINT ( 'NONE',  ( 3.000000000000007105, 0.04999999999999999584, -2.109999999999990550 ) ) ;
#3740 = ORIENTED_EDGE ( 'NONE', *, *, #341, .F. ) ;
#3741 = DIRECTION ( 'NONE',  ( 1.000000000000000000, 0.000000000000000000, -3.966593313971360706E-15 ) ) ;
#3742 = DIRECTION ( 'NONE',  ( -2.433723121784104254E-15, 0.000000000000000000, 1.000000000000000000 ) ) ;
#3743 = EDGE_LOOP ( 'NONE', ( #4006, #3338, #1020, #3134 ) ) ;
#3744 = VERTEX_POINT ( 'NONE', #1395 ) ;
#3745 = VERTEX_POINT ( 'NONE', #1077 ) ;
#3746 = DIRECTION ( 'NONE',  ( 3.491481338843133355E-15, 0.000000000000000000, -1.000000000000000000 ) ) ;
#3747 = EDGE_CURVE ( 'NONE', #2486, #3082, #1415, .T. ) ;
#3748 = ADVANCED_FACE ( 'NONE', ( #2669 ), #173, .F. ) ;
#3749 = DIRECTION ( 'NONE',  ( -1.000000000000000000, 0.000000000000000000, 0.000000000000000000 ) ) ;
#3750 = ORIENTED_EDGE ( 'NONE', *, *, #3533, .T. ) ;
#3751 = DIRECTION ( 'NONE',  ( 1.000000000000000000, 0.000000000000000000, 3.491481338843133355E-15 ) ) ;
#3752 = CARTESIAN_POINT ( 'NONE',  ( 2.389999999999993463, 0.2000000000000000111, 1.700000000000007505 ) ) ;
#3753 = PRESENTATION_STYLE_ASSIGNMENT (( #2144 ) ) ;
#3754 = ORIENTED_EDGE ( 'NONE', *, *, #956, .F. ) ;
#3755 = DIRECTION ( 'NONE',  ( -0.000000000000000000, -1.000000000000000000, -0.000000000000000000 ) ) ;
#3756 = DIRECTION ( 'NONE',  ( -1.000000000000000000, 0.000000000000000000, -3.491481338843133355E-15 ) ) ;
#3757 = CARTESIAN_POINT ( 'NONE',  ( -2.389999999999993907, 0.2000000000000000111, -1.700000000000008615 ) ) ;
#3758 = AXIS2_PLACEMENT_3D ( 'NONE', #2444, #516, #2276 ) ;
#3759 = LINE ( 'NONE', #963, #1567 ) ;
#3760 = EDGE_CURVE ( 'NONE', #1950, #909, #3644, .T. ) ;
#3761 = EDGE_LOOP ( 'NONE', ( #2543, #121, #1539, #3908 ) ) ;
#3762 = ORIENTED_EDGE ( 'NONE', *, *, #1458, .F. ) ;
#3763 = VECTOR ( 'NONE', #733, 1000.000000000000000 ) ;
#3764 = ORIENTED_EDGE ( 'NONE', *, *, #2977, .F. ) ;
#3765 = CARTESIAN_POINT ( 'NONE',  ( -2.999999999999998668, 0.04999999999999999584, -0.4300000000000108735 ) ) ;
#3766 = VECTOR ( 'NONE', #3938, 1000.000000000000000 ) ;
#3767 = ORIENTED_EDGE ( 'NONE', *, *, #367, .T. ) ;
#3768 = VECTOR ( 'NONE', #3238, 1000.000000000000000 ) ;
#3769 = EDGE_CURVE ( 'NONE', #2670, #1692, #1463, .T. ) ;
#3770 = EDGE_CURVE ( 'NONE', #3745, #3594, #3305, .T. ) ;
#3771 = LINE ( 'NONE', #275, #1969 ) ;
#3772 = DIRECTION ( 'NONE',  ( -1.000000000000000000, 0.000000000000000000, -3.491481338843133355E-15 ) ) ;
#3773 = VECTOR ( 'NONE', #3819, 999.9999999999998863 ) ;
#3774 = ORIENTED_EDGE ( 'NONE', *, *, #1210, .F. ) ;
#3775 =( GEOMETRIC_REPRESENTATION_CONTEXT ( 3 ) GLOBAL_UNCERTAINTY_ASSIGNED_CONTEXT ( ( #2219 ) ) GLOBAL_UNIT_ASSIGNED_CONTEXT ( ( #6, #1236, #672 ) ) REPRESENTATION_CONTEXT ( 'NONE', 'WORKASPACE' ) );
#3776 = VERTEX_POINT ( 'NONE', #2061 ) ;
#3777 = CARTESIAN_POINT ( 'NONE',  ( -3.000000000000007994, 0.2000000000000005107, 2.109999999999991438 ) ) ;
#3778 = PLANE ( 'NONE',  #780 ) ;
#3779 = VECTOR ( 'NONE', #773, 1000.000000000000000 ) ;
#3780 = CARTESIAN_POINT ( 'NONE',  ( 2.999999999999996891, 0.2000000000000000111, 0.8400000000000096279 ) ) ;
#3781 = ORIENTED_EDGE ( 'NONE', *, *, #3601, .F. ) ;
#3782 = VECTOR ( 'NONE', #1032, 1000.000000000000000 ) ;
#3783 = DIRECTION ( 'NONE',  ( -1.000000000000000000, 0.000000000000000000, 1.618614838246585705E-16 ) ) ;
#3784 = LINE ( 'NONE', #3, #1776 ) ;
#3785 = DIRECTION ( 'NONE',  ( -1.000000000000000000, 0.000000000000000000, -3.491481338843133355E-15 ) ) ;
#3786 = ORIENTED_EDGE ( 'NONE', *, *, #463, .F. ) ;
#3787 = VERTEX_POINT ( 'NONE', #2951 ) ;
#3788 = EDGE_LOOP ( 'NONE', ( #1192, #1343, #1501, #3010 ) ) ;
#3789 = LINE ( 'NONE', #658, #764 ) ;
#3790 = EDGE_CURVE ( 'NONE', #3744, #1965, #2629, .T. ) ;
#3791 = ORIENTED_EDGE ( 'NONE', *, *, #2409, .F. ) ;
#3792 = DIRECTION ( 'NONE',  ( 1.000000000000000000, 0.000000000000000000, 2.433723121784102677E-15 ) ) ;
#3793 = DIRECTION ( 'NONE',  ( 2.433723121784104649E-15, 0.000000000000000000, -1.000000000000000000 ) ) ;
#3794 = ORIENTED_EDGE ( 'NONE', *, *, #3269, .T. ) ;
#3795 = DIRECTION ( 'NONE',  ( 2.433723121784104254E-15, 0.000000000000000000, -1.000000000000000000 ) ) ;
#3796 = FACE_OUTER_BOUND ( 'NONE', #3184, .T. ) ;
#3797 = EDGE_CURVE ( 'NONE', #2294, #1701, #147, .T. ) ;
#3798 = DIRECTION ( 'NONE',  ( 1.000000000000000000, 0.000000000000000000, 3.491481338843133355E-15 ) ) ;
#3799 = ADVANCED_FACE ( 'NONE', ( #3346 ), #1119, .F. ) ;
#3800 = CARTESIAN_POINT ( 'NONE',  ( 1.000000000000000000, 6.112726612993349740, -2.159499999999999531 ) ) ;
#3801 = DIRECTION ( 'NONE',  ( 0.000000000000000000, 1.000000000000000000, 0.000000000000000000 ) ) ;
#3802 = LINE ( 'NONE', #906, #3350 ) ;
#3803 = VERTEX_POINT ( 'NONE', #1436 ) ;
#3804 = VERTEX_POINT ( 'NONE', #1728 ) ;
#3805 = UNCERTAINTY_MEASURE_WITH_UNIT (LENGTH_MEASURE( 1.000000000000000082E-05 ), #3930, 'distance_accuracy_value', 'NONE');
#3806 = CARTESIAN_POINT ( 'NONE',  ( -2.999999999999993783, 0.1999999999999999833, -1.700000000000011058 ) ) ;
#3807 = CARTESIAN_POINT ( 'NONE',  ( 2.389999999999999236, 0.1999999999999999833, -0.4299999999999926659 ) ) ;
#3808 = ORIENTED_EDGE ( 'NONE', *, *, #1296, .T. ) ;
#3809 = LINE ( 'NONE', #2869, #1767 ) ;
#3810 = DIRECTION ( 'NONE',  ( -1.000000000000000000, 0.000000000000000000, -3.846957460969528355E-15 ) ) ;
#3811 = ORIENTED_EDGE ( 'NONE', *, *, #1373, .F. ) ;
#3812 = ORIENTED_EDGE ( 'NONE', *, *, #3471, .T. ) ;
#3813 = DIRECTION ( 'NONE',  ( -1.000000000000000000, 0.000000000000000000, 1.322197771323783418E-15 ) ) ;
#3814 = DIRECTION ( 'NONE',  ( 3.404745165044293001E-15, 0.000000000000000000, -1.000000000000000000 ) ) ;
#3815 = CARTESIAN_POINT ( 'NONE',  ( 1.000000000000000000, 0.2000000000000000111, -2.499999999999989342 ) ) ;
#3816 = ORIENTED_EDGE ( 'NONE', *, *, #1265, .F. ) ;
#3817 = DIRECTION ( 'NONE',  ( 0.000000000000000000, 1.000000000000000000, 0.000000000000000000 ) ) ;
#3818 = ADVANCED_FACE ( 'NONE', ( #447 ), #3279, .F. ) ;
#3819 = DIRECTION ( 'NONE',  ( 0.7071067811865472397, 0.000000000000000000, -0.7071067811865479058 ) ) ;
#3820 = EDGE_CURVE ( 'NONE', #3369, #2400, #2782, .T. ) ;
#3821 = VECTOR ( 'NONE', #912, 1000.000000000000000 ) ;
#3822 = ORIENTED_EDGE ( 'NONE', *, *, #3720, .F. ) ;
#3823 = ORIENTED_EDGE ( 'NONE', *, *, #416, .F. ) ;
#3824 = DIRECTION ( 'NONE',  ( 2.433723121784104254E-15, 0.000000000000000000, -1.000000000000000000 ) ) ;
#3825 = ORIENTED_EDGE ( 'NONE', *, *, #2303, .T. ) ;
#3826 = VECTOR ( 'NONE', #1737, 1000.000000000000000 ) ;
#3827 = CARTESIAN_POINT ( 'NONE',  ( 2.389999999999999236, 1.000680784198103080E-17, -0.4299999999999926659 ) ) ;
#3828 = VECTOR ( 'NONE', #3377, 1000.000000000000000 ) ;
#3829 = AXIS2_PLACEMENT_3D ( 'NONE', #2297, #752, #3268 ) ;
#3830 = CYLINDRICAL_SURFACE ( 'NONE', #584, 0.3084292306793634530 ) ;
#3831 = ORIENTED_EDGE ( 'NONE', *, *, #3584, .T. ) ;
#3832 = VECTOR ( 'NONE', #597, 1000.000000000000000 ) ;
#3833 = VERTEX_POINT ( 'NONE', #2384 ) ;
#3834 = PLANE ( 'NONE',  #3555 ) ;
#3835 = PLANE ( 'NONE',  #1785 ) ;
#3836 = MECHANICAL_DESIGN_GEOMETRIC_PRESENTATION_REPRESENTATION (  '', ( #1173 ), #2898 ) ;
#3837 = LINE ( 'NONE', #1942, #3107 ) ;
#3838 =( GEOMETRIC_REPRESENTATION_CONTEXT ( 3 ) GLOBAL_UNCERTAINTY_ASSIGNED_CONTEXT ( ( #3339 ) ) GLOBAL_UNIT_ASSIGNED_CONTEXT ( ( #2273, #388, #1047 ) ) REPRESENTATION_CONTEXT ( 'NONE', 'WORKASPACE' ) );
#3839 = ADVANCED_FACE ( 'NONE', ( #809 ), #3100, .T. ) ;
#3840 = CARTESIAN_POINT ( 'NONE',  ( -1.249999999999999778, 6.112726612993349740, 2.159499999999999087 ) ) ;
#3841 = PLANE ( 'NONE',  #4039 ) ;
#3842 = VECTOR ( 'NONE', #3261, 1000.000000000000000 ) ;
#3843 = SURFACE_SIDE_STYLE ('',( #3190 ) ) ;
#3844 = CARTESIAN_POINT ( 'NONE',  ( 0.000000000000000000, 0.05000000000000000278, -2.159499999999999531 ) ) ;
#3845 = VECTOR ( 'NONE', #2430, 1000.000000000000000 ) ;
#3846 = ORIENTED_EDGE ( 'NONE', *, *, #3274, .F. ) ;
#3847 = ORIENTED_EDGE ( 'NONE', *, *, #3464, .T. ) ;
#3848 = VECTOR ( 'NONE', #880, 1000.000000000000000 ) ;
#3849 = DIRECTION ( 'NONE',  ( -1.000000000000000000, 0.000000000000000000, -3.491481338843133355E-15 ) ) ;
#3850 = ORIENTED_EDGE ( 'NONE', *, *, #3689, .F. ) ;
#3851 = ADVANCED_FACE ( 'NONE', ( #1798 ), #4084, .T. ) ;
#3852 = EDGE_CURVE ( 'NONE', #2696, #3744, #860, .T. ) ;
#3853 = AXIS2_PLACEMENT_3D ( 'NONE', #699, #2928, #1952 ) ;
#3854 = DIRECTION ( 'NONE',  ( -0.000000000000000000, -1.000000000000000000, 0.000000000000000000 ) ) ;
#3855 = FACE_OUTER_BOUND ( 'NONE', #1199, .T. ) ;
#3856 = ORIENTED_EDGE ( 'NONE', *, *, #162, .F. ) ;
#3857 = LINE ( 'NONE', #1017, #2295 ) ;
#3858 = CARTESIAN_POINT ( 'NONE',  ( -2.390000000000015223, 0.2000000000000000111, 2.109999999999991438 ) ) ;
#3859 = LINE ( 'NONE', #427, #916 ) ;
#3860 = ORIENTED_EDGE ( 'NONE', *, *, #3077, .F. ) ;
#3861 = DIRECTION ( 'NONE',  ( -1.000000000000000000, 0.000000000000000000, -3.491481338843133355E-15 ) ) ;
#3862 = CARTESIAN_POINT ( 'NONE',  ( 2.389999999999993019, 0.05000000000000000971, 2.540000000000005809 ) ) ;
#3863 = SHAPE_DEFINITION_REPRESENTATION ( #3402, #2705 ) ;
#3864 = VERTEX_POINT ( 'NONE', #2809 ) ;
#3865 = EDGE_LOOP ( 'NONE', ( #2277, #72, #94, #3550 ) ) ;
#3866 = CARTESIAN_POINT ( 'NONE',  ( -1.250000000000000000, 0.2000000000000000111, -2.499999999999989786 ) ) ;
#3867 = CARTESIAN_POINT ( 'NONE',  ( -2.362567907003926493, 1.600000000000000089, -1.517471814942471964 ) ) ;
#3868 = ORIENTED_EDGE ( 'NONE', *, *, #1979, .F. ) ;
#3869 = CARTESIAN_POINT ( 'NONE',  ( 2.390000000000007230, 0.1999999999999999833, -2.109999999999992326 ) ) ;
#3870 = EDGE_CURVE ( 'NONE', #4051, #1233, #2165, .T. ) ;
#3871 = EDGE_CURVE ( 'NONE', #2176, #501, #3682, .T. ) ;
#3872 = LINE ( 'NONE', #2524, #3782 ) ;
#3873 = ORIENTED_EDGE ( 'NONE', *, *, #1912, .T. ) ;
#3874 = CARTESIAN_POINT ( 'NONE',  ( -3.000000000000003109, 0.05000000000000000278, 0.8399999999999891998 ) ) ;
#3875 = FACE_OUTER_BOUND ( 'NONE', #266, .T. ) ;
#3876 = DIRECTION ( 'NONE',  ( -0.000000000000000000, -1.000000000000000000, -0.000000000000000000 ) ) ;
#3877 = PLANE ( 'NONE',  #3969 ) ;
#3878 = CARTESIAN_POINT ( 'NONE',  ( 1.000000000000000000, 0.000000000000000000, 2.499999999999989342 ) ) ;
#3879 = FACE_OUTER_BOUND ( 'NONE', #4048, .T. ) ;
#3880 = DIRECTION ( 'NONE',  ( -0.000000000000000000, -1.000000000000000000, 0.000000000000000000 ) ) ;
#3881 = ORIENTED_EDGE ( 'NONE', *, *, #3274, .T. ) ;
#3882 = VERTEX_POINT ( 'NONE', #241 ) ;
#3883 = LINE ( 'NONE', #1071, #3286 ) ;
#3884 = EDGE_LOOP ( 'NONE', ( #2710, #2785, #942, #952 ) ) ;
#3885 = EDGE_CURVE ( 'NONE', #3932, #3392, #198, .T. ) ;
#3886 = VECTOR ( 'NONE', #1151, 1000.000000000000000 ) ;
#3887 = CARTESIAN_POINT ( 'NONE',  ( -2.839999999999998970, 0.2000000000000000111, -0.4300000000000085976 ) ) ;
#3888 = DIRECTION ( 'NONE',  ( 0.000000000000000000, 1.000000000000000000, 0.000000000000000000 ) ) ;
#3889 = DIRECTION ( 'NONE',  ( 1.000000000000000000, 0.000000000000000000, 0.000000000000000000 ) ) ;
#3890 = EDGE_CURVE ( 'NONE', #2274, #3698, #522, .T. ) ;
#3891 = ADVANCED_FACE ( 'NONE', ( #3452 ), #4047, .F. ) ;
#3892 = VECTOR ( 'NONE', #452, 1000.000000000000000 ) ;
#3893 = DIRECTION ( 'NONE',  ( -1.000000000000000000, 0.000000000000000000, 0.000000000000000000 ) ) ;
#3894 = CARTESIAN_POINT ( 'NONE',  ( 2.999999999999991118, 0.05000000000000000278, 2.500000000000011102 ) ) ;
#3895 = VECTOR ( 'NONE', #2264, 1000.000000000000000 ) ;
#3896 = CARTESIAN_POINT ( 'NONE',  ( -3.000000000000000888, 0.9349829930005185696, -0.4300000000000108735 ) ) ;
#3897 = ADVANCED_FACE ( 'NONE', ( #3079 ), #1543, .F. ) ;
#3898 = EDGE_CURVE ( 'NONE', #1717, #3328, #3710, .T. ) ;
#3899 = CARTESIAN_POINT ( 'NONE',  ( 1.250000000000000000, 0.000000000000000000, 2.499999999999989786 ) ) ;
#3900 = PLANE ( 'NONE',  #1307 ) ;
#3901 = CARTESIAN_POINT ( 'NONE',  ( -1.249999999999999778, 0.2000000000000000111, -2.159499999999999087 ) ) ;
#3902 = CARTESIAN_POINT ( 'NONE',  ( 2.390000000000001457, 0.2000000000000000111, -0.4299999999999926659 ) ) ;
#3903 = VECTOR ( 'NONE', #2971, 1000.000000000000000 ) ;
#3904 = EDGE_LOOP ( 'NONE', ( #3120, #1691, #898, #2884, #51, #2340, #4075, #1622 ) ) ;
#3905 = ORIENTED_EDGE ( 'NONE', *, *, #3345, .F. ) ;
#3906 = CARTESIAN_POINT ( 'NONE',  ( -1.249999999999999778, 0.2000000000000000111, -2.159499999999999087 ) ) ;
#3907 = VECTOR ( 'NONE', #129, 1000.000000000000000 ) ;
#3908 = ORIENTED_EDGE ( 'NONE', *, *, #1253, .F. ) ;
#3909 = ORIENTED_EDGE ( 'NONE', *, *, #4105, .T. ) ;
#3910 = VECTOR ( 'NONE', #2002, 1000.000000000000000 ) ;
#3911 = LINE ( 'NONE', #2713, #361 ) ;
#3912 = EDGE_CURVE ( 'NONE', #3532, #1786, #1188, .T. ) ;
#3913 = CARTESIAN_POINT ( 'NONE',  ( 2.999999999999999112, 0.9349829930005185696, -0.4299999999999905009 ) ) ;
#3914 = ORIENTED_EDGE ( 'NONE', *, *, #3747, .F. ) ;
#3915 = DIRECTION ( 'NONE',  ( 6.368294698887134525E-16, -0.000000000000000000, 1.000000000000000000 ) ) ;
#3916 = DIRECTION ( 'NONE',  ( -0.000000000000000000, -1.000000000000000000, 0.000000000000000000 ) ) ;
#3917 = CARTESIAN_POINT ( 'NONE',  ( -2.390000000000008118, 0.2000000000000000111, 2.109999999999991438 ) ) ;
#3918 = VERTEX_POINT ( 'NONE', #2124 ) ;
#3919 = CARTESIAN_POINT ( 'NONE',  ( 2.999999999999993339, 0.2000000000000000111, 0.4300000000000098188 ) ) ;
#3920 = CARTESIAN_POINT ( 'NONE',  ( -1.278000000000000469, 0.2000000000000000111, -2.159499999999999975 ) ) ;
#3921 = ADVANCED_FACE ( 'NONE', ( #216 ), #4067, .T. ) ;
#3922 = EDGE_CURVE ( 'NONE', #3179, #531, #2870, .T. ) ;
#3923 = FACE_OUTER_BOUND ( 'NONE', #3174, .T. ) ;
#3924 = EDGE_LOOP ( 'NONE', ( #2337, #1808, #1896, #3053 ) ) ;
#3925 = ORIENTED_EDGE ( 'NONE', *, *, #1992, .T. ) ;
#3926 = PLANE ( 'NONE',  #1297 ) ;
#3927 = DIRECTION ( 'NONE',  ( -1.000000000000000000, 0.000000000000000000, -3.846957460969528355E-15 ) ) ;
#3928 = EDGE_LOOP ( 'NONE', ( #1695, #2318, #2888, #2843 ) ) ;
#3929 = VERTEX_POINT ( 'NONE', #2266 ) ;
#3930 =( LENGTH_UNIT ( ) NAMED_UNIT ( * ) SI_UNIT ( .MILLI., .METRE. ) );
#3931 = DIRECTION ( 'NONE',  ( 0.000000000000000000, -1.000000000000000000, 0.000000000000000000 ) ) ;
#3932 = VERTEX_POINT ( 'NONE', #664 ) ;
#3933 = DIRECTION ( 'NONE',  ( 0.000000000000000000, 1.000000000000000000, 0.000000000000000000 ) ) ;
#3934 = DIRECTION ( 'NONE',  ( 0.000000000000000000, -1.000000000000000000, 0.000000000000000000 ) ) ;
#3935 = DIRECTION ( 'NONE',  ( 3.404745165044293001E-15, 0.000000000000000000, -1.000000000000000000 ) ) ;
#3936 = DIRECTION ( 'NONE',  ( 0.000000000000000000, 0.000000000000000000, 1.000000000000000000 ) ) ;
#3937 = VERTEX_POINT ( 'NONE', #3197 ) ;
#3938 = DIRECTION ( 'NONE',  ( -0.000000000000000000, -1.000000000000000000, -0.000000000000000000 ) ) ;
#3939 = CARTESIAN_POINT ( 'NONE',  ( -2.390000000000014335, 0.2000000000000000111, 1.699999999999991518 ) ) ;
#3940 = CARTESIAN_POINT ( 'NONE',  ( 2.999999999999992450, 0.2000000000000000111, 2.110000000000009646 ) ) ;
#3941 = EDGE_LOOP ( 'NONE', ( #2798, #150, #3734, #3316 ) ) ;
#3942 = EDGE_CURVE ( 'NONE', #3776, #2221, #1621, .T. ) ;
#3943 = EDGE_CURVE ( 'NONE', #3422, #3532, #3872, .T. ) ;
#3944 = VERTEX_POINT ( 'NONE', #1012 ) ;
#3945 = FACE_OUTER_BOUND ( 'NONE', #2562, .T. ) ;
#3946 = ORIENTED_EDGE ( 'NONE', *, *, #5, .F. ) ;
#3947 = EDGE_LOOP ( 'NONE', ( #1871, #1172, #3967, #461 ) ) ;
#3948 = LINE ( 'NONE', #3968, #3565 ) ;
#3949 = CARTESIAN_POINT ( 'NONE',  ( -1.250000000000000000, 0.1999999999999996503, 2.499999999999989786 ) ) ;
#3950 = VERTEX_POINT ( 'NONE', #2280 ) ;
#3951 = AXIS2_PLACEMENT_3D ( 'NONE', #3449, #3746, #1498 ) ;
#3952 = LINE ( 'NONE', #2401, #3223 ) ;
#3953 = MECHANICAL_DESIGN_GEOMETRIC_PRESENTATION_REPRESENTATION (  '', ( #830 ), #1516 ) ;
#3954 = LINE ( 'NONE', #128, #1589 ) ;
#3955 = VECTOR ( 'NONE', #821, 1000.000000000000000 ) ;
#3956 = ORIENTED_EDGE ( 'NONE', *, *, #3058, .T. ) ;
#3957 = FACE_OUTER_BOUND ( 'NONE', #3884, .T. ) ;
#3958 = CARTESIAN_POINT ( 'NONE',  ( -2.390000000000007230, 0.9349829930005185696, 0.4299999999999916112 ) ) ;
#3959 = EDGE_CURVE ( 'NONE', #2442, #3172, #954, .T. ) ;
#3960 = CARTESIAN_POINT ( 'NONE',  ( 2.389999999999985025, 3.002042352594308776E-17, 2.110000000000007425 ) ) ;
#3961 = ORIENTED_EDGE ( 'NONE', *, *, #74, .F. ) ;
#3962 = VECTOR ( 'NONE', #3854, 1000.000000000000000 ) ;
#3963 = DIRECTION ( 'NONE',  ( 1.000000000000000000, 0.000000000000000000, 3.318008991245452646E-15 ) ) ;
#3964 = CARTESIAN_POINT ( 'NONE',  ( 2.389999999999993463, 0.2000000000000000111, 1.700000000000007505 ) ) ;
#3965 = EDGE_LOOP ( 'NONE', ( #230, #886, #2167, #2733 ) ) ;
#3966 = CARTESIAN_POINT ( 'NONE',  ( -1.249999999999998446, 0.05000000000000000278, -7.960368373608908788E-16 ) ) ;
#3967 = ORIENTED_EDGE ( 'NONE', *, *, #1079, .F. ) ;
#3968 = CARTESIAN_POINT ( 'NONE',  ( 2.390000000000007230, 0.000000000000000000, -2.109999999999992326 ) ) ;
#3969 = AXIS2_PLACEMENT_3D ( 'NONE', #741, #2912, #3280 ) ;
#3970 = EDGE_CURVE ( 'NONE', #742, #1088, #3491, .T. ) ;
#3971 = ADVANCED_FACE ( 'NONE', ( #2854 ), #643, .F. ) ;
#3972 =( NAMED_UNIT ( * ) SI_UNIT ( $, .STERADIAN. ) SOLID_ANGLE_UNIT ( ) );
#3973 = ORIENTED_EDGE ( 'NONE', *, *, #2559, .F. ) ;
#3974 = DIRECTION ( 'NONE',  ( 1.000000000000000000, 0.000000000000000000, 3.491481338843133355E-15 ) ) ;
#3975 = VECTOR ( 'NONE', #3935, 1000.000000000000000 ) ;
#3976 = LINE ( 'NONE', #933, #1168 ) ;
#3977 = DIRECTION ( 'NONE',  ( 0.000000000000000000, 0.000000000000000000, 1.000000000000000000 ) ) ;
#3978 = FILL_AREA_STYLE_COLOUR ( '', #2690 ) ;
#3979 = VECTOR ( 'NONE', #577, 1000.000000000000000 ) ;
#3980 = CARTESIAN_POINT ( 'NONE',  ( -2.839999999999998970, 0.2000000000000000111, -0.8400000000000097389 ) ) ;
#3981 = ORIENTED_EDGE ( 'NONE', *, *, #1090, .T. ) ;
#3982 = CARTESIAN_POINT ( 'NONE',  ( 1.250000000000000000, 0.2000000000000000111, 2.499999999999989786 ) ) ;
#3983 = DIRECTION ( 'NONE',  ( 0.000000000000000000, -1.000000000000000000, 0.000000000000000000 ) ) ;
#3984 = CARTESIAN_POINT ( 'NONE',  ( -2.390000000000008118, 0.2000000000000000111, 2.109999999999991438 ) ) ;
#3985 = DIRECTION ( 'NONE',  ( -2.433723121784104254E-15, 0.000000000000000000, 1.000000000000000000 ) ) ;
#3986 = EDGE_LOOP ( 'NONE', ( #2580, #186, #1953, #8 ) ) ;
#3987 = DIRECTION ( 'NONE',  ( 3.491481338843133355E-15, 0.000000000000000000, -1.000000000000000000 ) ) ;
#3988 = CARTESIAN_POINT ( 'NONE',  ( 2.999999999999992450, 0.2000000000000000111, 0.8400000000000096279 ) ) ;
#3989 = ORIENTED_EDGE ( 'NONE', *, *, #2714, .T. ) ;
#3990 = PLANE ( 'NONE',  #3094 ) ;
#3991 = ORIENTED_EDGE ( 'NONE', *, *, #60, .T. ) ;
#3992 = FILL_AREA_STYLE_COLOUR ( '', #1368 ) ;
#3993 = DIRECTION ( 'NONE',  ( -2.780529094590343356E-15, 0.000000000000000000, 1.000000000000000000 ) ) ;
#3994 = CARTESIAN_POINT ( 'NONE',  ( -3.000000000000002220, 0.2000000000000000111, 0.4299999999999898348 ) ) ;
#3995 = VERTEX_POINT ( 'NONE', #1310 ) ;
#3996 = EDGE_CURVE ( 'NONE', #1795, #2200, #1918, .T. ) ;
#3997 = ADVANCED_FACE ( 'NONE', ( #356 ), #721, .F. ) ;
#3998 = CARTESIAN_POINT ( 'NONE',  ( -3.000000000000009326, 0.05000000000000000278, 2.499999999999990230 ) ) ;
#3999 = FACE_OUTER_BOUND ( 'NONE', #524, .T. ) ;
#4000 = DIRECTION ( 'NONE',  ( -1.000000000000000000, -0.000000000000000000, 1.734723475976807094E-15 ) ) ;
#4001 = ORIENTED_EDGE ( 'NONE', *, *, #2206, .F. ) ;
#4002 = DIRECTION ( 'NONE',  ( 0.000000000000000000, -1.000000000000000000, 0.000000000000000000 ) ) ;
#4003 = LINE ( 'NONE', #2106, #1372 ) ;
#4004 = CARTESIAN_POINT ( 'NONE',  ( -2.362567907003926493, 1.500000000000000000, -2.134330276301198648 ) ) ;
#4005 = DIRECTION ( 'NONE',  ( 2.433723121784104649E-15, 0.000000000000000000, -1.000000000000000000 ) ) ;
#4006 = ORIENTED_EDGE ( 'NONE', *, *, #1070, .F. ) ;
#4007 = FACE_OUTER_BOUND ( 'NONE', #3152, .T. ) ;
#4008 = CARTESIAN_POINT ( 'NONE',  ( -2.839999999999998970, 0.2000000000000000944, -0.8400000000000095168 ) ) ;
#4009 = ORIENTED_EDGE ( 'NONE', *, *, #2801, .T. ) ;
#4010 = CARTESIAN_POINT ( 'NONE',  ( 2.389999999999992575, 0.9349829930005185696, 0.8400000000000074074 ) ) ;
#4011 = ORIENTED_EDGE ( 'NONE', *, *, #3458, .F. ) ;
#4012 = CARTESIAN_POINT ( 'NONE',  ( 2.389999999999992575, 0.05000000000000000278, 2.110000000000007425 ) ) ;
#4013 = LINE ( 'NONE', #3033, #3821 ) ;
#4014 = ADVANCED_FACE ( 'NONE', ( #1285 ), #1602, .F. ) ;
#4015 = LINE ( 'NONE', #1204, #3979 ) ;
#4016 = CARTESIAN_POINT ( 'NONE',  ( -2.999999999999993783, 0.04999999999999999584, -1.700000000000011058 ) ) ;
#4017 = DIRECTION ( 'NONE',  ( -3.404745165044293001E-15, 0.000000000000000000, 1.000000000000000000 ) ) ;
#4018 = AXIS2_PLACEMENT_3D ( 'NONE', #3234, #3006, #2010 ) ;
#4019 = ADVANCED_FACE ( 'NONE', ( #1998 ), #3216, .T. ) ;
#4020 = ADVANCED_FACE ( 'NONE', ( #3855 ), #3830, .T. ) ;
#4021 = ORIENTED_EDGE ( 'NONE', *, *, #3157, .T. ) ;
#4022 = CARTESIAN_POINT ( 'NONE',  ( -2.390000000000007230, 0.2000000000000000111, 1.699999999999991518 ) ) ;
#4023 = LINE ( 'NONE', #1532, #103 ) ;
#4024 = VECTOR ( 'NONE', #119, 1000.000000000000000 ) ;
#4025 = EDGE_CURVE ( 'NONE', #590, #1490, #2907, .T. ) ;
#4026 = LINE ( 'NONE', #1195, #2779 ) ;
#4027 = ADVANCED_FACE ( 'NONE', ( #1332 ), #2586, .T. ) ;
#4028 = MANIFOLD_SOLID_BREP ( 'Boss-Extrude4', #1093 ) ;
#4029 = ORIENTED_EDGE ( 'NONE', *, *, #2012, .T. ) ;
#4030 = DIRECTION ( 'NONE',  ( -1.734723475976807292E-15, 0.000000000000000000, -1.000000000000000000 ) ) ;
#4031 = VECTOR ( 'NONE', #4146, 1000.000000000000000 ) ;
#4032 = AXIS2_PLACEMENT_3D ( 'NONE', #1694, #2660, #98 ) ;
#4033 = LINE ( 'NONE', #3988, #962 ) ;
#4034 = ORIENTED_EDGE ( 'NONE', *, *, #3264, .F. ) ;
#4035 = AXIS2_PLACEMENT_3D ( 'NONE', #2588, #359, #1335 ) ;
#4036 = DIRECTION ( 'NONE',  ( -1.000000000000000000, 0.000000000000000000, -3.491481338843133355E-15 ) ) ;
#4037 = EDGE_LOOP ( 'NONE', ( #1874, #3781, #2072, #3007 ) ) ;
#4038 = DIRECTION ( 'NONE',  ( -1.000000000000000000, 0.000000000000000000, 0.000000000000000000 ) ) ;
#4039 = AXIS2_PLACEMENT_3D ( 'NONE', #1811, #3521, #671 ) ;
#4040 = DIRECTION ( 'NONE',  ( -0.000000000000000000, -1.000000000000000000, 0.000000000000000000 ) ) ;
#4041 = SURFACE_STYLE_USAGE ( .BOTH. , #1500 ) ;
#4042 = ORIENTED_EDGE ( 'NONE', *, *, #2459, .T. ) ;
#4043 = VECTOR ( 'NONE', #1267, 1000.000000000000000 ) ;
#4044 = VECTOR ( 'NONE', #3227, 1000.000000000000000 ) ;
#4045 = LINE ( 'NONE', #3752, #2362 ) ;
#4046 = ADVANCED_FACE ( 'NONE', ( #1743 ), #1056, .F. ) ;
#4047 = PLANE ( 'NONE',  #2700 ) ;
#4048 = EDGE_LOOP ( 'NONE', ( #4085, #2985, #237, #3633 ) ) ;
#4049 = CARTESIAN_POINT ( 'NONE',  ( 2.999999999999992450, 0.2000000000000000111, 2.110000000000009646 ) ) ;
#4050 = AXIS2_PLACEMENT_3D ( 'NONE', #1735, #454, #816 ) ;
#4051 = VERTEX_POINT ( 'NONE', #3994 ) ;
#4052 = CARTESIAN_POINT ( 'NONE',  ( -1.278000000000000469, 6.112726612993349740, -2.159499999999999975 ) ) ;
#4053 = VECTOR ( 'NONE', #2343, 1000.000000000000000 ) ;
#4054 = CARTESIAN_POINT ( 'NONE',  ( -2.362567907003926493, 1.600000000000000089, -2.134330276301198648 ) ) ;
#4055 = LINE ( 'NONE', #1752, #1582 ) ;
#4056 = VERTEX_POINT ( 'NONE', #2970 ) ;
#4057 = DIRECTION ( 'NONE',  ( 0.000000000000000000, 1.000000000000000000, 0.000000000000000000 ) ) ;
#4058 = ADVANCED_FACE ( 'NONE', ( #2058 ), #1460, .F. ) ;
#4059 = EDGE_CURVE ( 'NONE', #1001, #1538, #786, .T. ) ;
#4060 = CARTESIAN_POINT ( 'NONE',  ( 2.389999999999997016, 0.2000000000000000111, 0.8400000000000074074 ) ) ;
#4061 = EDGE_LOOP ( 'NONE', ( #2993, #3812, #3909, #4029 ) ) ;
#4062 = LINE ( 'NONE', #2359, #346 ) ;
#4063 = ORIENTED_EDGE ( 'NONE', *, *, #2523, .T. ) ;
#4064 = CARTESIAN_POINT ( 'NONE',  ( 2.389999999999999236, 0.9349829930005185696, -0.4299999999999926659 ) ) ;
#4065 = EDGE_LOOP ( 'NONE', ( #2771, #782, #1270, #106 ) ) ;
#4066 = DIRECTION ( 'NONE',  ( 0.000000000000000000, 1.000000000000000000, 0.000000000000000000 ) ) ;
#4067 = PLANE ( 'NONE',  #1526 ) ;
#4068 = EDGE_CURVE ( 'NONE', #1761, #3275, #828, .T. ) ;
#4069 = ORIENTED_EDGE ( 'NONE', *, *, #3586, .T. ) ;
#4070 = LINE ( 'NONE', #2811, #3552 ) ;
#4071 = LINE ( 'NONE', #3125, #3845 ) ;
#4072 = CARTESIAN_POINT ( 'NONE',  ( 1.249999999999999778, 0.000000000000000000, 2.159499999999999087 ) ) ;
#4073 = CARTESIAN_POINT ( 'NONE',  ( 1.578000000000000513, 0.2000000000000000111, -2.159499999999999531 ) ) ;
#4074 = CARTESIAN_POINT ( 'NONE',  ( 2.999999999999999112, 0.1999999999999999833, -0.4299999999999905009 ) ) ;
#4075 = ORIENTED_EDGE ( 'NONE', *, *, #1788, .F. ) ;
#4076 = EDGE_CURVE ( 'NONE', #3630, #2131, #443, .T. ) ;
#4077 = EDGE_CURVE ( 'NONE', #3139, #1774, #2686, .T. ) ;
#4078 = ORIENTED_EDGE ( 'NONE', *, *, #2283, .T. ) ;
#4079 = ORIENTED_EDGE ( 'NONE', *, *, #3677, .T. ) ;
#4080 = FACE_OUTER_BOUND ( 'NONE', #2126, .T. ) ;
#4081 =( NAMED_UNIT ( * ) SI_UNIT ( $, .STERADIAN. ) SOLID_ANGLE_UNIT ( ) );
#4082 = ORIENTED_EDGE ( 'NONE', *, *, #475, .F. ) ;
#4083 = DIRECTION ( 'NONE',  ( -1.000000000000000000, 0.000000000000000000, -3.491481338843133355E-15 ) ) ;
#4084 = PLANE ( 'NONE',  #441 ) ;
#4085 = ORIENTED_EDGE ( 'NONE', *, *, #343, .F. ) ;
#4086 = CARTESIAN_POINT ( 'NONE',  ( -1.578000000000000291, 0.1999999999999996503, -1.859500000000000375 ) ) ;
#4087 = CARTESIAN_POINT ( 'NONE',  ( 1.000000000000000000, 0.2000000000000000111, 2.499999999999989342 ) ) ;
#4088 = DIRECTION ( 'NONE',  ( 1.000000000000000000, 0.000000000000000000, -1.734723475976807292E-15 ) ) ;
#4089 = MANIFOLD_SOLID_BREP ( 'LPattern3[2]', #2953 ) ;
#4090 = CARTESIAN_POINT ( 'NONE',  ( 8.565858261521131529E-15, 0.05000000000000000278, 2.159499999999994202 ) ) ;
#4091 = EDGE_CURVE ( 'NONE', #2462, #4122, #3034, .T. ) ;
#4092 = VECTOR ( 'NONE', #887, 1000.000000000000000 ) ;
#4093 = ORIENTED_EDGE ( 'NONE', *, *, #805, .F. ) ;
#4094 = ORIENTED_EDGE ( 'NONE', *, *, #812, .F. ) ;
#4095 = AXIS2_PLACEMENT_3D ( 'NONE', #2387, #1100, #496 ) ;
#4096 = EDGE_LOOP ( 'NONE', ( #1655, #2146, #948, #1827 ) ) ;
#4097 = CARTESIAN_POINT ( 'NONE',  ( 1.249999999999999778, 0.2000000000000000111, -2.159499999999999087 ) ) ;
#4098 = VECTOR ( 'NONE', #3344, 1000.000000000000000 ) ;
#4099 =( NAMED_UNIT ( * ) SI_UNIT ( $, .STERADIAN. ) SOLID_ANGLE_UNIT ( ) );
#4100 = VERTEX_POINT ( 'NONE', #3949 ) ;
#4101 = DIRECTION ( 'NONE',  ( 1.000000000000000000, -0.000000000000000000, 2.008246672814085661E-16 ) ) ;
#4102 = VECTOR ( 'NONE', #3562, 1000.000000000000000 ) ;
#4103 = LINE ( 'NONE', #1862, #3098 ) ;
#4104 = EDGE_CURVE ( 'NONE', #531, #3567, #1559, .T. ) ;
#4105 = EDGE_CURVE ( 'NONE', #39, #3698, #1220, .T. ) ;
#4106 = STYLED_ITEM ( 'NONE', ( #3753 ), #2703 ) ;
#4107 = EDGE_LOOP ( 'NONE', ( #4093, #616, #1454, #2059 ) ) ;
#4108 = CARTESIAN_POINT ( 'NONE',  ( 2.390000000000006342, 0.000000000000000000, -1.699999999999992850 ) ) ;
#4109 = DIRECTION ( 'NONE',  ( 1.000000000000000000, 0.000000000000000000, 3.491481338843133355E-15 ) ) ;
#4110 = VECTOR ( 'NONE', #1469, 1000.000000000000000 ) ;
#4111 = DIRECTION ( 'NONE',  ( 0.000000000000000000, 0.000000000000000000, 1.000000000000000000 ) ) ;
#4112 = VECTOR ( 'NONE', #3733, 1000.000000000000000 ) ;
#4113 = CARTESIAN_POINT ( 'NONE',  ( -3.000000000000003109, 0.05000000000000000971, 0.4299999999999898348 ) ) ;
#4114 = PLANE ( 'NONE',  #2963 ) ;
#4115 =( NAMED_UNIT ( * ) PLANE_ANGLE_UNIT ( ) SI_UNIT ( $, .RADIAN. ) );
#4116 = COLOUR_RGB ( '',0.7921568627450980005, 0.8196078431372548767, 0.9333333333333333481 ) ;
#4117 = VERTEX_POINT ( 'NONE', #2787 ) ;
#4118 = ADVANCED_FACE ( 'NONE', ( #1794 ), #553, .F. ) ;
#4119 = VERTEX_POINT ( 'NONE', #2094 ) ;
#4120 = ORIENTED_EDGE ( 'NONE', *, *, #2063, .T. ) ;
#4121 = PLANE ( 'NONE',  #970 ) ;
#4122 = VERTEX_POINT ( 'NONE', #2739 ) ;
#4123 = CARTESIAN_POINT ( 'NONE',  ( 2.390000000000006342, 0.1999999999999999833, -1.699999999999992850 ) ) ;
#4124 = DIRECTION ( 'NONE',  ( -0.7071067811865472397, 0.000000000000000000, 0.7071067811865479058 ) ) ;
#4125 = DIRECTION ( 'NONE',  ( 0.000000000000000000, -1.000000000000000000, 0.000000000000000000 ) ) ;
#4126 = ORIENTED_EDGE ( 'NONE', *, *, #2715, .T. ) ;
#4127 = ADVANCED_FACE ( 'NONE', ( #3729 ), #1183, .T. ) ;
#4128 = EDGE_CURVE ( 'NONE', #1739, #276, #4015, .T. ) ;
#4129 = EDGE_LOOP ( 'NONE', ( #570, #4034, #3066, #3981 ) ) ;
#4130 = CARTESIAN_POINT ( 'NONE',  ( -3.000000000000009326, 0.05000000000000000278, 2.499999999999990230 ) ) ;
#4131 = PLANE ( 'NONE',  #1856 ) ;
#4132 = CARTESIAN_POINT ( 'NONE',  ( 2.999999999999993339, 2.001361568396206159E-17, 0.4300000000000098188 ) ) ;
#4133 = FACE_OUTER_BOUND ( 'NONE', #2899, .T. ) ;
#4134 = LINE ( 'NONE', #2553, #2300 ) ;
#4135 =( LENGTH_UNIT ( ) NAMED_UNIT ( * ) SI_UNIT ( .MILLI., .METRE. ) );
#4136 = ORIENTED_EDGE ( 'NONE', *, *, #1413, .T. ) ;
#4137 = EDGE_LOOP ( 'NONE', ( #2864, #3905, #373, #21 ) ) ;
#4138 = UNCERTAINTY_MEASURE_WITH_UNIT (LENGTH_MEASURE( 1.000000000000000082E-05 ), #3320, 'distance_accuracy_value', 'NONE');
#4139 = DIRECTION ( 'NONE',  ( -1.000000000000000000, 0.000000000000000000, -3.491481338843133750E-15 ) ) ;
#4140 = ORIENTED_EDGE ( 'NONE', *, *, #586, .F. ) ;
#4141 = LINE ( 'NONE', #1619, #3768 ) ;
#4142 = EDGE_CURVE ( 'NONE', #3349, #1261, #594, .T. ) ;
#4143 = DIRECTION ( 'NONE',  ( 1.000000000000000000, 0.000000000000000000, 2.433723121784104254E-15 ) ) ;
#4144 = ORIENTED_EDGE ( 'NONE', *, *, #4076, .T. ) ;
#4145 = ORIENTED_EDGE ( 'NONE', *, *, #3423, .T. ) ;
#4146 = DIRECTION ( 'NONE',  ( 2.433723121784104254E-15, 0.000000000000000000, -1.000000000000000000 ) ) ;
#4147 = CARTESIAN_POINT ( 'NONE',  ( -2.389999999999993463, 0.2000000000000000111, -2.110000000000008757 ) ) ;
ENDSEC;
END-ISO-10303-21;
